{
  "experiment_id": "s3_sigma0.05_nx100_T0.3_lam1.0_m5_seed101",
  "config": {
    "s": 3,
    "sensor_positions": [
      0.25,
      0.5,
      0.75
    ],
    "placement_type": "fixed",
    "sigma": 0.05,
    "n_x": 100,
    "T": 0.3,
    "lambda": 1.0,
    "c": 1.0,
    "m": 5,
    "n_t": 50,
    "seed": 101,
    "delta": 0.05,
    "alpha": 0.001,
    "M": 2000,
    "R": 100,
    "n": 150,
    "Delta_x": 0.01,
    "Delta_t": 0.006122448979591836,
    "mcmc_n_steps": 10000,
    "mcmc_n_burn": 2000,
    "is_baseline": false
  },
  "status": "success",
  "dataset": {
    "kappa_star": [
      2.3073951969585615,
      2.4973365540384895,
      0.5996597926733394,
      1.1003257967878608,
      2.898469435940594
    ],
    "n_observations": 150
  },
  "mcmc": {
    "acceptance_rate": 0.249425,
    "ess_min": 107.8444904027927,
    "ess_mean": 356.44913020303784,
    "ess_per_coord": [
      741.9489391050035,
      568.9052928773906,
      255.09271889976466,
      107.8444904027927,
      108.45420973023795
    ],
    "n_chunks": 8,
    "total_steps": 40000,
    "converged": false,
    "efficiency": 0.0026961122600698173,
    "n_forward_evals": 40000
  },
  "certificate": {
    "L_hat": 403.91955347350495,
    "KL": 0.0,
    "eta_h": 5e-05,
    "delta_term": 0.01997154849035994,
    "B_lambda": 403.93957502199527,
    "components": {
      "empirical_term": 403.91955347350495,
      "kl_term": 0.0,
      "discretization_term": 5e-05,
      "confidence_term": 0.01997154849035994
    },
    "valid": true
  },
  "posterior_summary": {
    "mean": [
      3.048832989138375,
      2.7741702247032554,
      2.309153234675151,
      2.3018991182325212,
      2.3721764083344223
    ],
    "std": [
      0.06343714456057871,
      0.03375490528244497,
      0.02049055639341115,
      0.0634316799719559,
      0.11137422089381374
    ]
  },
  "performance": {
    "runtime": 5376.842321872711,
    "test_log_posterior": -29157.90620258092
  }
}