{
  "experiment_id": "s3_sigma0.05_nx100_T0.5_lam1.0_m3_seed101",
  "config": {
    "n_x": 100,
    "n_t": 50,
    "T": 0.5,
    "lambda": 1.0,
    "placement_type": "fixed",
    "delta": 0.05,
    "alpha": 0.001,
    "M": 2000,
    "R": 100,
    "s": 3,
    "sigma": 0.05,
    "m": 3,
    "c": 0.5,
    "seed": 101,
    "n": 150,
    "sensor_positions": [
      0.25,
      0.5,
      0.75
    ],
    "Delta_x": 0.01,
    "Delta_t": 0.01020408163265306,
    "mcmc_n_steps": 10000,
    "mcmc_n_burn": 2000,
    "exp_id": 0
  },
  "dataset": {
    "kappa_star": [
      2.3073951969585615,
      2.4973365540384895,
      0.5996597926733394
    ],
    "n_observations": 150
  },
  "mcmc": {
    "acceptance_rate": 0.50972,
    "ess_min": 80.75116463304857,
    "ess_mean": 89.59539845617535,
    "ess_per_coord": [
      89.26259721474322,
      80.75116463304857,
      98.77243352073427
    ],
    "n_chunks": 25,
    "total_steps": 50000,
    "converged": false,
    "efficiency": 0.0016150232926609716,
    "n_forward_evals": 50000
  },
  "certificate": {
    "L_hat": 0.9058606901117866,
    "KL": 3.3336091914868007,
    "eta_h": 5e-05,
    "delta_term": 0.01997154849035994,
    "B_lambda": 0.9481062998787253,
    "components": {
      "empirical_term": 0.9058606901117866,
      "kl_term": 0.02222406127657867,
      "discretization_term": 5e-05,
      "confidence_term": 0.01997154849035994
    },
    "valid": true
  },
  "posterior_summary": {
    "mean": [
      0.6609851662875055,
      1.1126693360636106,
      1.6729575531636458
    ],
    "std": [
      0.43473352994124775,
      0.6171872114810844,
      0.1628212754628183
    ]
  },
  "performance": {
    "runtime": 109.7307710647583,
    "test_log_posterior": -158.70341914017018
  }
}