{
  "experiment_id": "s3_sigma0.05_nx100_T0.5_lam1.0_m5_seed101",
  "config": {
    "n_x": 100,
    "n_t": 50,
    "T": 0.5,
    "lambda": 1.0,
    "placement_type": "fixed",
    "delta": 0.05,
    "alpha": 0.001,
    "M": 2000,
    "R": 100,
    "s": 3,
    "sigma": 0.05,
    "m": 5,
    "c": 2.0,
    "seed": 101,
    "n": 150,
    "sensor_positions": [
      0.25,
      0.5,
      0.75
    ],
    "Delta_x": 0.01,
    "Delta_t": 0.01020408163265306,
    "mcmc_n_steps": 10000,
    "mcmc_n_burn": 2000,
    "exp_id": 15
  },
  "dataset": {
    "kappa_star": [
      2.3073951969585615,
      2.4973365540384895,
      0.5996597926733394,
      1.1003257967878608,
      2.898469435940594
    ],
    "n_observations": 150
  },
  "mcmc": {
    "acceptance_rate": 0.6532733333333334,
    "ess_min": 48.951787910539316,
    "ess_mean": 70.53467049837874,
    "ess_per_coord": [
      61.14792358440384,
      48.951787910539316,
      64.97542037016665,
      93.29697180980229,
      84.30124881698158
    ],
    "n_chunks": 25,
    "total_steps": 50000,
    "converged": false,
    "efficiency": 0.0009790357582107863,
    "n_forward_evals": 50000
  },
  "certificate": {
    "L_hat": 0.9931513382170416,
    "KL": 0.7990200348152712,
    "eta_h": 5e-05,
    "delta_term": 0.01997154849035994,
    "B_lambda": 1.0184996869395035,
    "components": {
      "empirical_term": 0.9931513382170416,
      "kl_term": 0.005326800232101808,
      "discretization_term": 5e-05,
      "confidence_term": 0.01997154849035994
    },
    "valid": true
  },
  "posterior_summary": {
    "mean": [
      1.0060576778326689,
      1.0424943830107833,
      0.9341340027614196,
      1.4918450237289549,
      0.867373907442593
    ],
    "std": [
      0.765152334125695,
      0.7483081164931971,
      0.6258064635684419,
      0.8374028668157977,
      0.6467001893750792
    ]
  },
  "performance": {
    "runtime": 395.8179130554199,
    "test_log_posterior": -165.33996435889895
  }
}