{
  "experiment_id": "s3_sigma0.2_nx100_T0.5_lam1.0_m5_seed202",
  "config": {
    "n_x": 100,
    "n_t": 50,
    "T": 0.5,
    "lambda": 1.0,
    "placement_type": "fixed",
    "delta": 0.05,
    "alpha": 0.001,
    "M": 2000,
    "R": 100,
    "s": 3,
    "sigma": 0.2,
    "m": 5,
    "c": 1.0,
    "seed": 202,
    "n": 150,
    "sensor_positions": [
      0.25,
      0.5,
      0.75
    ],
    "Delta_x": 0.01,
    "Delta_t": 0.01020408163265306,
    "mcmc_n_steps": 10000,
    "mcmc_n_burn": 2000,
    "exp_id": 49
  },
  "dataset": {
    "kappa_star": [
      1.2847216299636934,
      1.4241900884838463,
      3.920764034845088,
      3.9752807832159958,
      3.9824723567684557
    ],
    "n_observations": 150
  },
  "mcmc": {
    "acceptance_rate": 0.8822666666666666,
    "ess_min": 77.58293074862453,
    "ess_mean": 179.07148469201738,
    "ess_per_coord": [
      90.50017640004818,
      77.58293074862453,
      254.89405812214665,
      198.06856077094076,
      274.3116974183269
    ],
    "n_chunks": 25,
    "total_steps": 50000,
    "converged": false,
    "efficiency": 0.0015516586149724907,
    "n_forward_evals": 50000
  },
  "certificate": {
    "L_hat": 0.9349044493738216,
    "KL": 6.153407741035778,
    "eta_h": 5e-05,
    "delta_term": 0.01997154849035994,
    "B_lambda": 0.9959487161377534,
    "components": {
      "empirical_term": 0.9349044493738216,
      "kl_term": 0.04102271827357185,
      "discretization_term": 5e-05,
      "confidence_term": 0.01997154849035994
    },
    "valid": true
  },
  "posterior_summary": {
    "mean": [
      2.158984061771098,
      2.215852143911648,
      1.634985909344008,
      1.3293119052741247,
      1.0816937596540104
    ],
    "std": [
      0.7585378497540887,
      0.9325868585686018,
      0.756235136812848,
      0.6601424227493867,
      0.5759498257455389
    ]
  },
  "performance": {
    "runtime": 377.36984395980835,
    "test_log_posterior": -174.1166809817637
  }
}