{
  "experiment_id": "s3_sigma0.2_nx100_T0.5_lam1.0_m5_seed202",
  "config": {
    "n_x": 100,
    "n_t": 50,
    "T": 0.5,
    "lambda": 1.0,
    "placement_type": "fixed",
    "delta": 0.05,
    "alpha": 0.001,
    "M": 2000,
    "R": 100,
    "s": 3,
    "sigma": 0.2,
    "m": 5,
    "c": 2.0,
    "seed": 202,
    "n": 150,
    "sensor_positions": [
      0.25,
      0.5,
      0.75
    ],
    "Delta_x": 0.01,
    "Delta_t": 0.01020408163265306,
    "mcmc_n_steps": 10000,
    "mcmc_n_burn": 2000,
    "exp_id": 52
  },
  "dataset": {
    "kappa_star": [
      1.2847216299636934,
      1.4241900884838463,
      3.920764034845088,
      3.9752807832159958,
      3.9824723567684557
    ],
    "n_observations": 150
  },
  "mcmc": {
    "acceptance_rate": 0.8713939393939394,
    "ess_min": 201.46975460902505,
    "ess_mean": 287.71859877680447,
    "ess_per_coord": [
      292.7583760722786,
      384.8161952712173,
      326.31530251090726,
      201.46975460902505,
      233.23336542059408
    ],
    "n_chunks": 22,
    "total_steps": 44000,
    "converged": true,
    "efficiency": 0.004578858059296024,
    "n_forward_evals": 44000
  },
  "certificate": {
    "L_hat": 0.8660158630218301,
    "KL": 12.6118428259351,
    "eta_h": 5e-05,
    "delta_term": 0.01997154849035994,
    "B_lambda": 0.9701163636850907,
    "components": {
      "empirical_term": 0.8660158630218301,
      "kl_term": 0.08407895217290066,
      "discretization_term": 5e-05,
      "confidence_term": 0.01997154849035994
    },
    "valid": true
  },
  "posterior_summary": {
    "mean": [
      2.611160125656433,
      3.1419331758548257,
      1.9349632619723616,
      1.3559526999380405,
      1.4933644578363579
    ],
    "std": [
      0.46731930136574085,
      0.38201678948885937,
      0.582899616149125,
      0.5708721507897727,
      0.648869200905091
    ]
  },
  "performance": {
    "runtime": 311.8980107307434,
    "test_log_posterior": -170.61417418496097
  }
}