{
  "experiment_id": "s3_sigma0.2_nx100_T0.5_lam1.0_m5_seed303",
  "config": {
    "n_x": 100,
    "n_t": 50,
    "T": 0.5,
    "lambda": 1.0,
    "placement_type": "fixed",
    "delta": 0.05,
    "alpha": 0.001,
    "M": 2000,
    "R": 100,
    "s": 3,
    "sigma": 0.2,
    "m": 5,
    "c": 2.0,
    "seed": 303,
    "n": 150,
    "sensor_positions": [
      0.25,
      0.5,
      0.75
    ],
    "Delta_x": 0.01,
    "Delta_t": 0.01020408163265306,
    "mcmc_n_steps": 10000,
    "mcmc_n_burn": 2000,
    "exp_id": 53
  },
  "dataset": {
    "kappa_star": [
      3.12551948199565,
      1.4836227496566199,
      2.427779995862962,
      3.3381215081208255,
      2.6741059937440994
    ],
    "n_observations": 150
  },
  "mcmc": {
    "acceptance_rate": 0.9183866666666667,
    "ess_min": 60.780825086043166,
    "ess_mean": 146.9612493860845,
    "ess_per_coord": [
      68.62311816467816,
      60.780825086043166,
      152.52195930685588,
      168.52234946101876,
      284.35799491182655
    ],
    "n_chunks": 25,
    "total_steps": 50000,
    "converged": false,
    "efficiency": 0.0012156165017208633,
    "n_forward_evals": 50000
  },
  "certificate": {
    "L_hat": 0.9663728289195942,
    "KL": 3.051984239007993,
    "eta_h": 5e-05,
    "delta_term": 0.01997154849035994,
    "B_lambda": 1.0067409390033408,
    "components": {
      "empirical_term": 0.9663728289195942,
      "kl_term": 0.02034656159338662,
      "discretization_term": 5e-05,
      "confidence_term": 0.01997154849035994
    },
    "valid": true
  },
  "posterior_summary": {
    "mean": [
      1.502390684168586,
      1.9001478982326703,
      1.0446403791332153,
      1.3896519829724843,
      1.2924759761317761
    ],
    "std": [
      0.8824771531244792,
      0.9114867094850131,
      0.4605258557732712,
      0.6570051446742364,
      0.5235745563130393
    ]
  },
  "performance": {
    "runtime": 374.3211281299591,
    "test_log_posterior": -163.86626909309373
  }
}