{
  "experiment_id": "s3_sigma0.2_nx100_T0.5_lam1.0_m5_seed202",
  "config": {
    "n_x": 100,
    "n_t": 50,
    "T": 0.5,
    "lambda": 1.0,
    "placement_type": "fixed",
    "delta": 0.05,
    "alpha": 0.001,
    "M": 2000,
    "R": 100,
    "s": 3,
    "sigma": 0.2,
    "m": 5,
    "c": 0.5,
    "seed": 202,
    "n": 150,
    "sensor_positions": [
      0.25,
      0.5,
      0.75
    ],
    "Delta_x": 0.01,
    "Delta_t": 0.01020408163265306,
    "mcmc_n_steps": 10000,
    "mcmc_n_burn": 2000,
    "exp_id": 46
  },
  "dataset": {
    "kappa_star": [
      1.2847216299636934,
      1.4241900884838463,
      3.920764034845088,
      3.9752807832159958,
      3.9824723567684557
    ],
    "n_observations": 150
  },
  "mcmc": {
    "acceptance_rate": 0.8934466666666667,
    "ess_min": 63.611191190382534,
    "ess_mean": 155.1100605799915,
    "ess_per_coord": [
      75.66474011954467,
      63.611191190382534,
      119.00154140470376,
      282.98420439053103,
      234.2886257947955
    ],
    "n_chunks": 25,
    "total_steps": 50000,
    "converged": false,
    "efficiency": 0.0012722238238076506,
    "n_forward_evals": 50000
  },
  "certificate": {
    "L_hat": 0.9704212680173563,
    "KL": 2.5280378747133625,
    "eta_h": 5e-05,
    "delta_term": 0.01997154849035994,
    "B_lambda": 1.0072964023391386,
    "components": {
      "empirical_term": 0.9704212680173563,
      "kl_term": 0.016853585831422418,
      "discretization_term": 5e-05,
      "confidence_term": 0.01997154849035994
    },
    "valid": true
  },
  "posterior_summary": {
    "mean": [
      1.6014994208610165,
      1.5999447912179177,
      1.1100065073292218,
      1.3110716183290803,
      0.9387759450031018
    ],
    "std": [
      1.0132695094243669,
      1.0626623756476432,
      0.6058679552806636,
      0.5489864583723711,
      0.49117118971166956
    ]
  },
  "performance": {
    "runtime": 373.881737947464,
    "test_log_posterior": -175.99588755205178
  }
}