{
  "experiment_id": "s3_sigma0.2_nx100_T0.5_lam1.0_m3_seed202",
  "config": {
    "n_x": 100,
    "n_t": 50,
    "T": 0.5,
    "lambda": 1.0,
    "placement_type": "fixed",
    "delta": 0.05,
    "alpha": 0.001,
    "M": 2000,
    "R": 100,
    "s": 3,
    "sigma": 0.2,
    "m": 3,
    "c": 0.5,
    "seed": 202,
    "n": 150,
    "sensor_positions": [
      0.25,
      0.5,
      0.75
    ],
    "Delta_x": 0.01,
    "Delta_t": 0.01020408163265306,
    "mcmc_n_steps": 10000,
    "mcmc_n_burn": 2000,
    "exp_id": 37
  },
  "dataset": {
    "kappa_star": [
      1.2847216299636934,
      1.4241900884838463,
      3.920764034845088
    ],
    "n_observations": 150
  },
  "mcmc": {
    "acceptance_rate": 0.7686842105263159,
    "ess_min": 205.96361836561425,
    "ess_mean": 501.8469595346549,
    "ess_per_coord": [
      961.579333063909,
      337.9979271744415,
      205.96361836561425
    ],
    "n_chunks": 19,
    "total_steps": 38000,
    "converged": true,
    "efficiency": 0.0054200952201477436,
    "n_forward_evals": 38000
  },
  "certificate": {
    "L_hat": 0.8088750369706429,
    "KL": 12.456812296400017,
    "eta_h": 5e-05,
    "delta_term": 0.01997154849035994,
    "B_lambda": 0.9119420007703363,
    "components": {
      "empirical_term": 0.8088750369706429,
      "kl_term": 0.08304541530933345,
      "discretization_term": 5e-05,
      "confidence_term": 0.01997154849035994
    },
    "valid": true
  },
  "posterior_summary": {
    "mean": [
      1.646092699169792,
      2.9062035122115875,
      2.702896581060862
    ],
    "std": [
      0.22332350753562655,
      0.2713734912969308,
      0.8068001885826191
    ]
  },
  "performance": {
    "runtime": 113.10326385498047,
    "test_log_posterior": -142.85689677748192
  }
}