{
  "experiment_id": "s3_sigma0.05_nx100_T0.5_lam1.0_m5_seed202",
  "config": {
    "n_x": 100,
    "n_t": 50,
    "T": 0.5,
    "lambda": 1.0,
    "placement_type": "fixed",
    "delta": 0.05,
    "alpha": 0.001,
    "M": 2000,
    "R": 100,
    "s": 3,
    "sigma": 0.05,
    "m": 5,
    "c": 1.0,
    "seed": 202,
    "n": 150,
    "sensor_positions": [
      0.25,
      0.5,
      0.75
    ],
    "Delta_x": 0.01,
    "Delta_t": 0.01020408163265306,
    "mcmc_n_steps": 10000,
    "mcmc_n_burn": 2000,
    "exp_id": 13
  },
  "dataset": {
    "kappa_star": [
      1.2847216299636934,
      1.4241900884838463,
      3.920764034845088,
      3.9752807832159958,
      3.9824723567684557
    ],
    "n_observations": 150
  },
  "mcmc": {
    "acceptance_rate": 0.9262045454545454,
    "ess_min": 205.25029699336093,
    "ess_mean": 242.49150891140684,
    "ess_per_coord": [
      238.7250281237161,
      260.47644579648266,
      205.25029699336093,
      230.26265999415162,
      277.743113649323
    ],
    "n_chunks": 22,
    "total_steps": 44000,
    "converged": true,
    "efficiency": 0.004664779477121839,
    "n_forward_evals": 44000
  },
  "certificate": {
    "L_hat": 0.9991674979073402,
    "KL": 0.05816970156783441,
    "eta_h": 5e-05,
    "delta_term": 0.01997154849035994,
    "B_lambda": 1.0195768444081523,
    "components": {
      "empirical_term": 0.9991674979073402,
      "kl_term": 0.0003877980104522294,
      "discretization_term": 5e-05,
      "confidence_term": 0.01997154849035994
    },
    "valid": true
  },
  "posterior_summary": {
    "mean": [
      0.920911160805144,
      0.9343293982037508,
      0.9819018288899403,
      1.0543737205090233,
      0.8832536668484116
    ],
    "std": [
      0.5532428991409785,
      0.6326221586816687,
      0.6310132104323184,
      0.601284031996851,
      0.5125273728337767
    ]
  },
  "performance": {
    "runtime": 317.6822247505188,
    "test_log_posterior": -179.95177318724976
  }
}