{
  "experiment_id": "s3_sigma0.2_nx100_T0.5_lam1.0_m3_seed303",
  "config": {
    "n_x": 100,
    "n_t": 50,
    "T": 0.5,
    "lambda": 1.0,
    "placement_type": "fixed",
    "delta": 0.05,
    "alpha": 0.001,
    "M": 2000,
    "R": 100,
    "s": 3,
    "sigma": 0.2,
    "m": 3,
    "c": 1.0,
    "seed": 303,
    "n": 150,
    "sensor_positions": [
      0.25,
      0.5,
      0.75
    ],
    "Delta_x": 0.01,
    "Delta_t": 0.01020408163265306,
    "mcmc_n_steps": 10000,
    "mcmc_n_burn": 2000,
    "exp_id": 41
  },
  "dataset": {
    "kappa_star": [
      3.12551948199565,
      1.4836227496566199,
      2.427779995862962
    ],
    "n_observations": 150
  },
  "mcmc": {
    "acceptance_rate": 0.732,
    "ess_min": 243.98744502797533,
    "ess_mean": 262.79046225108635,
    "ess_per_coord": [
      243.98744502797533,
      297.74680277823603,
      246.63713894704762
    ],
    "n_chunks": 5,
    "total_steps": 10000,
    "converged": true,
    "efficiency": 0.024398744502797533,
    "n_forward_evals": 10000
  },
  "certificate": {
    "L_hat": 0.7258740707002521,
    "KL": 25.306245221832356,
    "eta_h": 5e-05,
    "delta_term": 0.01997154849035994,
    "B_lambda": 0.9146039206694945,
    "components": {
      "empirical_term": 0.7258740707002521,
      "kl_term": 0.16870830147888238,
      "discretization_term": 5e-05,
      "confidence_term": 0.01997154849035994
    },
    "valid": true
  },
  "posterior_summary": {
    "mean": [
      2.9753598286278673,
      3.207109005942351,
      2.548690490076587
    ],
    "std": [
      0.26035314256659764,
      0.20307962178873212,
      0.2695057583824679
    ]
  },
  "performance": {
    "runtime": 23.420878171920776,
    "test_log_posterior": -132.03941550751262
  }
}