{
  "experiment_id": "s3_sigma0.05_nx100_T0.5_lam1.0_m5_seed202",
  "config": {
    "n_x": 100,
    "n_t": 50,
    "T": 0.5,
    "lambda": 1.0,
    "placement_type": "fixed",
    "delta": 0.05,
    "alpha": 0.001,
    "M": 2000,
    "R": 100,
    "s": 3,
    "sigma": 0.05,
    "m": 5,
    "c": 2.0,
    "seed": 202,
    "n": 150,
    "sensor_positions": [
      0.25,
      0.5,
      0.75
    ],
    "Delta_x": 0.01,
    "Delta_t": 0.01020408163265306,
    "mcmc_n_steps": 10000,
    "mcmc_n_burn": 2000,
    "exp_id": 16
  },
  "dataset": {
    "kappa_star": [
      1.2847216299636934,
      1.4241900884838463,
      3.920764034845088,
      3.9752807832159958,
      3.9824723567684557
    ],
    "n_observations": 150
  },
  "mcmc": {
    "acceptance_rate": 0.9279855072463769,
    "ess_min": 202.2952281923018,
    "ess_mean": 267.07739080791737,
    "ess_per_coord": [
      238.6926631517049,
      293.9049029630674,
      273.5442437602964,
      202.2952281923018,
      326.9499159722163
    ],
    "n_chunks": 23,
    "total_steps": 46000,
    "converged": true,
    "efficiency": 0.004397722352006561,
    "n_forward_evals": 46000
  },
  "certificate": {
    "L_hat": 0.9988823445177867,
    "KL": 0.040715706109864414,
    "eta_h": 5e-05,
    "delta_term": 0.01997154849035994,
    "B_lambda": 1.0191753310488791,
    "components": {
      "empirical_term": 0.9988823445177867,
      "kl_term": 0.0002714380407324294,
      "discretization_term": 5e-05,
      "confidence_term": 0.01997154849035994
    },
    "valid": true
  },
  "posterior_summary": {
    "mean": [
      1.1404054989243644,
      0.7181773973891414,
      0.8661435792358776,
      1.6249422128881779,
      0.9576406086790757
    ],
    "std": [
      0.628013630559856,
      0.4899216272968912,
      0.5225842373972878,
      1.1725733928011735,
      0.4676400112690017
    ]
  },
  "performance": {
    "runtime": 264.4551920890808,
    "test_log_posterior": -179.95162423818294
  }
}