{
  "experiment_id": "s3_sigma0.05_nx100_T0.5_lam1.0_m3_seed101",
  "config": {
    "n_x": 100,
    "n_t": 50,
    "T": 0.5,
    "lambda": 1.0,
    "placement_type": "fixed",
    "delta": 0.05,
    "alpha": 0.001,
    "M": 2000,
    "R": 100,
    "s": 3,
    "sigma": 0.05,
    "m": 3,
    "c": 2.0,
    "seed": 101,
    "n": 150,
    "sensor_positions": [
      0.25,
      0.5,
      0.75
    ],
    "Delta_x": 0.01,
    "Delta_t": 0.01020408163265306,
    "mcmc_n_steps": 10000,
    "mcmc_n_burn": 2000,
    "exp_id": 6
  },
  "dataset": {
    "kappa_star": [
      2.3073951969585615,
      2.4973365540384895,
      0.5996597926733394
    ],
    "n_observations": 150
  },
  "mcmc": {
    "acceptance_rate": 0.5616,
    "ess_min": 57.976001399615505,
    "ess_mean": 66.31633554607919,
    "ess_per_coord": [
      57.976001399615505,
      64.84424539326496,
      76.12875984535711
    ],
    "n_chunks": 25,
    "total_steps": 50000,
    "converged": false,
    "efficiency": 0.0011595200279923101,
    "n_forward_evals": 50000
  },
  "certificate": {
    "L_hat": 0.8687860263140338,
    "KL": 2.7501255408935776,
    "eta_h": 5e-05,
    "delta_term": 0.01997154849035994,
    "B_lambda": 0.9071417450770176,
    "components": {
      "empirical_term": 0.8687860263140338,
      "kl_term": 0.01833417027262385,
      "discretization_term": 5e-05,
      "confidence_term": 0.01997154849035994
    },
    "valid": true
  },
  "posterior_summary": {
    "mean": [
      1.1258375886597543,
      0.9413440224049131,
      1.7148459773177012
    ],
    "std": [
      0.5779648844032615,
      0.5412711602754893,
      0.15016288194929758
    ]
  },
  "performance": {
    "runtime": 105.58488440513611,
    "test_log_posterior": -157.87250430320475
  }
}