{
  "experiment_id": "s3_sigma0.1_nx100_T0.5_lam1.0_m5_seed202",
  "config": {
    "n_x": 100,
    "n_t": 50,
    "T": 0.5,
    "lambda": 1.0,
    "placement_type": "fixed",
    "delta": 0.05,
    "alpha": 0.001,
    "M": 2000,
    "R": 100,
    "s": 3,
    "sigma": 0.1,
    "m": 5,
    "c": 2.0,
    "seed": 202,
    "n": 150,
    "sensor_positions": [
      0.25,
      0.5,
      0.75
    ],
    "Delta_x": 0.01,
    "Delta_t": 0.01020408163265306,
    "mcmc_n_steps": 10000,
    "mcmc_n_burn": 2000,
    "exp_id": 34
  },
  "dataset": {
    "kappa_star": [
      1.2847216299636934,
      1.4241900884838463,
      3.920764034845088,
      3.9752807832159958,
      3.9824723567684557
    ],
    "n_observations": 150
  },
  "mcmc": {
    "acceptance_rate": 0.8598333333333333,
    "ess_min": 11.859166009170673,
    "ess_mean": 139.07762282954167,
    "ess_per_coord": [
      11.859166009170673,
      12.100114092133047,
      23.73998990006044,
      284.0641472368102,
      363.624696909534
    ],
    "n_chunks": 25,
    "total_steps": 50000,
    "converged": false,
    "efficiency": 0.00023718332018341347,
    "n_forward_evals": 50000
  },
  "certificate": {
    "L_hat": 0.9919945901806347,
    "KL": 0.3066787881361108,
    "eta_h": 5e-05,
    "delta_term": 0.01997154849035994,
    "B_lambda": 1.0140606639252354,
    "components": {
      "empirical_term": 0.9919945901806347,
      "kl_term": 0.002044525254240739,
      "discretization_term": 5e-05,
      "confidence_term": 0.01997154849035994
    },
    "valid": true
  },
  "posterior_summary": {
    "mean": [
      0.9374928748789649,
      0.9604043283646216,
      1.0729766665353893,
      1.1856718514272562,
      1.1102230554576757
    ],
    "std": [
      0.5347077010874177,
      0.664921045830813,
      0.625857345735353,
      0.5166277377074017,
      0.5824627291657805
    ]
  },
  "performance": {
    "runtime": 330.31646275520325,
    "test_log_posterior": -178.9820986131844
  }
}