{
  "experiment_id": "s3_sigma0.1_nx100_T0.5_lam1.0_m3_seed202",
  "config": {
    "n_x": 100,
    "n_t": 50,
    "T": 0.5,
    "lambda": 1.0,
    "placement_type": "fixed",
    "delta": 0.05,
    "alpha": 0.001,
    "M": 2000,
    "R": 100,
    "s": 3,
    "sigma": 0.1,
    "m": 3,
    "c": 0.5,
    "seed": 202,
    "n": 150,
    "sensor_positions": [
      0.25,
      0.5,
      0.75
    ],
    "Delta_x": 0.01,
    "Delta_t": 0.01020408163265306,
    "mcmc_n_steps": 10000,
    "mcmc_n_burn": 2000,
    "exp_id": 19
  },
  "dataset": {
    "kappa_star": [
      1.2847216299636934,
      1.4241900884838463,
      3.920764034845088
    ],
    "n_observations": 150
  },
  "mcmc": {
    "acceptance_rate": 0.66953,
    "ess_min": 37.50610608668179,
    "ess_mean": 63.95584533737658,
    "ess_per_coord": [
      63.32851166993915,
      37.50610608668179,
      91.03291825550882
    ],
    "n_chunks": 25,
    "total_steps": 50000,
    "converged": false,
    "efficiency": 0.0007501221217336357,
    "n_forward_evals": 50000
  },
  "certificate": {
    "L_hat": 0.8620862674769469,
    "KL": 10.341977685663068,
    "eta_h": 5e-05,
    "delta_term": 0.01997154849035994,
    "B_lambda": 0.9510543338717273,
    "components": {
      "empirical_term": 0.8620862674769469,
      "kl_term": 0.06894651790442045,
      "discretization_term": 5e-05,
      "confidence_term": 0.01997154849035994
    },
    "valid": true
  },
  "posterior_summary": {
    "mean": [
      1.7185894015664613,
      2.5831401441632122,
      2.861285012857339
    ],
    "std": [
      0.13895476224935097,
      0.5780649794202126,
      0.9458774849326531
    ]
  },
  "performance": {
    "runtime": 104.25031399726868,
    "test_log_posterior": -154.964159797086
  }
}