{
  "experiment_id": "s3_sigma0.2_nx100_T0.5_lam1.0_m5_seed101",
  "config": {
    "n_x": 100,
    "n_t": 50,
    "T": 0.5,
    "lambda": 1.0,
    "placement_type": "fixed",
    "delta": 0.05,
    "alpha": 0.001,
    "M": 2000,
    "R": 100,
    "s": 3,
    "sigma": 0.2,
    "m": 5,
    "c": 1.0,
    "seed": 101,
    "n": 150,
    "sensor_positions": [
      0.25,
      0.5,
      0.75
    ],
    "Delta_x": 0.01,
    "Delta_t": 0.01020408163265306,
    "mcmc_n_steps": 10000,
    "mcmc_n_burn": 2000,
    "exp_id": 48
  },
  "dataset": {
    "kappa_star": [
      2.3073951969585615,
      2.4973365540384895,
      0.5996597926733394,
      1.1003257967878608,
      2.898469435940594
    ],
    "n_observations": 150
  },
  "mcmc": {
    "acceptance_rate": 0.7253333333333334,
    "ess_min": 201.15213826315656,
    "ess_mean": 272.42738153062953,
    "ess_per_coord": [
      201.15213826315656,
      246.92499352907026,
      413.1056430292588,
      284.53580562145027,
      216.41832721021157
    ],
    "n_chunks": 12,
    "total_steps": 24000,
    "converged": true,
    "efficiency": 0.00838133909429819,
    "n_forward_evals": 24000
  },
  "certificate": {
    "L_hat": 0.7362600231833271,
    "KL": 27.964840469251868,
    "eta_h": 5e-05,
    "delta_term": 0.01997154849035994,
    "B_lambda": 0.9427138414686995,
    "components": {
      "empirical_term": 0.7362600231833271,
      "kl_term": 0.18643226979501246,
      "discretization_term": 5e-05,
      "confidence_term": 0.01997154849035994
    },
    "valid": true
  },
  "posterior_summary": {
    "mean": [
      2.356408889162326,
      3.051151374009018,
      2.2661265600194063,
      2.532776949750567,
      2.0966754084641868
    ],
    "std": [
      0.42923337556029895,
      0.2712182776807496,
      0.22791058899966912,
      0.35455450746522554,
      0.4772761597344494
    ]
  },
  "performance": {
    "runtime": 147.4325110912323,
    "test_log_posterior": -157.02070246490456
  }
}