{
  "experiment_id": "s3_sigma0.1_nx100_T0.5_lam1.0_m5_seed303",
  "config": {
    "n_x": 100,
    "n_t": 50,
    "T": 0.5,
    "lambda": 1.0,
    "placement_type": "fixed",
    "delta": 0.05,
    "alpha": 0.001,
    "M": 2000,
    "R": 100,
    "s": 3,
    "sigma": 0.1,
    "m": 5,
    "c": 2.0,
    "seed": 303,
    "n": 150,
    "sensor_positions": [
      0.25,
      0.5,
      0.75
    ],
    "Delta_x": 0.01,
    "Delta_t": 0.01020408163265306,
    "mcmc_n_steps": 10000,
    "mcmc_n_burn": 2000,
    "exp_id": 35
  },
  "dataset": {
    "kappa_star": [
      3.12551948199565,
      1.4836227496566199,
      2.427779995862962,
      3.3381215081208255,
      2.6741059937440994
    ],
    "n_observations": 150
  },
  "mcmc": {
    "acceptance_rate": 0.9298916666666668,
    "ess_min": 204.1274462444186,
    "ess_mean": 254.79769713737923,
    "ess_per_coord": [
      204.1274462444186,
      312.82055975613156,
      236.13385558402203,
      245.11852310464343,
      275.78810099768054
    ],
    "n_chunks": 20,
    "total_steps": 40000,
    "converged": true,
    "efficiency": 0.005103186156110465,
    "n_forward_evals": 40000
  },
  "certificate": {
    "L_hat": 0.9998017867644771,
    "KL": 0.0019246512904373958,
    "eta_h": 5e-05,
    "delta_term": 0.01997154849035994,
    "B_lambda": 1.01983616626344,
    "components": {
      "empirical_term": 0.9998017867644771,
      "kl_term": 1.2831008602915971e-05,
      "discretization_term": 5e-05,
      "confidence_term": 0.01997154849035994
    },
    "valid": true
  },
  "posterior_summary": {
    "mean": [
      0.9226336364136247,
      0.9921224701278574,
      0.9088985870418739,
      0.6652379199016962,
      0.8687540509685107
    ],
    "std": [
      0.5381355874464973,
      0.5352438764893481,
      0.6239292712647571,
      0.38573472791716407,
      0.5902462613871587
    ]
  },
  "performance": {
    "runtime": 281.98656606674194,
    "test_log_posterior": -172.30792475439185
  }
}