{
  "experiment_id": "s3_sigma0.2_nx100_T0.5_lam1.0_m5_seed303",
  "config": {
    "n_x": 100,
    "n_t": 50,
    "T": 0.5,
    "lambda": 1.0,
    "placement_type": "fixed",
    "delta": 0.05,
    "alpha": 0.001,
    "M": 2000,
    "R": 100,
    "s": 3,
    "sigma": 0.2,
    "m": 5,
    "c": 1.0,
    "seed": 303,
    "n": 150,
    "sensor_positions": [
      0.25,
      0.5,
      0.75
    ],
    "Delta_x": 0.01,
    "Delta_t": 0.01020408163265306,
    "mcmc_n_steps": 10000,
    "mcmc_n_burn": 2000,
    "exp_id": 50
  },
  "dataset": {
    "kappa_star": [
      3.12551948199565,
      1.4836227496566199,
      2.427779995862962,
      3.3381215081208255,
      2.6741059937440994
    ],
    "n_observations": 150
  },
  "mcmc": {
    "acceptance_rate": 0.9344199999999999,
    "ess_min": 181.13047653316255,
    "ess_mean": 257.61891099656043,
    "ess_per_coord": [
      209.57284002552984,
      181.13047653316255,
      296.31885532404755,
      301.4966998588474,
      299.5756832412149
    ],
    "n_chunks": 25,
    "total_steps": 50000,
    "converged": false,
    "efficiency": 0.003622609530663251,
    "n_forward_evals": 50000
  },
  "certificate": {
    "L_hat": 0.9902125657224579,
    "KL": 0.7818294903581204,
    "eta_h": 5e-05,
    "delta_term": 0.01997154849035994,
    "B_lambda": 1.0154463108152054,
    "components": {
      "empirical_term": 0.9902125657224579,
      "kl_term": 0.0052121966023874694,
      "discretization_term": 5e-05,
      "confidence_term": 0.01997154849035994
    },
    "valid": true
  },
  "posterior_summary": {
    "mean": [
      0.9719237177473329,
      1.2328755763484012,
      1.2083311835183457,
      1.0723823284149747,
      1.2983017723086037
    ],
    "std": [
      0.6807924835103859,
      0.7702042887553656,
      0.8255483584140916,
      0.6060570433815212,
      0.7867254166789358
    ]
  },
  "performance": {
    "runtime": 373.56422686576843,
    "test_log_posterior": -168.00096869860934
  }
}