{
  "experiment_id": "s3_sigma0.05_nx100_T0.5_lam1.0_m5_seed202",
  "config": {
    "n_x": 100,
    "n_t": 50,
    "T": 0.5,
    "lambda": 1.0,
    "placement_type": "fixed",
    "delta": 0.05,
    "alpha": 0.001,
    "M": 2000,
    "R": 100,
    "s": 3,
    "sigma": 0.05,
    "m": 5,
    "c": 0.5,
    "seed": 202,
    "n": 150,
    "sensor_positions": [
      0.25,
      0.5,
      0.75
    ],
    "Delta_x": 0.01,
    "Delta_t": 0.01020408163265306,
    "mcmc_n_steps": 10000,
    "mcmc_n_burn": 2000,
    "exp_id": 10
  },
  "dataset": {
    "kappa_star": [
      1.2847216299636934,
      1.4241900884838463,
      3.920764034845088,
      3.9752807832159958,
      3.9824723567684557
    ],
    "n_observations": 150
  },
  "mcmc": {
    "acceptance_rate": 0.9266133333333334,
    "ess_min": 202.4499490359116,
    "ess_mean": 262.1751114497718,
    "ess_per_coord": [
      288.8858920609749,
      279.2616999876741,
      202.4499490359116,
      252.16937551739747,
      288.10864064690094
    ],
    "n_chunks": 25,
    "total_steps": 50000,
    "converged": true,
    "efficiency": 0.004048998980718232,
    "n_forward_evals": 50000
  },
  "certificate": {
    "L_hat": 0.9996167020729076,
    "KL": 0.019850758633992882,
    "eta_h": 5e-05,
    "delta_term": 0.01997154849035994,
    "B_lambda": 1.019770588954161,
    "components": {
      "empirical_term": 0.9996167020729076,
      "kl_term": 0.00013233839089328589,
      "discretization_term": 5e-05,
      "confidence_term": 0.01997154849035994
    },
    "valid": true
  },
  "posterior_summary": {
    "mean": [
      0.7698246905920372,
      0.7346005897354587,
      0.928738364876543,
      1.035154005135277,
      0.9318268246554621
    ],
    "std": [
      0.43246926952092635,
      0.5176737964436348,
      0.6302527778162169,
      0.6717925493496074,
      0.4182248260935857
    ]
  },
  "performance": {
    "runtime": 396.05083894729614,
    "test_log_posterior": -179.95177320072247
  }
}