{
  "experiment_id": "s3_sigma0.1_nx100_T0.5_lam1.0_m5_seed202",
  "config": {
    "n_x": 100,
    "n_t": 50,
    "T": 0.5,
    "lambda": 1.0,
    "placement_type": "fixed",
    "delta": 0.05,
    "alpha": 0.001,
    "M": 2000,
    "R": 100,
    "s": 3,
    "sigma": 0.1,
    "m": 5,
    "c": 0.5,
    "seed": 202,
    "n": 150,
    "sensor_positions": [
      0.25,
      0.5,
      0.75
    ],
    "Delta_x": 0.01,
    "Delta_t": 0.01020408163265306,
    "mcmc_n_steps": 10000,
    "mcmc_n_burn": 2000,
    "exp_id": 28
  },
  "dataset": {
    "kappa_star": [
      1.2847216299636934,
      1.4241900884838463,
      3.920764034845088,
      3.9752807832159958,
      3.9824723567684557
    ],
    "n_observations": 150
  },
  "mcmc": {
    "acceptance_rate": 0.9263733333333333,
    "ess_min": 183.67698150901376,
    "ess_mean": 266.67881178310114,
    "ess_per_coord": [
      326.5446580286037,
      183.67698150901376,
      330.9303507635859,
      211.62110766715938,
      280.620960947143
    ],
    "n_chunks": 25,
    "total_steps": 50000,
    "converged": false,
    "efficiency": 0.003673539630180275,
    "n_forward_evals": 50000
  },
  "certificate": {
    "L_hat": 0.9972509695459868,
    "KL": 0.11890805847875185,
    "eta_h": 5e-05,
    "delta_term": 0.01997154849035994,
    "B_lambda": 1.0180652384262052,
    "components": {
      "empirical_term": 0.9972509695459868,
      "kl_term": 0.0007927203898583457,
      "discretization_term": 5e-05,
      "confidence_term": 0.01997154849035994
    },
    "valid": true
  },
  "posterior_summary": {
    "mean": [
      1.0161925592710637,
      0.7638758201244853,
      0.885526650684528,
      1.044697102420589,
      1.5037389220847825
    ],
    "std": [
      0.5555723429339737,
      0.5369226048327947,
      0.5795084267299256,
      0.7001125724580922,
      0.810333095861332
    ]
  },
  "performance": {
    "runtime": 232.54998588562012,
    "test_log_posterior": -179.93321565947622
  }
}