{
  "experiment_id": "s3_sigma0.2_nx100_T0.5_lam1.0_m5_seed101",
  "config": {
    "n_x": 100,
    "n_t": 50,
    "T": 0.5,
    "lambda": 1.0,
    "placement_type": "fixed",
    "delta": 0.05,
    "alpha": 0.001,
    "M": 2000,
    "R": 100,
    "s": 3,
    "sigma": 0.2,
    "m": 5,
    "c": 0.5,
    "seed": 101,
    "n": 150,
    "sensor_positions": [
      0.25,
      0.5,
      0.75
    ],
    "Delta_x": 0.01,
    "Delta_t": 0.01020408163265306,
    "mcmc_n_steps": 10000,
    "mcmc_n_burn": 2000,
    "exp_id": 45
  },
  "dataset": {
    "kappa_star": [
      2.3073951969585615,
      2.4973365540384895,
      0.5996597926733394,
      1.1003257967878608,
      2.898469435940594
    ],
    "n_observations": 150
  },
  "mcmc": {
    "acceptance_rate": 0.7186333333333333,
    "ess_min": 164.27653555292926,
    "ess_mean": 333.0393226323828,
    "ess_per_coord": [
      164.27653555292926,
      191.91140833081965,
      425.18307525300486,
      423.4717439779363,
      460.35385004722355
    ],
    "n_chunks": 25,
    "total_steps": 50000,
    "converged": false,
    "efficiency": 0.0032855307110585853,
    "n_forward_evals": 50000
  },
  "certificate": {
    "L_hat": 0.8053143907164723,
    "KL": 22.304324561600396,
    "eta_h": 5e-05,
    "delta_term": 0.01997154849035994,
    "B_lambda": 0.9740314362841682,
    "components": {
      "empirical_term": 0.8053143907164723,
      "kl_term": 0.14869549707733598,
      "discretization_term": 5e-05,
      "confidence_term": 0.01997154849035994
    },
    "valid": true
  },
  "posterior_summary": {
    "mean": [
      2.192140960559027,
      2.9276982001449285,
      2.33697585738764,
      2.520161910950131,
      2.06236206104205
    ],
    "std": [
      0.6084261751496266,
      0.4336842532881428,
      0.20169269271081766,
      0.3285549213290829,
      0.4217956028611991
    ]
  },
  "performance": {
    "runtime": 375.6527099609375,
    "test_log_posterior": -160.43463498704978
  }
}