{
  "experiment_id": "s3_sigma0.1_nx100_T0.5_lam1.0_m5_seed303",
  "config": {
    "n_x": 100,
    "n_t": 50,
    "T": 0.5,
    "lambda": 1.0,
    "placement_type": "fixed",
    "delta": 0.05,
    "alpha": 0.001,
    "M": 2000,
    "R": 100,
    "s": 3,
    "sigma": 0.1,
    "m": 5,
    "c": 0.5,
    "seed": 303,
    "n": 150,
    "sensor_positions": [
      0.25,
      0.5,
      0.75
    ],
    "Delta_x": 0.01,
    "Delta_t": 0.01020408163265306,
    "mcmc_n_steps": 10000,
    "mcmc_n_burn": 2000,
    "exp_id": 29
  },
  "dataset": {
    "kappa_star": [
      3.12551948199565,
      1.4836227496566199,
      2.427779995862962,
      3.3381215081208255,
      2.6741059937440994
    ],
    "n_observations": 150
  },
  "mcmc": {
    "acceptance_rate": 0.9278733333333332,
    "ess_min": 207.61863195715523,
    "ess_mean": 279.8245778299018,
    "ess_per_coord": [
      317.04770742401524,
      247.1315215538693,
      321.95147758634243,
      207.61863195715523,
      305.37355062812657
    ],
    "n_chunks": 25,
    "total_steps": 50000,
    "converged": true,
    "efficiency": 0.004152372639143104,
    "n_forward_evals": 50000
  },
  "certificate": {
    "L_hat": 0.9999996298835883,
    "KL": 0.0,
    "eta_h": 5e-05,
    "delta_term": 0.01997154849035994,
    "B_lambda": 1.0200211783739483,
    "components": {
      "empirical_term": 0.9999996298835883,
      "kl_term": 0.0,
      "discretization_term": 5e-05,
      "confidence_term": 0.01997154849035994
    },
    "valid": true
  },
  "posterior_summary": {
    "mean": [
      1.0888894118633499,
      0.8565538494828624,
      1.3039018180790698,
      0.8329437025191466,
      0.6448678129770083
    ],
    "std": [
      0.6864346436806877,
      0.472863699380733,
      0.7529172491139152,
      0.4911259007932534,
      0.44984354039878593
    ]
  },
  "performance": {
    "runtime": 234.20887398719788,
    "test_log_posterior": -172.67323220511727
  }
}