{
  "experiment_id": "s3_sigma0.05_nx100_T0.5_lam1.0_m5_seed101",
  "config": {
    "n_x": 100,
    "n_t": 50,
    "T": 0.5,
    "lambda": 1.0,
    "placement_type": "fixed",
    "delta": 0.05,
    "alpha": 0.001,
    "M": 2000,
    "R": 100,
    "s": 3,
    "sigma": 0.05,
    "m": 5,
    "c": 0.5,
    "seed": 101,
    "n": 150,
    "sensor_positions": [
      0.25,
      0.5,
      0.75
    ],
    "Delta_x": 0.01,
    "Delta_t": 0.01020408163265306,
    "mcmc_n_steps": 10000,
    "mcmc_n_burn": 2000,
    "exp_id": 9
  },
  "dataset": {
    "kappa_star": [
      2.3073951969585615,
      2.4973365540384895,
      0.5996597926733394,
      1.1003257967878608,
      2.898469435940594
    ],
    "n_observations": 150
  },
  "mcmc": {
    "acceptance_rate": 0.9259933333333333,
    "ess_min": 176.12241844580421,
    "ess_mean": 253.19594671826707,
    "ess_per_coord": [
      312.7524719434547,
      228.6237803488549,
      261.3839015233057,
      176.12241844580421,
      287.0971613299158
    ],
    "n_chunks": 25,
    "total_steps": 50000,
    "converged": false,
    "efficiency": 0.0035224483689160844,
    "n_forward_evals": 50000
  },
  "certificate": {
    "L_hat": 0.9908838993691584,
    "KL": 1.3264811348021794,
    "eta_h": 5e-05,
    "delta_term": 0.01997154849035994,
    "B_lambda": 1.0197486554248663,
    "components": {
      "empirical_term": 0.9908838993691584,
      "kl_term": 0.008843207565347863,
      "discretization_term": 5e-05,
      "confidence_term": 0.01997154849035994
    },
    "valid": true
  },
  "posterior_summary": {
    "mean": [
      0.6880536665124013,
      1.0184441982938843,
      0.9603695624340784,
      1.8622078808583993,
      1.249193333302527
    ],
    "std": [
      0.40044641638130124,
      0.6250441829271083,
      0.5274270934498281,
      0.8952937230080882,
      0.8423291105712584
    ]
  },
  "performance": {
    "runtime": 378.0837962627411,
    "test_log_posterior": -165.36079061523986
  }
}