{
  "experiment_id": "s3_sigma0.1_nx100_T0.5_lam1.0_m3_seed202",
  "config": {
    "n_x": 100,
    "n_t": 50,
    "T": 0.5,
    "lambda": 1.0,
    "placement_type": "fixed",
    "delta": 0.05,
    "alpha": 0.001,
    "M": 2000,
    "R": 100,
    "s": 3,
    "sigma": 0.1,
    "m": 3,
    "c": 2.0,
    "seed": 202,
    "n": 150,
    "sensor_positions": [
      0.25,
      0.5,
      0.75
    ],
    "Delta_x": 0.01,
    "Delta_t": 0.01020408163265306,
    "mcmc_n_steps": 10000,
    "mcmc_n_burn": 2000,
    "exp_id": 25
  },
  "dataset": {
    "kappa_star": [
      1.2847216299636934,
      1.4241900884838463,
      3.920764034845088
    ],
    "n_observations": 150
  },
  "mcmc": {
    "acceptance_rate": 0.59726,
    "ess_min": 194.4162059477254,
    "ess_mean": 1461.434858403655,
    "ess_per_coord": [
      2621.154178675131,
      1568.734190588108,
      194.4162059477254
    ],
    "n_chunks": 25,
    "total_steps": 50000,
    "converged": false,
    "efficiency": 0.0038883241189545076,
    "n_forward_evals": 50000
  },
  "certificate": {
    "L_hat": 0.7371250902879263,
    "KL": 19.785487248595786,
    "eta_h": 5e-05,
    "delta_term": 0.01997154849035994,
    "B_lambda": 0.8890498871022582,
    "components": {
      "empirical_term": 0.7371250902879263,
      "kl_term": 0.1319032483239719,
      "discretization_term": 5e-05,
      "confidence_term": 0.01997154849035994
    },
    "valid": true
  },
  "posterior_summary": {
    "mean": [
      1.6662401021145925,
      2.9894570425886804,
      3.0666555860083946
    ],
    "std": [
      0.10486610246523256,
      0.10100189195464503,
      0.7863594104471499
    ]
  },
  "performance": {
    "runtime": 104.86718320846558,
    "test_log_posterior": -144.04898885900576
  }
}