{
  "experiment_id": "s3_sigma0.1_nx100_T0.5_lam1.0_m5_seed202",
  "config": {
    "n_x": 100,
    "n_t": 50,
    "T": 0.5,
    "lambda": 1.0,
    "placement_type": "fixed",
    "delta": 0.05,
    "alpha": 0.001,
    "M": 2000,
    "R": 100,
    "s": 3,
    "sigma": 0.1,
    "m": 5,
    "c": 1.0,
    "seed": 202,
    "n": 150,
    "sensor_positions": [
      0.25,
      0.5,
      0.75
    ],
    "Delta_x": 0.01,
    "Delta_t": 0.01020408163265306,
    "mcmc_n_steps": 10000,
    "mcmc_n_burn": 2000,
    "exp_id": 31
  },
  "dataset": {
    "kappa_star": [
      1.2847216299636934,
      1.4241900884838463,
      3.920764034845088,
      3.9752807832159958,
      3.9824723567684557
    ],
    "n_observations": 150
  },
  "mcmc": {
    "acceptance_rate": 0.9235533333333334,
    "ess_min": 77.66563410042325,
    "ess_mean": 187.65271010276828,
    "ess_per_coord": [
      119.77546707831753,
      77.66563410042325,
      181.30955795186983,
      291.62635353376197,
      267.8865378494688
    ],
    "n_chunks": 25,
    "total_steps": 50000,
    "converged": false,
    "efficiency": 0.001553312682008465,
    "n_forward_evals": 50000
  },
  "certificate": {
    "L_hat": 0.9975237313080282,
    "KL": 0.0,
    "eta_h": 5e-05,
    "delta_term": 0.01997154849035994,
    "B_lambda": 1.0175452797983882,
    "components": {
      "empirical_term": 0.9975237313080282,
      "kl_term": 0.0,
      "discretization_term": 5e-05,
      "confidence_term": 0.01997154849035994
    },
    "valid": true
  },
  "posterior_summary": {
    "mean": [
      0.975444083986734,
      0.9275465250118644,
      0.7845009969176543,
      0.8156010974882468,
      0.9638606478751783
    ],
    "std": [
      0.563028770214413,
      0.5620399012627143,
      0.48107812188236665,
      0.4861241892148804,
      0.7589601567787069
    ]
  },
  "performance": {
    "runtime": 232.21211791038513,
    "test_log_posterior": -179.76232870446265
  }
}