{
  "experiment_id": "s3_sigma0.1_nx100_T0.5_lam1.0_m5_seed101",
  "config": {
    "n_x": 100,
    "n_t": 50,
    "T": 0.5,
    "lambda": 1.0,
    "placement_type": "fixed",
    "delta": 0.05,
    "alpha": 0.001,
    "M": 2000,
    "R": 100,
    "s": 3,
    "sigma": 0.1,
    "m": 5,
    "c": 0.5,
    "seed": 101,
    "n": 150,
    "sensor_positions": [
      0.25,
      0.5,
      0.75
    ],
    "Delta_x": 0.01,
    "Delta_t": 0.01020408163265306,
    "mcmc_n_steps": 10000,
    "mcmc_n_burn": 2000,
    "exp_id": 27
  },
  "dataset": {
    "kappa_star": [
      2.3073951969585615,
      2.4973365540384895,
      0.5996597926733394,
      1.1003257967878608,
      2.898469435940594
    ],
    "n_observations": 150
  },
  "mcmc": {
    "acceptance_rate": 0.7281533333333333,
    "ess_min": 35.542434991222024,
    "ess_mean": 50.54145015056655,
    "ess_per_coord": [
      68.86027457784928,
      57.585596140739376,
      39.10908789605278,
      35.542434991222024,
      51.60985714696926
    ],
    "n_chunks": 25,
    "total_steps": 50000,
    "converged": false,
    "efficiency": 0.0007108486998244405,
    "n_forward_evals": 50000
  },
  "certificate": {
    "L_hat": 0.9397154520472932,
    "KL": 8.121377199860689,
    "eta_h": 5e-05,
    "delta_term": 0.01997154849035994,
    "B_lambda": 1.0138795152033913,
    "components": {
      "empirical_term": 0.9397154520472932,
      "kl_term": 0.054142514665737926,
      "discretization_term": 5e-05,
      "confidence_term": 0.01997154849035994
    },
    "valid": true
  },
  "posterior_summary": {
    "mean": [
      1.0802281721761315,
      1.3558957772639286,
      1.8334776812615297,
      2.3055777094860064,
      2.188457160930914
    ],
    "std": [
      0.5743745372581651,
      0.7628025969186912,
      0.8275797842009363,
      0.5837080884603213,
      0.7453151918860893
    ]
  },
  "performance": {
    "runtime": 232.3628327846527,
    "test_log_posterior": -164.7822393933456
  }
}