{
  "experiment_id": "s5_sigma0.05_nx100_T0.5_lam1.0_m3_seed202",
  "config": {
    "n_x": 100,
    "n_t": 50,
    "T": 0.5,
    "lambda": 1.0,
    "placement_type": "fixed",
    "delta": 0.05,
    "alpha": 0.001,
    "M": 2000,
    "R": 100,
    "s": 5,
    "sigma": 0.05,
    "m": 3,
    "c": 1.0,
    "seed": 202,
    "n": 250,
    "sensor_positions": [
      0.1,
      0.3,
      0.5,
      0.7,
      0.9
    ],
    "Delta_x": 0.01,
    "Delta_t": 0.01020408163265306,
    "mcmc_n_steps": 10000,
    "mcmc_n_burn": 2000,
    "exp_id": 58
  },
  "dataset": {
    "kappa_star": [
      1.2847216299636934,
      1.4241900884838463,
      3.920764034845088
    ],
    "n_observations": 250
  },
  "mcmc": {
    "acceptance_rate": 0.52339,
    "ess_min": 136.79774864244126,
    "ess_mean": 244.73830133736337,
    "ess_per_coord": [
      379.4952312480014,
      136.79774864244126,
      217.9219241216474
    ],
    "n_chunks": 25,
    "total_steps": 50000,
    "converged": false,
    "efficiency": 0.0027359549728488254,
    "n_forward_evals": 50000
  },
  "certificate": {
    "L_hat": 0.7803467030396,
    "KL": 21.380990281043694,
    "eta_h": 5e-05,
    "delta_term": 0.011982929094215963,
    "B_lambda": 0.8779035932579907,
    "components": {
      "empirical_term": 0.7803467030396,
      "kl_term": 0.08552396112417478,
      "discretization_term": 5e-05,
      "confidence_term": 0.011982929094215963
    },
    "valid": true
  },
  "posterior_summary": {
    "mean": [
      1.5712259323745301,
      2.0988756809295084,
      3.4728044865623553
    ],
    "std": [
      0.08075769538290199,
      0.29725930105231346,
      0.22328623013505516
    ]
  },
  "performance": {
    "runtime": 240.1262571811676,
    "test_log_posterior": -226.89616718441957
  }
}