{
  "experiment_id": "s5_sigma0.1_nx100_T0.5_lam1.0_m3_seed202",
  "config": {
    "n_x": 100,
    "n_t": 50,
    "T": 0.5,
    "lambda": 1.0,
    "placement_type": "fixed",
    "delta": 0.05,
    "alpha": 0.001,
    "M": 2000,
    "R": 100,
    "s": 5,
    "sigma": 0.1,
    "m": 3,
    "c": 0.5,
    "seed": 202,
    "n": 250,
    "sensor_positions": [
      0.1,
      0.3,
      0.5,
      0.7,
      0.9
    ],
    "Delta_x": 0.01,
    "Delta_t": 0.01020408163265306,
    "mcmc_n_steps": 10000,
    "mcmc_n_burn": 2000,
    "exp_id": 73
  },
  "dataset": {
    "kappa_star": [
      1.2847216299636934,
      1.4241900884838463,
      3.920764034845088
    ],
    "n_observations": 250
  },
  "mcmc": {
    "acceptance_rate": 0.5471900000000001,
    "ess_min": 58.05286273281193,
    "ess_mean": 85.63764968345386,
    "ess_per_coord": [
      110.99965831256887,
      58.05286273281193,
      87.86042800498078
    ],
    "n_chunks": 25,
    "total_steps": 50000,
    "converged": false,
    "efficiency": 0.0011610572546562386,
    "n_forward_evals": 50000
  },
  "certificate": {
    "L_hat": 0.8016171091983108,
    "KL": 18.91914947486626,
    "eta_h": 5e-05,
    "delta_term": 0.011982929094215963,
    "B_lambda": 0.8893266361919917,
    "components": {
      "empirical_term": 0.8016171091983108,
      "kl_term": 0.07567659789946504,
      "discretization_term": 5e-05,
      "confidence_term": 0.011982929094215963
    },
    "valid": true
  },
  "posterior_summary": {
    "mean": [
      1.4876382476933996,
      2.6112671757291976,
      3.2034922550317635
    ],
    "std": [
      0.13635957443216665,
      0.5167880702919255,
      0.292195039649566
    ]
  },
  "performance": {
    "runtime": 234.2418041229248,
    "test_log_posterior": -221.8883229230689
  }
}