{
  "experiment_id": "s5_sigma0.05_nx100_T0.5_lam1.0_m5_seed303",
  "config": {
    "n_x": 100,
    "n_t": 50,
    "T": 0.5,
    "lambda": 1.0,
    "placement_type": "fixed",
    "delta": 0.05,
    "alpha": 0.001,
    "M": 2000,
    "R": 100,
    "s": 5,
    "sigma": 0.05,
    "m": 5,
    "c": 0.5,
    "seed": 303,
    "n": 250,
    "sensor_positions": [
      0.1,
      0.3,
      0.5,
      0.7,
      0.9
    ],
    "Delta_x": 0.01,
    "Delta_t": 0.01020408163265306,
    "mcmc_n_steps": 10000,
    "mcmc_n_burn": 2000,
    "exp_id": 65
  },
  "dataset": {
    "kappa_star": [
      3.12551948199565,
      1.4836227496566199,
      2.427779995862962,
      3.3381215081208255,
      2.6741059937440994
    ],
    "n_observations": 250
  },
  "mcmc": {
    "acceptance_rate": 0.9289916666666667,
    "ess_min": 213.72357177668624,
    "ess_mean": 231.4584787715009,
    "ess_per_coord": [
      239.01485454375091,
      228.27037185291712,
      236.97810085928242,
      213.72357177668624,
      239.30549482486776
    ],
    "n_chunks": 20,
    "total_steps": 40000,
    "converged": true,
    "efficiency": 0.005343089294417156,
    "n_forward_evals": 40000
  },
  "certificate": {
    "L_hat": 0.9997410002339804,
    "KL": 0.024616819682762525,
    "eta_h": 5e-05,
    "delta_term": 0.011982929094215963,
    "B_lambda": 1.0118723966069276,
    "components": {
      "empirical_term": 0.9997410002339804,
      "kl_term": 9.84672787310501e-05,
      "discretization_term": 5e-05,
      "confidence_term": 0.011982929094215963
    },
    "valid": true
  },
  "posterior_summary": {
    "mean": [
      1.0835929595146496,
      0.9359292020778244,
      0.9831303405512755,
      1.0066384630410385,
      0.7945796028031115
    ],
    "std": [
      0.6034522839638877,
      0.5207057125478817,
      0.5923292430370037,
      0.6525279781069473,
      0.6247906764307746
    ]
  },
  "performance": {
    "runtime": 420.3567171096802,
    "test_log_posterior": -272.2594006462238
  }
}