{
  "experiment_id": "s5_sigma0.1_nx100_T0.5_lam1.0_m5_seed303",
  "config": {
    "n_x": 100,
    "n_t": 50,
    "T": 0.5,
    "lambda": 1.0,
    "placement_type": "fixed",
    "delta": 0.05,
    "alpha": 0.001,
    "M": 2000,
    "R": 100,
    "s": 5,
    "sigma": 0.1,
    "m": 5,
    "c": 2.0,
    "seed": 303,
    "n": 250,
    "sensor_positions": [
      0.1,
      0.3,
      0.5,
      0.7,
      0.9
    ],
    "Delta_x": 0.01,
    "Delta_t": 0.01020408163265306,
    "mcmc_n_steps": 10000,
    "mcmc_n_burn": 2000,
    "exp_id": 89
  },
  "dataset": {
    "kappa_star": [
      3.12551948199565,
      1.4836227496566199,
      2.427779995862962,
      3.3381215081208255,
      2.6741059937440994
    ],
    "n_observations": 250
  },
  "mcmc": {
    "acceptance_rate": 0.8988733333333334,
    "ess_min": 134.6007228028923,
    "ess_mean": 185.36123346332198,
    "ess_per_coord": [
      134.6007228028923,
      182.894718400936,
      204.58219022767307,
      248.22685931256456,
      156.5016765725439
    ],
    "n_chunks": 25,
    "total_steps": 50000,
    "converged": false,
    "efficiency": 0.002692014456057846,
    "n_forward_evals": 50000
  },
  "certificate": {
    "L_hat": 0.9347246168920367,
    "KL": 8.576002578980734,
    "eta_h": 5e-05,
    "delta_term": 0.011982929094215963,
    "B_lambda": 0.9810615563021755,
    "components": {
      "empirical_term": 0.9347246168920367,
      "kl_term": 0.034304010315922936,
      "discretization_term": 5e-05,
      "confidence_term": 0.011982929094215963
    },
    "valid": true
  },
  "posterior_summary": {
    "mean": [
      3.0120319208962383,
      2.5697544341411067,
      1.208740887647626,
      1.014374581074629,
      1.6102560463017204
    ],
    "std": [
      0.6498270725526891,
      0.9135145946558827,
      0.7376064262606085,
      0.49226217712542325,
      0.5780092274399294
    ]
  },
  "performance": {
    "runtime": 475.1659052371979,
    "test_log_posterior": -255.53083270357521
  }
}