{
  "experiment_id": "s5_sigma0.2_nx100_T0.5_lam1.0_m5_seed202",
  "config": {
    "n_x": 100,
    "n_t": 50,
    "T": 0.5,
    "lambda": 1.0,
    "placement_type": "fixed",
    "delta": 0.05,
    "alpha": 0.001,
    "M": 2000,
    "R": 100,
    "s": 5,
    "sigma": 0.2,
    "m": 5,
    "c": 1.0,
    "seed": 202,
    "n": 250,
    "sensor_positions": [
      0.1,
      0.3,
      0.5,
      0.7,
      0.9
    ],
    "Delta_x": 0.01,
    "Delta_t": 0.01020408163265306,
    "mcmc_n_steps": 10000,
    "mcmc_n_burn": 2000,
    "exp_id": 103
  },
  "dataset": {
    "kappa_star": [
      1.2847216299636934,
      1.4241900884838463,
      3.920764034845088,
      3.9752807832159958,
      3.9824723567684557
    ],
    "n_observations": 250
  },
  "mcmc": {
    "acceptance_rate": 0.88144,
    "ess_min": 203.96121479092218,
    "ess_mean": 320.438640456354,
    "ess_per_coord": [
      529.3485839856689,
      203.96121479092218,
      255.1459956306761,
      322.0810458640758,
      291.6563620104271
    ],
    "n_chunks": 25,
    "total_steps": 50000,
    "converged": true,
    "efficiency": 0.004079224295818444,
    "n_forward_evals": 50000
  },
  "certificate": {
    "L_hat": 0.8913499061387671,
    "KL": 5.333037100614149,
    "eta_h": 5e-05,
    "delta_term": 0.011982929094215963,
    "B_lambda": 0.9247149836354396,
    "components": {
      "empirical_term": 0.8913499061387671,
      "kl_term": 0.021332148402456595,
      "discretization_term": 5e-05,
      "confidence_term": 0.011982929094215963
    },
    "valid": true
  },
  "posterior_summary": {
    "mean": [
      2.1460044181586846,
      2.0087661149114906,
      1.917196799800262,
      1.625823822511893,
      1.38849264379156
    ],
    "std": [
      0.4393488293283705,
      0.4644106906552812,
      0.5651627562089316,
      0.504551960936258,
      0.448368805075105
    ]
  },
  "performance": {
    "runtime": 536.3487541675568,
    "test_log_posterior": -256.99173556784405
  }
}