{
  "experiment_id": "s5_sigma0.1_nx100_T0.5_lam1.0_m5_seed202",
  "config": {
    "n_x": 100,
    "n_t": 50,
    "T": 0.5,
    "lambda": 1.0,
    "placement_type": "fixed",
    "delta": 0.05,
    "alpha": 0.001,
    "M": 2000,
    "R": 100,
    "s": 5,
    "sigma": 0.1,
    "m": 5,
    "c": 1.0,
    "seed": 202,
    "n": 250,
    "sensor_positions": [
      0.1,
      0.3,
      0.5,
      0.7,
      0.9
    ],
    "Delta_x": 0.01,
    "Delta_t": 0.01020408163265306,
    "mcmc_n_steps": 10000,
    "mcmc_n_burn": 2000,
    "exp_id": 85
  },
  "dataset": {
    "kappa_star": [
      1.2847216299636934,
      1.4241900884838463,
      3.920764034845088,
      3.9752807832159958,
      3.9824723567684557
    ],
    "n_observations": 250
  },
  "mcmc": {
    "acceptance_rate": 0.8771349206349207,
    "ess_min": 201.0938854213832,
    "ess_mean": 268.0422325930607,
    "ess_per_coord": [
      418.0015750088992,
      240.18956391556446,
      202.3526650878827,
      201.0938854213832,
      278.5734735315739
    ],
    "n_chunks": 21,
    "total_steps": 42000,
    "converged": true,
    "efficiency": 0.004787949652890076,
    "n_forward_evals": 42000
  },
  "certificate": {
    "L_hat": 0.9225003158061622,
    "KL": 5.0356208342990385,
    "eta_h": 5e-05,
    "delta_term": 0.011982929094215963,
    "B_lambda": 0.9546757282375743,
    "components": {
      "empirical_term": 0.9225003158061622,
      "kl_term": 0.020142483337196156,
      "discretization_term": 5e-05,
      "confidence_term": 0.011982929094215963
    },
    "valid": true
  },
  "posterior_summary": {
    "mean": [
      2.4971647641402988,
      1.795801127822213,
      1.260821629243577,
      1.0129367648044632,
      1.352787671410528
    ],
    "std": [
      0.28360996619796713,
      0.4261253251814087,
      0.5664507269763625,
      0.5531783931908085,
      0.6213927729061677
    ]
  },
  "performance": {
    "runtime": 453.5614790916443,
    "test_log_posterior": -268.0751271654048
  }
}