{
  "experiment_id": "s5_sigma0.05_nx100_T0.5_lam1.0_m3_seed202",
  "config": {
    "n_x": 100,
    "n_t": 50,
    "T": 0.5,
    "lambda": 1.0,
    "placement_type": "fixed",
    "delta": 0.05,
    "alpha": 0.001,
    "M": 2000,
    "R": 100,
    "s": 5,
    "sigma": 0.05,
    "m": 3,
    "c": 0.5,
    "seed": 202,
    "n": 250,
    "sensor_positions": [
      0.1,
      0.3,
      0.5,
      0.7,
      0.9
    ],
    "Delta_x": 0.01,
    "Delta_t": 0.01020408163265306,
    "mcmc_n_steps": 10000,
    "mcmc_n_burn": 2000,
    "exp_id": 55
  },
  "dataset": {
    "kappa_star": [
      1.2847216299636934,
      1.4241900884838463,
      3.920764034845088
    ],
    "n_observations": 250
  },
  "mcmc": {
    "acceptance_rate": 0.5718400000000001,
    "ess_min": 168.27795573928893,
    "ess_mean": 286.85535404041616,
    "ess_per_coord": [
      515.182941949535,
      168.27795573928893,
      177.10516443242457
    ],
    "n_chunks": 25,
    "total_steps": 50000,
    "converged": false,
    "efficiency": 0.0033655591147857787,
    "n_forward_evals": 50000
  },
  "certificate": {
    "L_hat": 0.8297867371711004,
    "KL": 18.240122941358493,
    "eta_h": 5e-05,
    "delta_term": 0.011982929094215963,
    "B_lambda": 0.9147801580307503,
    "components": {
      "empirical_term": 0.8297867371711004,
      "kl_term": 0.07296049176543397,
      "discretization_term": 5e-05,
      "confidence_term": 0.011982929094215963
    },
    "valid": true
  },
  "posterior_summary": {
    "mean": [
      1.5398882882126772,
      2.2302392674939093,
      3.397847094460209
    ],
    "std": [
      0.06711922849897228,
      0.2025063876163689,
      0.14685914376523307
    ]
  },
  "performance": {
    "runtime": 239.5584089756012,
    "test_log_posterior": -236.52012729964295
  }
}