{
  "experiment_id": "s5_sigma0.2_nx100_T0.5_lam1.0_m5_seed101",
  "config": {
    "n_x": 100,
    "n_t": 50,
    "T": 0.5,
    "lambda": 1.0,
    "placement_type": "fixed",
    "delta": 0.05,
    "alpha": 0.001,
    "M": 2000,
    "R": 100,
    "s": 5,
    "sigma": 0.2,
    "m": 5,
    "c": 1.0,
    "seed": 101,
    "n": 250,
    "sensor_positions": [
      0.1,
      0.3,
      0.5,
      0.7,
      0.9
    ],
    "Delta_x": 0.01,
    "Delta_t": 0.01020408163265306,
    "mcmc_n_steps": 10000,
    "mcmc_n_burn": 2000,
    "exp_id": 102
  },
  "dataset": {
    "kappa_star": [
      2.3073951969585615,
      2.4973365540384895,
      0.5996597926733394,
      1.1003257967878608,
      2.898469435940594
    ],
    "n_observations": 250
  },
  "mcmc": {
    "acceptance_rate": 0.7253750000000001,
    "ess_min": 210.72489532484428,
    "ess_mean": 286.1388434332097,
    "ess_per_coord": [
      234.59617133424754,
      320.37407952826203,
      394.0508103541731,
      270.9482606245213,
      210.72489532484428
    ],
    "n_chunks": 12,
    "total_steps": 24000,
    "converged": true,
    "efficiency": 0.008780203971868511,
    "n_forward_evals": 24000
  },
  "certificate": {
    "L_hat": 0.7409834912426675,
    "KL": 37.83860662700454,
    "eta_h": 5e-05,
    "delta_term": 0.011982929094215963,
    "B_lambda": 0.9043708468449015,
    "components": {
      "empirical_term": 0.7409834912426675,
      "kl_term": 0.15135442650801814,
      "discretization_term": 5e-05,
      "confidence_term": 0.011982929094215963
    },
    "valid": true
  },
  "posterior_summary": {
    "mean": [
      2.772440663981863,
      3.1118257661571804,
      2.3662189210499793,
      2.338646507420871,
      2.2853988785827575
    ],
    "std": [
      0.3262601972533625,
      0.3293176500062497,
      0.21241677761580918,
      0.2882740318147336,
      0.5856232544206023
    ]
  },
  "performance": {
    "runtime": 145.0004379749298,
    "test_log_posterior": -234.04129138294815
  }
}