{
  "experiment_id": "s5_sigma0.05_nx100_T0.5_lam1.0_m5_seed202",
  "config": {
    "n_x": 100,
    "n_t": 50,
    "T": 0.5,
    "lambda": 1.0,
    "placement_type": "fixed",
    "delta": 0.05,
    "alpha": 0.001,
    "M": 2000,
    "R": 100,
    "s": 5,
    "sigma": 0.05,
    "m": 5,
    "c": 0.5,
    "seed": 202,
    "n": 250,
    "sensor_positions": [
      0.1,
      0.3,
      0.5,
      0.7,
      0.9
    ],
    "Delta_x": 0.01,
    "Delta_t": 0.01020408163265306,
    "mcmc_n_steps": 10000,
    "mcmc_n_burn": 2000,
    "exp_id": 64
  },
  "dataset": {
    "kappa_star": [
      1.2847216299636934,
      1.4241900884838463,
      3.920764034845088,
      3.9752807832159958,
      3.9824723567684557
    ],
    "n_observations": 250
  },
  "mcmc": {
    "acceptance_rate": 0.843525,
    "ess_min": 202.88341758998266,
    "ess_mean": 226.65932258658077,
    "ess_per_coord": [
      234.42813342205324,
      253.00418584169768,
      230.16932659745004,
      202.88341758998266,
      212.81154948172033
    ],
    "n_chunks": 20,
    "total_steps": 40000,
    "converged": true,
    "efficiency": 0.005072085439749566,
    "n_forward_evals": 40000
  },
  "certificate": {
    "L_hat": 0.9571610162043879,
    "KL": 7.423786685843396,
    "eta_h": 5e-05,
    "delta_term": 0.011982929094215963,
    "B_lambda": 0.9988890920419774,
    "components": {
      "empirical_term": 0.9571610162043879,
      "kl_term": 0.029695146743373584,
      "discretization_term": 5e-05,
      "confidence_term": 0.011982929094215963
    },
    "valid": true
  },
  "posterior_summary": {
    "mean": [
      2.5498030469938935,
      2.066145535599708,
      0.9744608586514493,
      1.3145324522726127,
      1.3945181736566452
    ],
    "std": [
      0.2842838576715787,
      0.525180474338491,
      0.4602700560547786,
      0.6881717943011372,
      0.6439325338116655
    ]
  },
  "performance": {
    "runtime": 421.3971428871155,
    "test_log_posterior": -278.231794636144
  }
}