{
  "experiment_id": "s5_sigma0.1_nx100_T0.5_lam1.0_m3_seed202",
  "config": {
    "n_x": 100,
    "n_t": 50,
    "T": 0.5,
    "lambda": 1.0,
    "placement_type": "fixed",
    "delta": 0.05,
    "alpha": 0.001,
    "M": 2000,
    "R": 100,
    "s": 5,
    "sigma": 0.1,
    "m": 3,
    "c": 2.0,
    "seed": 202,
    "n": 250,
    "sensor_positions": [
      0.1,
      0.3,
      0.5,
      0.7,
      0.9
    ],
    "Delta_x": 0.01,
    "Delta_t": 0.01020408163265306,
    "mcmc_n_steps": 10000,
    "mcmc_n_burn": 2000,
    "exp_id": 79
  },
  "dataset": {
    "kappa_star": [
      1.2847216299636934,
      1.4241900884838463,
      3.920764034845088
    ],
    "n_observations": 250
  },
  "mcmc": {
    "acceptance_rate": 0.554171875,
    "ess_min": 215.70805928078858,
    "ess_mean": 492.24579804721634,
    "ess_per_coord": [
      692.20508352522,
      215.70805928078858,
      568.8242513356405
    ],
    "n_chunks": 16,
    "total_steps": 32000,
    "converged": true,
    "efficiency": 0.006740876852524643,
    "n_forward_evals": 32000
  },
  "certificate": {
    "L_hat": 0.6761074314778486,
    "KL": 27.44519227232695,
    "eta_h": 5e-05,
    "delta_term": 0.011982929094215963,
    "B_lambda": 0.7979211296613723,
    "components": {
      "empirical_term": 0.6761074314778486,
      "kl_term": 0.1097807690893078,
      "discretization_term": 5e-05,
      "confidence_term": 0.011982929094215963
    },
    "valid": true
  },
  "posterior_summary": {
    "mean": [
      1.4176010748470693,
      2.8149369646379974,
      3.233379432247601
    ],
    "std": [
      0.10652281666286295,
      0.27831755472478087,
      0.17215750180203268
    ]
  },
  "performance": {
    "runtime": 130.4746870994568,
    "test_log_posterior": -197.24506891923753
  }
}