{
  "experiment_id": "s5_sigma0.1_nx100_T0.5_lam1.0_m5_seed101",
  "config": {
    "n_x": 100,
    "n_t": 50,
    "T": 0.5,
    "lambda": 1.0,
    "placement_type": "fixed",
    "delta": 0.05,
    "alpha": 0.001,
    "M": 2000,
    "R": 100,
    "s": 5,
    "sigma": 0.1,
    "m": 5,
    "c": 2.0,
    "seed": 101,
    "n": 250,
    "sensor_positions": [
      0.1,
      0.3,
      0.5,
      0.7,
      0.9
    ],
    "Delta_x": 0.01,
    "Delta_t": 0.01020408163265306,
    "mcmc_n_steps": 10000,
    "mcmc_n_burn": 2000,
    "exp_id": 87
  },
  "dataset": {
    "kappa_star": [
      2.3073951969585615,
      2.4973365540384895,
      0.5996597926733394,
      1.1003257967878608,
      2.898469435940594
    ],
    "n_observations": 250
  },
  "mcmc": {
    "acceptance_rate": 0.6296041666666666,
    "ess_min": 206.132313620733,
    "ess_mean": 261.95606954478416,
    "ess_per_coord": [
      276.78415990556545,
      257.3883615633477,
      257.7844086662738,
      206.132313620733,
      311.69110396800113
    ],
    "n_chunks": 8,
    "total_steps": 16000,
    "converged": true,
    "efficiency": 0.012883269601295811,
    "n_forward_evals": 16000
  },
  "certificate": {
    "L_hat": 0.7497884535639122,
    "KL": 42.01983809845564,
    "eta_h": 5e-05,
    "delta_term": 0.011982929094215963,
    "B_lambda": 0.9299007350519507,
    "components": {
      "empirical_term": 0.7497884535639122,
      "kl_term": 0.16807935239382255,
      "discretization_term": 5e-05,
      "confidence_term": 0.011982929094215963
    },
    "valid": true
  },
  "posterior_summary": {
    "mean": [
      3.012713719589052,
      3.0907815302088126,
      2.332378833346735,
      2.219117529274736,
      2.7310326939622662
    ],
    "std": [
      0.26836866637312673,
      0.2604974286282138,
      0.17667831248593147,
      0.1801770448922633,
      0.34097103280383384
    ]
  },
  "performance": {
    "runtime": 142.3827679157257,
    "test_log_posterior": -239.86062129614896
  }
}