{
  "experiment_id": "s5_sigma0.05_nx100_T0.5_lam1.0_m3_seed202",
  "config": {
    "n_x": 100,
    "n_t": 50,
    "T": 0.5,
    "lambda": 1.0,
    "placement_type": "fixed",
    "delta": 0.05,
    "alpha": 0.001,
    "M": 2000,
    "R": 100,
    "s": 5,
    "sigma": 0.05,
    "m": 3,
    "c": 2.0,
    "seed": 202,
    "n": 250,
    "sensor_positions": [
      0.1,
      0.3,
      0.5,
      0.7,
      0.9
    ],
    "Delta_x": 0.01,
    "Delta_t": 0.01020408163265306,
    "mcmc_n_steps": 10000,
    "mcmc_n_burn": 2000,
    "exp_id": 61
  },
  "dataset": {
    "kappa_star": [
      1.2847216299636934,
      1.4241900884838463,
      3.920764034845088
    ],
    "n_observations": 250
  },
  "mcmc": {
    "acceptance_rate": 0.5233099999999999,
    "ess_min": 86.93938862177936,
    "ess_mean": 145.09553165591623,
    "ess_per_coord": [
      219.3668778781167,
      86.93938862177936,
      128.98032846785264
    ],
    "n_chunks": 25,
    "total_steps": 50000,
    "converged": false,
    "efficiency": 0.0017387877724355872,
    "n_forward_evals": 50000
  },
  "certificate": {
    "L_hat": 0.7244702539817809,
    "KL": 24.9588842005995,
    "eta_h": 5e-05,
    "delta_term": 0.011982929094215963,
    "B_lambda": 0.8363387198783948,
    "components": {
      "empirical_term": 0.7244702539817809,
      "kl_term": 0.099835536802398,
      "discretization_term": 5e-05,
      "confidence_term": 0.011982929094215963
    },
    "valid": true
  },
  "posterior_summary": {
    "mean": [
      1.5657483388139812,
      2.05678920879094,
      3.5180048663188876
    ],
    "std": [
      0.07584905726092261,
      0.2258667881626898,
      0.18915541831938665
    ]
  },
  "performance": {
    "runtime": 241.28182411193848,
    "test_log_posterior": -214.57542905206918
  }
}