{
  "experiment_id": "s5_sigma0.2_nx100_T0.5_lam1.0_m5_seed202",
  "config": {
    "n_x": 100,
    "n_t": 50,
    "T": 0.5,
    "lambda": 1.0,
    "placement_type": "fixed",
    "delta": 0.05,
    "alpha": 0.001,
    "M": 2000,
    "R": 100,
    "s": 5,
    "sigma": 0.2,
    "m": 5,
    "c": 2.0,
    "seed": 202,
    "n": 250,
    "sensor_positions": [
      0.1,
      0.3,
      0.5,
      0.7,
      0.9
    ],
    "Delta_x": 0.01,
    "Delta_t": 0.01020408163265306,
    "mcmc_n_steps": 10000,
    "mcmc_n_burn": 2000,
    "exp_id": 106
  },
  "dataset": {
    "kappa_star": [
      1.2847216299636934,
      1.4241900884838463,
      3.920764034845088,
      3.9752807832159958,
      3.9824723567684557
    ],
    "n_observations": 250
  },
  "mcmc": {
    "acceptance_rate": 0.8747333333333334,
    "ess_min": 126.80483309817397,
    "ess_mean": 313.5486205380391,
    "ess_per_coord": [
      516.124881947483,
      126.80483309817397,
      278.77314727446463,
      325.9470341534364,
      320.0932062166375
    ],
    "n_chunks": 25,
    "total_steps": 50000,
    "converged": false,
    "efficiency": 0.0025360966619634795,
    "n_forward_evals": 50000
  },
  "certificate": {
    "L_hat": 0.8464789212423459,
    "KL": 7.768348170623483,
    "eta_h": 5e-05,
    "delta_term": 0.011982929094215963,
    "B_lambda": 0.8895852430190558,
    "components": {
      "empirical_term": 0.8464789212423459,
      "kl_term": 0.03107339268249393,
      "discretization_term": 5e-05,
      "confidence_term": 0.011982929094215963
    },
    "valid": true
  },
  "posterior_summary": {
    "mean": [
      2.266922069194644,
      2.505697991718496,
      1.965591164209807,
      1.872110699308097,
      1.7259891442753277
    ],
    "std": [
      0.4480190204927448,
      0.6026505924023572,
      0.5860662677028212,
      0.5024544333064249,
      0.49925182798913936
    ]
  },
  "performance": {
    "runtime": 539.4455060958862,
    "test_log_posterior": -246.93629694188638
  }
}