{
  "experiment_id": "s5_sigma0.2_nx100_T0.5_lam1.0_m3_seed202",
  "config": {
    "n_x": 100,
    "n_t": 50,
    "T": 0.5,
    "lambda": 1.0,
    "placement_type": "fixed",
    "delta": 0.05,
    "alpha": 0.001,
    "M": 2000,
    "R": 100,
    "s": 5,
    "sigma": 0.2,
    "m": 3,
    "c": 1.0,
    "seed": 202,
    "n": 250,
    "sensor_positions": [
      0.1,
      0.3,
      0.5,
      0.7,
      0.9
    ],
    "Delta_x": 0.01,
    "Delta_t": 0.01020408163265306,
    "mcmc_n_steps": 10000,
    "mcmc_n_burn": 2000,
    "exp_id": 94
  },
  "dataset": {
    "kappa_star": [
      1.2847216299636934,
      1.4241900884838463,
      3.920764034845088
    ],
    "n_observations": 250
  },
  "mcmc": {
    "acceptance_rate": 0.663,
    "ess_min": 222.84826743096815,
    "ess_mean": 431.55118278758295,
    "ess_per_coord": [
      673.4348325707825,
      222.84826743096815,
      398.3704483609982
    ],
    "n_chunks": 11,
    "total_steps": 22000,
    "converged": true,
    "efficiency": 0.010129466701407644,
    "n_forward_evals": 22000
  },
  "certificate": {
    "L_hat": 0.7016882576775714,
    "KL": 21.45549850386965,
    "eta_h": 5e-05,
    "delta_term": 0.011982929094215963,
    "B_lambda": 0.7995431807872659,
    "components": {
      "empirical_term": 0.7016882576775714,
      "kl_term": 0.08582199401547859,
      "discretization_term": 5e-05,
      "confidence_term": 0.011982929094215963
    },
    "valid": true
  },
  "posterior_summary": {
    "mean": [
      1.4218886351077602,
      2.8944906370250227,
      3.076598722492518
    ],
    "std": [
      0.16147993148748416,
      0.2199141812137811,
      0.24523921990830255
    ]
  },
  "performance": {
    "runtime": 87.30772995948792,
    "test_log_posterior": -198.8505978621185
  }
}