{
  "experiment_id": "s5_sigma0.1_nx100_T0.5_lam1.0_m5_seed101",
  "config": {
    "n_x": 100,
    "n_t": 50,
    "T": 0.5,
    "lambda": 1.0,
    "placement_type": "fixed",
    "delta": 0.05,
    "alpha": 0.001,
    "M": 2000,
    "R": 100,
    "s": 5,
    "sigma": 0.1,
    "m": 5,
    "c": 0.5,
    "seed": 101,
    "n": 250,
    "sensor_positions": [
      0.1,
      0.3,
      0.5,
      0.7,
      0.9
    ],
    "Delta_x": 0.01,
    "Delta_t": 0.01020408163265306,
    "mcmc_n_steps": 10000,
    "mcmc_n_burn": 2000,
    "exp_id": 81
  },
  "dataset": {
    "kappa_star": [
      2.3073951969585615,
      2.4973365540384895,
      0.5996597926733394,
      1.1003257967878608,
      2.898469435940594
    ],
    "n_observations": 250
  },
  "mcmc": {
    "acceptance_rate": 0.7026538461538462,
    "ess_min": 211.90690909178923,
    "ess_mean": 247.27223225689423,
    "ess_per_coord": [
      211.90690909178923,
      231.92190264065468,
      258.2898527139465,
      302.7467814208286,
      231.495715417252
    ],
    "n_chunks": 13,
    "total_steps": 26000,
    "converged": true,
    "efficiency": 0.008150265734299585,
    "n_forward_evals": 26000
  },
  "certificate": {
    "L_hat": 0.8795137913339477,
    "KL": 22.129294742192712,
    "eta_h": 5e-05,
    "delta_term": 0.011982929094215963,
    "B_lambda": 0.9800638993969345,
    "components": {
      "empirical_term": 0.8795137913339477,
      "kl_term": 0.08851717896877084,
      "discretization_term": 5e-05,
      "confidence_term": 0.011982929094215963
    },
    "valid": true
  },
  "posterior_summary": {
    "mean": [
      2.7584796911324854,
      2.801539860510398,
      2.4421665258678513,
      2.3944019424199325,
      2.5548922433676085
    ],
    "std": [
      0.7556927219192833,
      0.5501885902991352,
      0.40162730459892354,
      0.3083640328673448,
      0.5095050287202878
    ]
  },
  "performance": {
    "runtime": 249.17053318023682,
    "test_log_posterior": -251.9984311097943
  }
}