{
  "experiment_id": "s5_sigma0.2_nx100_T0.5_lam1.0_m3_seed303",
  "config": {
    "n_x": 100,
    "n_t": 50,
    "T": 0.5,
    "lambda": 1.0,
    "placement_type": "fixed",
    "delta": 0.05,
    "alpha": 0.001,
    "M": 2000,
    "R": 100,
    "s": 5,
    "sigma": 0.2,
    "m": 3,
    "c": 2.0,
    "seed": 303,
    "n": 250,
    "sensor_positions": [
      0.1,
      0.3,
      0.5,
      0.7,
      0.9
    ],
    "Delta_x": 0.01,
    "Delta_t": 0.01020408163265306,
    "mcmc_n_steps": 10000,
    "mcmc_n_burn": 2000,
    "exp_id": 98
  },
  "dataset": {
    "kappa_star": [
      3.12551948199565,
      1.4836227496566199,
      2.427779995862962
    ],
    "n_observations": 250
  },
  "mcmc": {
    "acceptance_rate": 0.6726875000000001,
    "ess_min": 214.81146613932958,
    "ess_mean": 252.18681542262155,
    "ess_per_coord": [
      231.99429227999462,
      214.81146613932958,
      309.75468784854047
    ],
    "n_chunks": 4,
    "total_steps": 8000,
    "converged": true,
    "efficiency": 0.026851433267416198,
    "n_forward_evals": 8000
  },
  "certificate": {
    "L_hat": 0.6321537025411197,
    "KL": 30.19088343420418,
    "eta_h": 5e-05,
    "delta_term": 0.011982929094215963,
    "B_lambda": 0.7649501653721523,
    "components": {
      "empirical_term": 0.6321537025411197,
      "kl_term": 0.12076353373681672,
      "discretization_term": 5e-05,
      "confidence_term": 0.011982929094215963
    },
    "valid": true
  },
  "posterior_summary": {
    "mean": [
      2.6867421756439676,
      3.156157241117075,
      2.1771530542812823
    ],
    "std": [
      0.17626932941746057,
      0.19651271348608645,
      0.20990169937540903
    ]
  },
  "performance": {
    "runtime": 19.303175926208496,
    "test_log_posterior": -181.46117765501683
  }
}