{
  "experiment_id": "s5_sigma0.05_nx100_T0.5_lam1.0_m5_seed202",
  "config": {
    "n_x": 100,
    "n_t": 50,
    "T": 0.5,
    "lambda": 1.0,
    "placement_type": "fixed",
    "delta": 0.05,
    "alpha": 0.001,
    "M": 2000,
    "R": 100,
    "s": 5,
    "sigma": 0.05,
    "m": 5,
    "c": 1.0,
    "seed": 202,
    "n": 250,
    "sensor_positions": [
      0.1,
      0.3,
      0.5,
      0.7,
      0.9
    ],
    "Delta_x": 0.01,
    "Delta_t": 0.01020408163265306,
    "mcmc_n_steps": 10000,
    "mcmc_n_burn": 2000,
    "exp_id": 67
  },
  "dataset": {
    "kappa_star": [
      1.2847216299636934,
      1.4241900884838463,
      3.920764034845088,
      3.9752807832159958,
      3.9824723567684557
    ],
    "n_observations": 250
  },
  "mcmc": {
    "acceptance_rate": 0.8258981481481481,
    "ess_min": 200.7440602152683,
    "ess_mean": 282.6072030202618,
    "ess_per_coord": [
      442.24037829654753,
      268.04260504958086,
      200.7440602152683,
      251.3174378339996,
      250.69153370591263
    ],
    "n_chunks": 18,
    "total_steps": 36000,
    "converged": true,
    "efficiency": 0.005576223894868564,
    "n_forward_evals": 36000
  },
  "certificate": {
    "L_hat": 0.9413162516339348,
    "KL": 8.031729730289072,
    "eta_h": 5e-05,
    "delta_term": 0.011982929094215963,
    "B_lambda": 0.985476099649307,
    "components": {
      "empirical_term": 0.9413162516339348,
      "kl_term": 0.03212691892115629,
      "discretization_term": 5e-05,
      "confidence_term": 0.011982929094215963
    },
    "valid": true
  },
  "posterior_summary": {
    "mean": [
      2.5448295653224635,
      1.9927874738778082,
      1.149208555373097,
      1.255964519643079,
      1.4916478772135138
    ],
    "std": [
      0.2533420159946421,
      0.49072598648232374,
      0.6843746053114232,
      0.5647735906683169,
      0.4897954048030493
    ]
  },
  "performance": {
    "runtime": 368.40202593803406,
    "test_log_posterior": -276.744415982682
  }
}