{
  "experiment_id": "s5_sigma0.05_nx100_T0.5_lam1.0_m3_seed303",
  "config": {
    "n_x": 100,
    "n_t": 50,
    "T": 0.5,
    "lambda": 1.0,
    "placement_type": "fixed",
    "delta": 0.05,
    "alpha": 0.001,
    "M": 2000,
    "R": 100,
    "s": 5,
    "sigma": 0.05,
    "m": 3,
    "c": 2.0,
    "seed": 303,
    "n": 250,
    "sensor_positions": [
      0.1,
      0.3,
      0.5,
      0.7,
      0.9
    ],
    "Delta_x": 0.01,
    "Delta_t": 0.01020408163265306,
    "mcmc_n_steps": 10000,
    "mcmc_n_burn": 2000,
    "exp_id": 62
  },
  "dataset": {
    "kappa_star": [
      3.12551948199565,
      1.4836227496566199,
      2.427779995862962
    ],
    "n_observations": 250
  },
  "mcmc": {
    "acceptance_rate": 0.48925,
    "ess_min": 211.70029890347126,
    "ess_mean": 281.5977001087128,
    "ess_per_coord": [
      294.3717987008741,
      211.70029890347126,
      338.72100272179296
    ],
    "n_chunks": 10,
    "total_steps": 20000,
    "converged": true,
    "efficiency": 0.010585014945173563,
    "n_forward_evals": 20000
  },
  "certificate": {
    "L_hat": 0.7422502944141747,
    "KL": 38.838604579975225,
    "eta_h": 5e-05,
    "delta_term": 0.011982929094215963,
    "B_lambda": 0.9096376418282915,
    "components": {
      "empirical_term": 0.7422502944141747,
      "kl_term": 0.1553544183199009,
      "discretization_term": 5e-05,
      "confidence_term": 0.011982929094215963
    },
    "valid": true
  },
  "posterior_summary": {
    "mean": [
      3.0404580074040006,
      2.167967037160843,
      2.5157162749109587
    ],
    "std": [
      0.09504832523174452,
      0.1931629921004578,
      0.09011865529756338
    ]
  },
  "performance": {
    "runtime": 78.49260687828064,
    "test_log_posterior": -215.70179423314386
  }
}