{
  "experiment_id": "s5_sigma0.05_nx100_T0.5_lam1.0_m5_seed101",
  "config": {
    "n_x": 100,
    "n_t": 50,
    "T": 0.5,
    "lambda": 1.0,
    "placement_type": "fixed",
    "delta": 0.05,
    "alpha": 0.001,
    "M": 2000,
    "R": 100,
    "s": 5,
    "sigma": 0.05,
    "m": 5,
    "c": 1.0,
    "seed": 101,
    "n": 250,
    "sensor_positions": [
      0.1,
      0.3,
      0.5,
      0.7,
      0.9
    ],
    "Delta_x": 0.01,
    "Delta_t": 0.01020408163265306,
    "mcmc_n_steps": 10000,
    "mcmc_n_burn": 2000,
    "exp_id": 66
  },
  "dataset": {
    "kappa_star": [
      2.3073951969585615,
      2.4973365540384895,
      0.5996597926733394,
      1.1003257967878608,
      2.898469435940594
    ],
    "n_observations": 250
  },
  "mcmc": {
    "acceptance_rate": 0.7121933333333335,
    "ess_min": 21.933680957001574,
    "ess_mean": 288.2938362518539,
    "ess_per_coord": [
      34.731457429717004,
      21.933680957001574,
      122.85776329147994,
      355.6665513759964,
      906.2797282050745
    ],
    "n_chunks": 25,
    "total_steps": 50000,
    "converged": false,
    "efficiency": 0.0004386736191400315,
    "n_forward_evals": 50000
  },
  "certificate": {
    "L_hat": 0.9314245695853525,
    "KL": 14.339338618328128,
    "eta_h": 5e-05,
    "delta_term": 0.011982929094215963,
    "B_lambda": 1.000814853152881,
    "components": {
      "empirical_term": 0.9314245695853525,
      "kl_term": 0.05735735447331251,
      "discretization_term": 5e-05,
      "confidence_term": 0.011982929094215963
    },
    "valid": true
  },
  "posterior_summary": {
    "mean": [
      0.9404928085647236,
      1.3950470175607292,
      1.6554675795068352,
      2.655710105006376,
      2.9307950166254626
    ],
    "std": [
      0.52003486297426,
      0.5896486569933412,
      0.8237498716488141,
      0.2658815921579216,
      0.1863358790236547
    ]
  },
  "performance": {
    "runtime": 555.3588531017303,
    "test_log_posterior": -259.07590068162347
  }
}