{
  "experiment_id": "s5_sigma0.1_nx100_T0.5_lam1.0_m5_seed101",
  "config": {
    "n_x": 100,
    "n_t": 50,
    "T": 0.5,
    "lambda": 1.0,
    "placement_type": "fixed",
    "delta": 0.05,
    "alpha": 0.001,
    "M": 2000,
    "R": 100,
    "s": 5,
    "sigma": 0.1,
    "m": 5,
    "c": 1.0,
    "seed": 101,
    "n": 250,
    "sensor_positions": [
      0.1,
      0.3,
      0.5,
      0.7,
      0.9
    ],
    "Delta_x": 0.01,
    "Delta_t": 0.01020408163265306,
    "mcmc_n_steps": 10000,
    "mcmc_n_burn": 2000,
    "exp_id": 84
  },
  "dataset": {
    "kappa_star": [
      2.3073951969585615,
      2.4973365540384895,
      0.5996597926733394,
      1.1003257967878608,
      2.898469435940594
    ],
    "n_observations": 250
  },
  "mcmc": {
    "acceptance_rate": 0.6539074074074075,
    "ess_min": 207.42691974566793,
    "ess_mean": 242.66068383467805,
    "ess_per_coord": [
      220.22783015337848,
      207.42691974566793,
      260.03725755645274,
      284.33360448936475,
      241.27780722852643
    ],
    "n_chunks": 9,
    "total_steps": 18000,
    "converged": true,
    "efficiency": 0.011523717763648219,
    "n_forward_evals": 18000
  },
  "certificate": {
    "L_hat": 0.8200534789610291,
    "KL": 32.06802604901603,
    "eta_h": 5e-05,
    "delta_term": 0.011982929094215963,
    "B_lambda": 0.9603585122513091,
    "components": {
      "empirical_term": 0.8200534789610291,
      "kl_term": 0.1282721041960641,
      "discretization_term": 5e-05,
      "confidence_term": 0.011982929094215963
    },
    "valid": true
  },
  "posterior_summary": {
    "mean": [
      2.8590361157931863,
      2.90585661526363,
      2.4121329736191375,
      2.254430360222448,
      2.740595826322891
    ],
    "std": [
      0.5786380266251454,
      0.45007317648970246,
      0.2460687876969339,
      0.20869840625816474,
      0.31476461501712877
    ]
  },
  "performance": {
    "runtime": 169.79035305976868,
    "test_log_posterior": -247.21565625785757
  }
}