{
  "experiment_id": "s5_sigma0.05_nx100_T0.5_lam1.0_m5_seed303",
  "config": {
    "n_x": 100,
    "n_t": 50,
    "T": 0.5,
    "lambda": 1.0,
    "placement_type": "fixed",
    "delta": 0.05,
    "alpha": 0.001,
    "M": 2000,
    "R": 100,
    "s": 5,
    "sigma": 0.05,
    "m": 5,
    "c": 2.0,
    "seed": 303,
    "n": 250,
    "sensor_positions": [
      0.1,
      0.3,
      0.5,
      0.7,
      0.9
    ],
    "Delta_x": 0.01,
    "Delta_t": 0.01020408163265306,
    "mcmc_n_steps": 10000,
    "mcmc_n_burn": 2000,
    "exp_id": 71
  },
  "dataset": {
    "kappa_star": [
      3.12551948199565,
      1.4836227496566199,
      2.427779995862962,
      3.3381215081208255,
      2.6741059937440994
    ],
    "n_observations": 250
  },
  "mcmc": {
    "acceptance_rate": 0.9333043478260871,
    "ess_min": 207.28939465208563,
    "ess_mean": 253.3391568452621,
    "ess_per_coord": [
      207.28939465208563,
      232.59872806500064,
      254.030197564065,
      287.1737158572548,
      285.6037480879045
    ],
    "n_chunks": 23,
    "total_steps": 46000,
    "converged": true,
    "efficiency": 0.004506291188088818,
    "n_forward_evals": 46000
  },
  "certificate": {
    "L_hat": 0.9952608938137874,
    "KL": 0.5305947757415481,
    "eta_h": 5e-05,
    "delta_term": 0.011982929094215963,
    "B_lambda": 1.0094162020109696,
    "components": {
      "empirical_term": 0.9952608938137874,
      "kl_term": 0.0021223791029661926,
      "discretization_term": 5e-05,
      "confidence_term": 0.011982929094215963
    },
    "valid": true
  },
  "posterior_summary": {
    "mean": [
      1.4972152561628682,
      1.1713013622736388,
      0.7905885141326463,
      0.9866268055807802,
      0.8281832283168287
    ],
    "std": [
      1.1521192993856213,
      0.7308440861075808,
      0.5715840881340782,
      0.516929295947491,
      0.5730441871573919
    ]
  },
  "performance": {
    "runtime": 502.1252980232239,
    "test_log_posterior": -269.17258020623296
  }
}