{
  "experiment_id": "s5_sigma0.05_nx100_T0.5_lam1.0_m3_seed303",
  "config": {
    "n_x": 100,
    "n_t": 50,
    "T": 0.5,
    "lambda": 1.0,
    "placement_type": "fixed",
    "delta": 0.05,
    "alpha": 0.001,
    "M": 2000,
    "R": 100,
    "s": 5,
    "sigma": 0.05,
    "m": 3,
    "c": 1.0,
    "seed": 303,
    "n": 250,
    "sensor_positions": [
      0.1,
      0.3,
      0.5,
      0.7,
      0.9
    ],
    "Delta_x": 0.01,
    "Delta_t": 0.01020408163265306,
    "mcmc_n_steps": 10000,
    "mcmc_n_burn": 2000,
    "exp_id": 59
  },
  "dataset": {
    "kappa_star": [
      3.12551948199565,
      1.4836227496566199,
      2.427779995862962
    ],
    "n_observations": 250
  },
  "mcmc": {
    "acceptance_rate": 0.3666666666666667,
    "ess_min": 200.2935256357267,
    "ess_mean": 288.96635247555815,
    "ess_per_coord": [
      263.9566332948062,
      200.2935256357267,
      402.64889849614156
    ],
    "n_chunks": 9,
    "total_steps": 18000,
    "converged": true,
    "efficiency": 0.011127418090873704,
    "n_forward_evals": 18000
  },
  "certificate": {
    "L_hat": 0.8012985052153536,
    "KL": 31.71828154476276,
    "eta_h": 5e-05,
    "delta_term": 0.011982929094215963,
    "B_lambda": 0.9402045604886206,
    "components": {
      "empirical_term": 0.8012985052153536,
      "kl_term": 0.12687312617905105,
      "discretization_term": 5e-05,
      "confidence_term": 0.011982929094215963
    },
    "valid": true
  },
  "posterior_summary": {
    "mean": [
      3.0475591934444,
      2.182910816961695,
      2.5166991749263943
    ],
    "std": [
      0.1025541901959716,
      0.23422050522561408,
      0.10020365387448647
    ]
  },
  "performance": {
    "runtime": 70.416335105896,
    "test_log_posterior": -228.72614531469992
  }
}