{
  "experiment_id": "s5_sigma0.1_nx100_T0.5_lam1.0_m5_seed303",
  "config": {
    "n_x": 100,
    "n_t": 50,
    "T": 0.5,
    "lambda": 1.0,
    "placement_type": "fixed",
    "delta": 0.05,
    "alpha": 0.001,
    "M": 2000,
    "R": 100,
    "s": 5,
    "sigma": 0.1,
    "m": 5,
    "c": 1.0,
    "seed": 303,
    "n": 250,
    "sensor_positions": [
      0.1,
      0.3,
      0.5,
      0.7,
      0.9
    ],
    "Delta_x": 0.01,
    "Delta_t": 0.01020408163265306,
    "mcmc_n_steps": 10000,
    "mcmc_n_burn": 2000,
    "exp_id": 86
  },
  "dataset": {
    "kappa_star": [
      3.12551948199565,
      1.4836227496566199,
      2.427779995862962,
      3.3381215081208255,
      2.6741059937440994
    ],
    "n_observations": 250
  },
  "mcmc": {
    "acceptance_rate": 0.9131600000000001,
    "ess_min": 98.18947802373515,
    "ess_mean": 201.59849406520743,
    "ess_per_coord": [
      98.18947802373515,
      155.97095978387264,
      223.60016857566757,
      262.850201871833,
      267.38166207092877
    ],
    "n_chunks": 25,
    "total_steps": 50000,
    "converged": false,
    "efficiency": 0.001963789560474703,
    "n_forward_evals": 50000
  },
  "certificate": {
    "L_hat": 0.9682739999834973,
    "KL": 3.830523058342351,
    "eta_h": 5e-05,
    "delta_term": 0.011982929094215963,
    "B_lambda": 0.9956290213110827,
    "components": {
      "empirical_term": 0.9682739999834973,
      "kl_term": 0.015322092233369403,
      "discretization_term": 5e-05,
      "confidence_term": 0.011982929094215963
    },
    "valid": true
  },
  "posterior_summary": {
    "mean": [
      2.277479467864923,
      1.5161484428509524,
      0.9136806094693669,
      1.2907854969129096,
      1.7272583755913098
    ],
    "std": [
      0.7919001351863717,
      0.786359458735837,
      0.5730132043030125,
      0.6339122067263218,
      0.530511526031104
    ]
  },
  "performance": {
    "runtime": 540.8928492069244,
    "test_log_posterior": -261.5521673897381
  }
}