{
  "experiment_id": "s5_sigma0.1_nx100_T0.5_lam1.0_m5_seed303",
  "config": {
    "n_x": 100,
    "n_t": 50,
    "T": 0.5,
    "lambda": 1.0,
    "placement_type": "fixed",
    "delta": 0.05,
    "alpha": 0.001,
    "M": 2000,
    "R": 100,
    "s": 5,
    "sigma": 0.1,
    "m": 5,
    "c": 0.5,
    "seed": 303,
    "n": 250,
    "sensor_positions": [
      0.1,
      0.3,
      0.5,
      0.7,
      0.9
    ],
    "Delta_x": 0.01,
    "Delta_t": 0.01020408163265306,
    "mcmc_n_steps": 10000,
    "mcmc_n_burn": 2000,
    "exp_id": 83
  },
  "dataset": {
    "kappa_star": [
      3.12551948199565,
      1.4836227496566199,
      2.427779995862962,
      3.3381215081208255,
      2.6741059937440994
    ],
    "n_observations": 250
  },
  "mcmc": {
    "acceptance_rate": 0.9264933333333332,
    "ess_min": 177.54786526653805,
    "ess_mean": 256.90013866524293,
    "ess_per_coord": [
      177.54786526653805,
      222.23189764867269,
      348.5627572100698,
      232.1421986562049,
      304.0159745447293
    ],
    "n_chunks": 25,
    "total_steps": 50000,
    "converged": false,
    "efficiency": 0.003550957305330761,
    "n_forward_evals": 50000
  },
  "certificate": {
    "L_hat": 0.9845593780579897,
    "KL": 1.7015540209546884,
    "eta_h": 5e-05,
    "delta_term": 0.011982929094215963,
    "B_lambda": 1.0033985232360245,
    "components": {
      "empirical_term": 0.9845593780579897,
      "kl_term": 0.0068062160838187535,
      "discretization_term": 5e-05,
      "confidence_term": 0.011982929094215963
    },
    "valid": true
  },
  "posterior_summary": {
    "mean": [
      1.798097305374794,
      1.135488726324764,
      0.7773465059175259,
      0.9824557871628022,
      1.570875982022979
    ],
    "std": [
      0.855639645346083,
      0.6572442695256115,
      0.44366344234150434,
      0.6049433273412977,
      0.7024521971782328
    ]
  },
  "performance": {
    "runtime": 548.8445811271667,
    "test_log_posterior": -265.3283773548465
  }
}