{
  "experiment_id": "s5_sigma0.2_nx100_T0.5_lam1.0_m5_seed101",
  "config": {
    "n_x": 100,
    "n_t": 50,
    "T": 0.5,
    "lambda": 1.0,
    "placement_type": "fixed",
    "delta": 0.05,
    "alpha": 0.001,
    "M": 2000,
    "R": 100,
    "s": 5,
    "sigma": 0.2,
    "m": 5,
    "c": 2.0,
    "seed": 101,
    "n": 250,
    "sensor_positions": [
      0.1,
      0.3,
      0.5,
      0.7,
      0.9
    ],
    "Delta_x": 0.01,
    "Delta_t": 0.01020408163265306,
    "mcmc_n_steps": 10000,
    "mcmc_n_burn": 2000,
    "exp_id": 105
  },
  "dataset": {
    "kappa_star": [
      2.3073951969585615,
      2.4973365540384895,
      0.5996597926733394,
      1.1003257967878608,
      2.898469435940594
    ],
    "n_observations": 250
  },
  "mcmc": {
    "acceptance_rate": 0.7435972222222222,
    "ess_min": 207.39550183293022,
    "ess_mean": 316.3758692712356,
    "ess_per_coord": [
      274.4027092970404,
      416.7172707835141,
      404.17867946500246,
      279.18518497769077,
      207.39550183293022
    ],
    "n_chunks": 12,
    "total_steps": 24000,
    "converged": true,
    "efficiency": 0.00864147924303876,
    "n_forward_evals": 24000
  },
  "certificate": {
    "L_hat": 0.6688097177127571,
    "KL": 43.714067035670155,
    "eta_h": 5e-05,
    "delta_term": 0.011982929094215963,
    "B_lambda": 0.8556989149496537,
    "components": {
      "empirical_term": 0.6688097177127571,
      "kl_term": 0.17485626814268063,
      "discretization_term": 5e-05,
      "confidence_term": 0.011982929094215963
    },
    "valid": true
  },
  "posterior_summary": {
    "mean": [
      2.926454549661089,
      3.040055324946918,
      2.3790082562846764,
      2.338999542766862,
      2.3302121863755367
    ],
    "std": [
      0.4576045000911595,
      0.3063793009577365,
      0.2272598521225813,
      0.29143671981114366,
      0.4506644602169656
    ]
  },
  "performance": {
    "runtime": 227.94904494285583,
    "test_log_posterior": -222.69567488248123
  }
}