{
  "experiment_id": "s5_sigma0.05_nx100_T0.5_lam1.0_m5_seed303",
  "config": {
    "n_x": 100,
    "n_t": 50,
    "T": 0.5,
    "lambda": 1.0,
    "placement_type": "fixed",
    "delta": 0.05,
    "alpha": 0.001,
    "M": 2000,
    "R": 100,
    "s": 5,
    "sigma": 0.05,
    "m": 5,
    "c": 1.0,
    "seed": 303,
    "n": 250,
    "sensor_positions": [
      0.1,
      0.3,
      0.5,
      0.7,
      0.9
    ],
    "Delta_x": 0.01,
    "Delta_t": 0.01020408163265306,
    "mcmc_n_steps": 10000,
    "mcmc_n_burn": 2000,
    "exp_id": 68
  },
  "dataset": {
    "kappa_star": [
      3.12551948199565,
      1.4836227496566199,
      2.427779995862962,
      3.3381215081208255,
      2.6741059937440994
    ],
    "n_observations": 250
  },
  "mcmc": {
    "acceptance_rate": 0.9313533333333334,
    "ess_min": 207.75831610616555,
    "ess_mean": 285.90428206902305,
    "ess_per_coord": [
      280.04094355325054,
      327.2123646058159,
      294.425047411236,
      207.75831610616555,
      320.0847386686477
    ],
    "n_chunks": 25,
    "total_steps": 50000,
    "converged": true,
    "efficiency": 0.004155166322123311,
    "n_forward_evals": 50000
  },
  "certificate": {
    "L_hat": 0.9993184935498168,
    "KL": 0.008935359308935631,
    "eta_h": 5e-05,
    "delta_term": 0.011982929094215963,
    "B_lambda": 1.0113871640812686,
    "components": {
      "empirical_term": 0.9993184935498168,
      "kl_term": 3.574143723574252e-05,
      "discretization_term": 5e-05,
      "confidence_term": 0.011982929094215963
    },
    "valid": true
  },
  "posterior_summary": {
    "mean": [
      1.029628995014202,
      0.8208266346293372,
      0.9149187672639002,
      0.6868105086112222,
      0.69471310112671
    ],
    "std": [
      0.6642964603513231,
      0.5149473535516277,
      0.4852732188511447,
      0.41288638084858037,
      0.4572260100706906
    ]
  },
  "performance": {
    "runtime": 555.206738948822,
    "test_log_posterior": -271.2980818156929
  }
}