{
  "experiment_id": "s5_sigma0.2_nx100_T0.5_lam1.0_m3_seed101",
  "config": {
    "n_x": 100,
    "n_t": 50,
    "T": 0.5,
    "lambda": 1.0,
    "placement_type": "fixed",
    "delta": 0.05,
    "alpha": 0.001,
    "M": 2000,
    "R": 100,
    "s": 5,
    "sigma": 0.2,
    "m": 3,
    "c": 0.5,
    "seed": 101,
    "n": 250,
    "sensor_positions": [
      0.1,
      0.3,
      0.5,
      0.7,
      0.9
    ],
    "Delta_x": 0.01,
    "Delta_t": 0.01020408163265306,
    "mcmc_n_steps": 10000,
    "mcmc_n_burn": 2000,
    "exp_id": 90
  },
  "dataset": {
    "kappa_star": [
      2.3073951969585615,
      2.4973365540384895,
      0.5996597926733394
    ],
    "n_observations": 250
  },
  "mcmc": {
    "acceptance_rate": 0.6266,
    "ess_min": 203.8301664852799,
    "ess_mean": 418.6905115136339,
    "ess_per_coord": [
      544.8310631105234,
      203.8301664852799,
      507.41030494509846
    ],
    "n_chunks": 20,
    "total_steps": 40000,
    "converged": true,
    "efficiency": 0.005095754162131998,
    "n_forward_evals": 40000
  },
  "certificate": {
    "L_hat": 0.7864165050472844,
    "KL": 11.105987637828946,
    "eta_h": 5e-05,
    "delta_term": 0.011982929094215963,
    "B_lambda": 0.8428733846928161,
    "components": {
      "empirical_term": 0.7864165050472844,
      "kl_term": 0.04442395055131578,
      "discretization_term": 5e-05,
      "confidence_term": 0.011982929094215963
    },
    "valid": true
  },
  "posterior_summary": {
    "mean": [
      2.859731155894405,
      3.157266221621535,
      1.0998434896388556
    ],
    "std": [
      0.16945841112824633,
      0.24388817934986673,
      0.16393389580383544
    ]
  },
  "performance": {
    "runtime": 172.5965597629547,
    "test_log_posterior": -217.0209952235354
  }
}