{
  "experiment_id": "s5_sigma0.05_nx100_T0.5_lam1.0_m5_seed101",
  "config": {
    "n_x": 100,
    "n_t": 50,
    "T": 0.5,
    "lambda": 1.0,
    "placement_type": "fixed",
    "delta": 0.05,
    "alpha": 0.001,
    "M": 2000,
    "R": 100,
    "s": 5,
    "sigma": 0.05,
    "m": 5,
    "c": 0.5,
    "seed": 101,
    "n": 250,
    "sensor_positions": [
      0.1,
      0.3,
      0.5,
      0.7,
      0.9
    ],
    "Delta_x": 0.01,
    "Delta_t": 0.01020408163265306,
    "mcmc_n_steps": 10000,
    "mcmc_n_burn": 2000,
    "exp_id": 63
  },
  "dataset": {
    "kappa_star": [
      2.3073951969585615,
      2.4973365540384895,
      0.5996597926733394,
      1.1003257967878608,
      2.898469435940594
    ],
    "n_observations": 250
  },
  "mcmc": {
    "acceptance_rate": 0.7938333333333333,
    "ess_min": 39.755677389790364,
    "ess_mean": 96.25130274900252,
    "ess_per_coord": [
      143.04906602212827,
      152.03883991913358,
      106.48803638834696,
      39.755677389790364,
      39.924894025613476
    ],
    "n_chunks": 25,
    "total_steps": 50000,
    "converged": false,
    "efficiency": 0.0007951135477958073,
    "n_forward_evals": 50000
  },
  "certificate": {
    "L_hat": 0.9617320239126363,
    "KL": 8.325129625984715,
    "eta_h": 5e-05,
    "delta_term": 0.011982929094215963,
    "B_lambda": 1.0070654715107914,
    "components": {
      "empirical_term": 0.9617320239126363,
      "kl_term": 0.033300518503938864,
      "discretization_term": 5e-05,
      "confidence_term": 0.011982929094215963
    },
    "valid": true
  },
  "posterior_summary": {
    "mean": [
      0.8099328897345507,
      0.9426419004126417,
      1.0760672010148253,
      2.4977160903263003,
      2.6840387791375355
    ],
    "std": [
      0.4083555999124624,
      0.5288720694551192,
      0.4469895094546949,
      0.49640574964982703,
      0.6305927611572997
    ]
  },
  "performance": {
    "runtime": 562.0399010181427,
    "test_log_posterior": -261.94244112465856
  }
}