{
  "experiment_id": "s5_sigma0.05_nx100_T0.5_lam1.0_m5_seed202",
  "config": {
    "n_x": 100,
    "n_t": 50,
    "T": 0.5,
    "lambda": 1.0,
    "placement_type": "fixed",
    "delta": 0.05,
    "alpha": 0.001,
    "M": 2000,
    "R": 100,
    "s": 5,
    "sigma": 0.05,
    "m": 5,
    "c": 2.0,
    "seed": 202,
    "n": 250,
    "sensor_positions": [
      0.1,
      0.3,
      0.5,
      0.7,
      0.9
    ],
    "Delta_x": 0.01,
    "Delta_t": 0.01020408163265306,
    "mcmc_n_steps": 10000,
    "mcmc_n_burn": 2000,
    "exp_id": 70
  },
  "dataset": {
    "kappa_star": [
      1.2847216299636934,
      1.4241900884838463,
      3.920764034845088,
      3.9752807832159958,
      3.9824723567684557
    ],
    "n_observations": 250
  },
  "mcmc": {
    "acceptance_rate": 0.8248529411764706,
    "ess_min": 204.37472458343052,
    "ess_mean": 231.0591427288594,
    "ess_per_coord": [
      280.0659106201747,
      206.14612142510353,
      216.031412525114,
      204.37472458343052,
      248.67754449047413
    ],
    "n_chunks": 17,
    "total_steps": 34000,
    "converged": true,
    "efficiency": 0.0060110213112773685,
    "n_forward_evals": 34000
  },
  "certificate": {
    "L_hat": 0.9235809181053921,
    "KL": 7.878825494267829,
    "eta_h": 5e-05,
    "delta_term": 0.011982929094215963,
    "B_lambda": 0.9671291491766794,
    "components": {
      "empirical_term": 0.9235809181053921,
      "kl_term": 0.031515301977071315,
      "discretization_term": 5e-05,
      "confidence_term": 0.011982929094215963
    },
    "valid": true
  },
  "posterior_summary": {
    "mean": [
      2.4784139297969254,
      2.1804041749416396,
      1.310246924420022,
      1.0399223194354854,
      1.5613525844138985
    ],
    "std": [
      0.2340361771802053,
      0.5643760283909645,
      0.7458508853379178,
      0.4554488885954801,
      0.7409810423971064
    ]
  },
  "performance": {
    "runtime": 347.37272691726685,
    "test_log_posterior": -274.2640278877534
  }
}