{
  "experiment_id": "s5_sigma0.05_nx100_T0.5_lam1.0_m3_seed101",
  "config": {
    "n_x": 100,
    "n_t": 50,
    "T": 0.5,
    "lambda": 1.0,
    "placement_type": "fixed",
    "delta": 0.05,
    "alpha": 0.001,
    "M": 2000,
    "R": 100,
    "s": 5,
    "sigma": 0.05,
    "m": 3,
    "c": 0.5,
    "seed": 101,
    "n": 250,
    "sensor_positions": [
      0.1,
      0.3,
      0.5,
      0.7,
      0.9
    ],
    "Delta_x": 0.01,
    "Delta_t": 0.01020408163265306,
    "mcmc_n_steps": 10000,
    "mcmc_n_burn": 2000,
    "exp_id": 54
  },
  "dataset": {
    "kappa_star": [
      2.3073951969585615,
      2.4973365540384895,
      0.5996597926733394
    ],
    "n_observations": 250
  },
  "mcmc": {
    "acceptance_rate": 0.33875,
    "ess_min": 209.70158678932478,
    "ess_mean": 962.0777088330568,
    "ess_per_coord": [
      1741.8672715762766,
      209.70158678932478,
      934.664268133569
    ],
    "n_chunks": 17,
    "total_steps": 34000,
    "converged": true,
    "efficiency": 0.0061676937290977875,
    "n_forward_evals": 34000
  },
  "certificate": {
    "L_hat": 0.839186297199372,
    "KL": 15.121113073676923,
    "eta_h": 5e-05,
    "delta_term": 0.011982929094215963,
    "B_lambda": 0.9117036785882956,
    "components": {
      "empirical_term": 0.839186297199372,
      "kl_term": 0.0604844522947077,
      "discretization_term": 5e-05,
      "confidence_term": 0.011982929094215963
    },
    "valid": true
  },
  "posterior_summary": {
    "mean": [
      2.7452005992538635,
      3.2507399168087976,
      1.1142878546928507
    ],
    "std": [
      0.08905979047331763,
      0.21444298382549046,
      0.05354214625307149
    ]
  },
  "performance": {
    "runtime": 143.23623204231262,
    "test_log_posterior": -243.48498589121849
  }
}