{
  "experiment_id": "s5_sigma0.2_nx100_T0.5_lam1.0_m5_seed303",
  "config": {
    "n_x": 100,
    "n_t": 50,
    "T": 0.5,
    "lambda": 1.0,
    "placement_type": "fixed",
    "delta": 0.05,
    "alpha": 0.001,
    "M": 2000,
    "R": 100,
    "s": 5,
    "sigma": 0.2,
    "m": 5,
    "c": 1.0,
    "seed": 303,
    "n": 250,
    "sensor_positions": [
      0.1,
      0.3,
      0.5,
      0.7,
      0.9
    ],
    "Delta_x": 0.01,
    "Delta_t": 0.01020408163265306,
    "mcmc_n_steps": 10000,
    "mcmc_n_burn": 2000,
    "exp_id": 104
  },
  "dataset": {
    "kappa_star": [
      3.12551948199565,
      1.4836227496566199,
      2.427779995862962,
      3.3381215081208255,
      2.6741059937440994
    ],
    "n_observations": 250
  },
  "mcmc": {
    "acceptance_rate": 0.9116000000000001,
    "ess_min": 144.79055741485354,
    "ess_mean": 181.55869754798954,
    "ess_per_coord": [
      198.45093360594637,
      197.76817849871478,
      172.07419927442842,
      194.70961894600455,
      144.79055741485354
    ],
    "n_chunks": 25,
    "total_steps": 50000,
    "converged": false,
    "efficiency": 0.0028958111482970707,
    "n_forward_evals": 50000
  },
  "certificate": {
    "L_hat": 0.9129100716602545,
    "KL": 8.3565845562797,
    "eta_h": 5e-05,
    "delta_term": 0.011982929094215963,
    "B_lambda": 0.9583693389795892,
    "components": {
      "empirical_term": 0.9129100716602545,
      "kl_term": 0.0334263382251188,
      "discretization_term": 5e-05,
      "confidence_term": 0.011982929094215963
    },
    "valid": true
  },
  "posterior_summary": {
    "mean": [
      2.7550196231387747,
      1.9404485162706466,
      1.1780026847491523,
      1.6439695746902787,
      2.1724146443847396
    ],
    "std": [
      0.5906785390444388,
      0.4147054798708887,
      0.5669634158556628,
      0.9384569896827839,
      0.7732884157513621
    ]
  },
  "performance": {
    "runtime": 541.8294541835785,
    "test_log_posterior": -246.6759731082648
  }
}