{
  "experiment_id": "s5_sigma0.2_nx100_T0.5_lam1.0_m5_seed202",
  "config": {
    "n_x": 100,
    "n_t": 50,
    "T": 0.5,
    "lambda": 1.0,
    "placement_type": "fixed",
    "delta": 0.05,
    "alpha": 0.001,
    "M": 2000,
    "R": 100,
    "s": 5,
    "sigma": 0.2,
    "m": 5,
    "c": 0.5,
    "seed": 202,
    "n": 250,
    "sensor_positions": [
      0.1,
      0.3,
      0.5,
      0.7,
      0.9
    ],
    "Delta_x": 0.01,
    "Delta_t": 0.01020408163265306,
    "mcmc_n_steps": 10000,
    "mcmc_n_burn": 2000,
    "exp_id": 100
  },
  "dataset": {
    "kappa_star": [
      1.2847216299636934,
      1.4241900884838463,
      3.920764034845088,
      3.9752807832159958,
      3.9824723567684557
    ],
    "n_observations": 250
  },
  "mcmc": {
    "acceptance_rate": 0.8964513888888889,
    "ess_min": 211.71229755216382,
    "ess_mean": 273.9586054372767,
    "ess_per_coord": [
      411.0414293657828,
      244.05653624673062,
      211.71229755216382,
      221.35611698073157,
      281.62664704097466
    ],
    "n_chunks": 24,
    "total_steps": 48000,
    "converged": true,
    "efficiency": 0.00441067286567008,
    "n_forward_evals": 48000
  },
  "certificate": {
    "L_hat": 0.9247136809729446,
    "KL": 3.3955995073021654,
    "eta_h": 5e-05,
    "delta_term": 0.011982929094215963,
    "B_lambda": 0.9503290080963692,
    "components": {
      "empirical_term": 0.9247136809729446,
      "kl_term": 0.013582398029208662,
      "discretization_term": 5e-05,
      "confidence_term": 0.011982929094215963
    },
    "valid": true
  },
  "posterior_summary": {
    "mean": [
      2.182633453968548,
      1.802281683442497,
      1.2319603533910604,
      1.2663080922076202,
      1.3387789016720932
    ],
    "std": [
      0.38068360791497563,
      0.5377863997299056,
      0.5427998791147619,
      0.5479985031402884,
      0.5636541332036691
    ]
  },
  "performance": {
    "runtime": 326.3214888572693,
    "test_log_posterior": -263.8593676314535
  }
}