{
  "config": {
    "s": 3,
    "sensor_positions": [
      0.25,
      0.5,
      0.75
    ],
    "placement_type": "fixed",
    "sigma": 0.05,
    "n_x": 50,
    "T": 0.5,
    "lambda": 2.0,
    "c": 1.0,
    "m": 5,
    "n_t": 50,
    "seed": 202,
    "delta": 0.05,
    "alpha": 0.001,
    "M": 2000,
    "R": 100,
    "n": 150,
    "Delta_x": 0.02,
    "Delta_t": 0.01020408163265306,
    "mcmc_n_steps": 10000,
    "mcmc_n_burn": 2000,
    "is_baseline": false
  },
  "experiment_id": "s3_fixed_sig0.05_nx50_T0.5_lam2.0_m5_nt50_seed202",
  "reproducibility": {
    "seed": 202,
    "data_hash": "b462671e82cbcd1b7196a1623d20651df5d902d358675adbfcfa74ed85ac7fc9",
    "experiment_id": "exp_20250917_141826",
    "rng_usage": {
      "data": 1,
      "prior": 1,
      "mcmc": 1
    }
  },
  "dataset": {
    "kappa_star": [
      0.8,
      1.2,
      1.6,
      2.0,
      2.4
    ],
    "sigma": 0.05,
    "n": 150,
    "spatial_mesh": 50,
    "temporal_mesh": 50,
    "time_horizon": 0.5
  },
  "mcmc": {
    "n_steps": 10000,
    "n_burn": 2000,
    "acceptance_rate": 0.0009,
    "ess": [
      800,
      800,
      800,
      800,
      800
    ],
    "converged": false,
    "n_forward_evals": 8000
  },
  "posterior_summary": {
    "mean": [
      1.1612032816603126,
      1.122535099612513,
      0.930127436349649,
      1.1052138189329006,
      0.6283194422037427
    ],
    "std": [
      0.025084983399556806,
      0.021184147510727797,
      0.028511878547893443,
      0.0025937940577440816,
      0.0128296190227893
    ],
    "quantiles": {
      "2.5%": [
        1.1528210306461513,
        1.0615601886715984,
        0.9198061251895726,
        1.104480927194504,
        0.603986571480922
      ],
      "50%": [
        1.1528210306461513,
        1.1297339553314103,
        0.9198061251895726,
        1.104480927194504,
        0.6301856733243161
      ],
      "97.5%": [
        1.2331691403854155,
        1.1297339553314103,
        1.0056598105717662,
        1.1121731175815066,
        0.6301856733243161
      ]
    }
  },
  "certificate": {
    "B_lambda": 0.4263180145384032,
    "L_hat": 0.1952039785125897,
    "KL": 69.21421080774404,
    "eta_h": 0.0004,
    "lambda": 2.0,
    "c": 1.0,
    "components": {
      "empirical_term": 0.1952039785125897,
      "kl_term": 0.23071403602581347,
      "discretization_term": 0.0004
    },
    "partition_function": {
      "Z_hat": 2.6254931016788545e-05,
      "underline_Z": 2.3629437915109692e-05,
      "prior_samples": 2000
    }
  },
  "true_risk": {
    "L_mc": 1.3492360969820103,
    "L_mc_std": 0.009312931692254289,
    "R": 100
  },
  "performance": {
    "total_solver_calls": 0,
    "timings": {
      "data_generation": {
        "total": 0.00011229515075683594,
        "mean": 0.00011229515075683594,
        "std": 0.0,
        "count": 1
      },
      "mcmc": {
        "total": 0.08160209655761719,
        "mean": 0.08160209655761719,
        "std": 0.0,
        "count": 1
      },
      "certificate": {
        "total": 0.008249998092651367,
        "mean": 0.008249998092651367,
        "std": 0.0,
        "count": 1
      }
    },
    "memory_peak_mb": {}
  }
}