{
  "config": {
    "s": 3,
    "sensor_positions": [
      0.25,
      0.5,
      0.75
    ],
    "placement_type": "fixed",
    "sigma": 0.1,
    "n_x": 100,
    "T": 0.3,
    "lambda": 2.0,
    "c": 1.0,
    "m": 5,
    "n_t": 50,
    "seed": 202,
    "delta": 0.05,
    "alpha": 0.001,
    "M": 2000,
    "R": 100,
    "n": 150,
    "Delta_x": 0.01,
    "Delta_t": 0.006122448979591836,
    "mcmc_n_steps": 10000,
    "mcmc_n_burn": 2000,
    "is_baseline": false
  },
  "experiment_id": "s3_fixed_sig0.1_nx100_T0.3_lam2.0_m5_nt50_seed202",
  "reproducibility": {
    "seed": 202,
    "data_hash": "a8227edfb2c5613596bad84d03d4405c0b57e7f8ea74a9557b01f8ebcd4c4eb7",
    "experiment_id": "exp_20250917_141850",
    "rng_usage": {
      "data": 1,
      "prior": 1,
      "mcmc": 1
    }
  },
  "dataset": {
    "kappa_star": [
      0.8,
      1.2,
      1.6,
      2.0,
      2.4
    ],
    "sigma": 0.1,
    "n": 150,
    "spatial_mesh": 100,
    "temporal_mesh": 50,
    "time_horizon": 0.3
  },
  "mcmc": {
    "n_steps": 10000,
    "n_burn": 2000,
    "acceptance_rate": 0.0009,
    "ess": [
      800,
      800,
      800,
      800,
      800
    ],
    "converged": false,
    "n_forward_evals": 8000
  },
  "posterior_summary": {
    "mean": [
      1.1612032816603126,
      1.122535099612513,
      0.930127436349649,
      1.1052138189329006,
      0.6283194422037427
    ],
    "std": [
      0.025084983399556806,
      0.021184147510727797,
      0.028511878547893443,
      0.0025937940577440816,
      0.0128296190227893
    ],
    "quantiles": {
      "2.5%": [
        1.1528210306461513,
        1.0615601886715984,
        0.9198061251895726,
        1.104480927194504,
        0.603986571480922
      ],
      "50%": [
        1.1528210306461513,
        1.1297339553314103,
        0.9198061251895726,
        1.104480927194504,
        0.6301856733243161
      ],
      "97.5%": [
        1.2331691403854155,
        1.1297339553314103,
        1.0056598105717662,
        1.1121731175815066,
        0.6301856733243161
      ]
    }
  },
  "certificate": {
    "B_lambda": 0.44744538530033023,
    "L_hat": 0.1952039785125897,
    "KL": 75.64242203632216,
    "eta_h": 0.0001,
    "lambda": 2.0,
    "c": 1.0,
    "components": {
      "empirical_term": 0.1952039785125897,
      "kl_term": 0.25214140678774055,
      "discretization_term": 0.0001
    },
    "partition_function": {
      "Z_hat": 4.2410580451511594e-08,
      "underline_Z": 3.8169522406360434e-08,
      "prior_samples": 2000
    }
  },
  "true_risk": {
    "L_mc": 1.3550518199963495,
    "L_mc_std": 0.018609099901549315,
    "R": 100
  },
  "performance": {
    "total_solver_calls": 0,
    "timings": {
      "data_generation": {
        "total": 9.703636169433594e-05,
        "mean": 9.703636169433594e-05,
        "std": 0.0,
        "count": 1
      },
      "mcmc": {
        "total": 0.07961606979370117,
        "mean": 0.07961606979370117,
        "std": 0.0,
        "count": 1
      },
      "certificate": {
        "total": 0.008228063583374023,
        "mean": 0.008228063583374023,
        "std": 0.0,
        "count": 1
      }
    },
    "memory_peak_mb": {}
  }
}