{
  "config": {
    "s": 3,
    "sensor_positions": [
      0.25,
      0.5,
      0.75
    ],
    "placement_type": "fixed",
    "sigma": 0.1,
    "n_x": 100,
    "T": 0.5,
    "lambda": 2.0,
    "c": 1.0,
    "m": 3,
    "n_t": 100,
    "seed": 202,
    "delta": 0.05,
    "alpha": 0.001,
    "M": 2000,
    "R": 100,
    "n": 300,
    "Delta_x": 0.01,
    "Delta_t": 0.005050505050505051,
    "mcmc_n_steps": 10000,
    "mcmc_n_burn": 2000,
    "is_baseline": false
  },
  "experiment_id": "s3_fixed_sig0.1_nx100_T0.5_lam2.0_m3_nt100_seed202",
  "reproducibility": {
    "seed": 202,
    "data_hash": "36f3406bb35a602fb5f0c2fd7730495a406f6d927b6e327951fd110b3cad31a6",
    "experiment_id": "exp_20250917_141854",
    "rng_usage": {
      "data": 1,
      "prior": 1,
      "mcmc": 1
    }
  },
  "dataset": {
    "kappa_star": [
      1.0,
      1.5,
      2.0
    ],
    "sigma": 0.1,
    "n": 300,
    "spatial_mesh": 100,
    "temporal_mesh": 100,
    "time_horizon": 0.5
  },
  "mcmc": {
    "n_steps": 10000,
    "n_burn": 2000,
    "acceptance_rate": 0.0006,
    "ess": [
      800,
      800,
      800
    ],
    "converged": false,
    "n_forward_evals": 8000
  },
  "posterior_summary": {
    "mean": [
      0.9836933885364584,
      1.0458455969757854,
      0.9281368345420661
    ],
    "std": [
      1.3455903058456897e-13,
      8.482103908136196e-14,
      8.393286066166183e-14
    ],
    "quantiles": {
      "2.5%": [
        0.9836933885365929,
        1.0458455969758702,
        0.92813683454215
      ],
      "50%": [
        0.9836933885365929,
        1.0458455969758702,
        0.92813683454215
      ],
      "97.5%": [
        0.9836933885365929,
        1.0458455969758702,
        0.92813683454215
      ]
    }
  },
  "certificate": {
    "B_lambda": 0.2987553916377005,
    "L_hat": 0.13023419860666632,
    "KL": 101.05271581862051,
    "eta_h": 0.0001,
    "lambda": 2.0,
    "c": 1.0,
    "components": {
      "empirical_term": 0.13023419860666632,
      "kl_term": 0.1684211930310342,
      "discretization_term": 0.0001
    },
    "partition_function": {
      "Z_hat": 1.2448496890951912e-10,
      "underline_Z": 1.1203647201856721e-10,
      "prior_samples": 2000
    }
  },
  "true_risk": {
    "L_mc": 0.9744783913835144,
    "L_mc_std": 0.011476842828933973,
    "R": 100
  },
  "performance": {
    "total_solver_calls": 0,
    "timings": {
      "data_generation": {
        "total": 9.703636169433594e-05,
        "mean": 9.703636169433594e-05,
        "std": 0.0,
        "count": 1
      },
      "mcmc": {
        "total": 0.07822418212890625,
        "mean": 0.07822418212890625,
        "std": 0.0,
        "count": 1
      },
      "certificate": {
        "total": 0.008367061614990234,
        "mean": 0.008367061614990234,
        "std": 0.0,
        "count": 1
      }
    },
    "memory_peak_mb": {}
  }
}