{
  "config": {
    "s": 3,
    "sensor_positions": [
      0.25,
      0.5,
      0.75
    ],
    "placement_type": "fixed",
    "sigma": 0.05,
    "n_x": 50,
    "T": 0.3,
    "lambda": 0.5,
    "c": 1.0,
    "m": 3,
    "n_t": 100,
    "seed": 101,
    "delta": 0.05,
    "alpha": 0.001,
    "M": 2000,
    "R": 100,
    "n": 300,
    "Delta_x": 0.02,
    "Delta_t": 0.0030303030303030303,
    "mcmc_n_steps": 10000,
    "mcmc_n_burn": 2000,
    "is_baseline": false
  },
  "experiment_id": "s3_fixed_sig0.05_nx50_T0.3_lam0.5_m3_nt100_seed101",
  "reproducibility": {
    "seed": 101,
    "data_hash": "378e99419eef25908c6e99859b12ef7a8a782af2de1cac980404dbad089beaf9",
    "experiment_id": "exp_20250917_141818",
    "rng_usage": {
      "data": 1,
      "prior": 1,
      "mcmc": 1
    }
  },
  "dataset": {
    "kappa_star": [
      1.0,
      1.5,
      2.0
    ],
    "sigma": 0.05,
    "n": 300,
    "spatial_mesh": 50,
    "temporal_mesh": 100,
    "time_horizon": 0.3
  },
  "mcmc": {
    "n_steps": 10000,
    "n_burn": 2000,
    "acceptance_rate": 0.0013,
    "ess": [
      800,
      800,
      800
    ],
    "converged": false,
    "n_forward_evals": 8000
  },
  "posterior_summary": {
    "mean": [
      0.9918540798762229,
      0.596993706657169,
      1.062195665049851
    ],
    "std": [
      0.008619827546593475,
      0.037782902956199446,
      0.021932472320449457
    ],
    "quantiles": {
      "2.5%": [
        0.9864195765347645,
        0.5681298607057141,
        1.0454395369655272
      ],
      "50%": [
        0.9945433267026776,
        0.5681298607057141,
        1.0454395369655272
      ],
      "97.5%": [
        0.9945433267026776,
        0.6465121351851585,
        1.0909345018498018
      ]
    }
  },
  "certificate": {
    "B_lambda": 0.33274216703836773,
    "L_hat": 0.12726184849035782,
    "KL": 30.76204778220148,
    "eta_h": 0.0004,
    "lambda": 0.5,
    "c": 1.0,
    "components": {
      "empirical_term": 0.12726184849035782,
      "kl_term": 0.20508031854800987,
      "discretization_term": 0.0004
    },
    "partition_function": {
      "Z_hat": 9.469731602945121e-06,
      "underline_Z": 8.52275844265061e-06,
      "prior_samples": 2000
    }
  },
  "true_risk": {
    "L_mc": 0.9863568908386392,
    "L_mc_std": 0.0052914374071988115,
    "R": 100
  },
  "performance": {
    "total_solver_calls": 0,
    "timings": {
      "data_generation": {
        "total": 0.0001220703125,
        "mean": 0.0001220703125,
        "std": 0.0,
        "count": 1
      },
      "mcmc": {
        "total": 0.07755804061889648,
        "mean": 0.07755804061889648,
        "std": 0.0,
        "count": 1
      },
      "certificate": {
        "total": 0.05324125289916992,
        "mean": 0.05324125289916992,
        "std": 0.0,
        "count": 1
      }
    },
    "memory_peak_mb": {}
  }
}