{
  "config": {
    "s": 3,
    "sensor_positions": [
      0.25,
      0.5,
      0.75
    ],
    "placement_type": "fixed",
    "sigma": 0.05,
    "n_x": 100,
    "T": 0.3,
    "lambda": 0.5,
    "c": 1.0,
    "m": 5,
    "n_t": 50,
    "seed": 202,
    "delta": 0.05,
    "alpha": 0.001,
    "M": 2000,
    "R": 100,
    "n": 150,
    "Delta_x": 0.01,
    "Delta_t": 0.006122448979591836,
    "mcmc_n_steps": 10000,
    "mcmc_n_burn": 2000,
    "is_baseline": false
  },
  "experiment_id": "s3_fixed_sig0.05_nx100_T0.3_lam0.5_m5_nt50_seed202",
  "reproducibility": {
    "seed": 202,
    "data_hash": "b462671e82cbcd1b7196a1623d20651df5d902d358675adbfcfa74ed85ac7fc9",
    "experiment_id": "exp_20250917_141828",
    "rng_usage": {
      "data": 1,
      "prior": 1,
      "mcmc": 1
    }
  },
  "dataset": {
    "kappa_star": [
      0.8,
      1.2,
      1.6,
      2.0,
      2.4
    ],
    "sigma": 0.05,
    "n": 150,
    "spatial_mesh": 100,
    "temporal_mesh": 50,
    "time_horizon": 0.3
  },
  "mcmc": {
    "n_steps": 10000,
    "n_burn": 2000,
    "acceptance_rate": 0.001,
    "ess": [
      800,
      800,
      800,
      800,
      800
    ],
    "converged": false,
    "n_forward_evals": 8000
  },
  "posterior_summary": {
    "mean": [
      1.1835135181460206,
      1.23996693907208,
      0.7671119140283921,
      1.0652092937286974,
      0.48897649012899697
    ],
    "std": [
      0.030129395425289265,
      0.06387117557386497,
      0.0911982440825059,
      0.021549697470723217,
      0.0809451925487692
    ],
    "quantiles": {
      "2.5%": [
        1.1528210306461513,
        1.1297339553314103,
        0.7073734523488394,
        1.0523492768221394,
        0.42240266260359527
      ],
      "50%": [
        1.1818944777686222,
        1.2827645328969504,
        0.7073734523488394,
        1.0523492768221394,
        0.4486017644469893
      ],
      "97.5%": [
        1.2622425875078864,
        1.2827645328969504,
        0.9198061251895726,
        1.104480927194504,
        0.6301856733243161
      ]
    }
  },
  "certificate": {
    "B_lambda": 0.5760802869028926,
    "L_hat": 0.21141222265024812,
    "KL": 27.342604818948335,
    "eta_h": 0.0001,
    "lambda": 0.5,
    "c": 1.0,
    "components": {
      "empirical_term": 0.21141222265024812,
      "kl_term": 0.3645680642526445,
      "discretization_term": 0.0001
    },
    "partition_function": {
      "Z_hat": 1.1406495267348097e-05,
      "underline_Z": 1.0265845740613289e-05,
      "prior_samples": 2000
    }
  },
  "true_risk": {
    "L_mc": 1.4015157103467442,
    "L_mc_std": 0.009492113475200245,
    "R": 100
  },
  "performance": {
    "total_solver_calls": 0,
    "timings": {
      "data_generation": {
        "total": 8.606910705566406e-05,
        "mean": 8.606910705566406e-05,
        "std": 0.0,
        "count": 1
      },
      "mcmc": {
        "total": 0.07920217514038086,
        "mean": 0.07920217514038086,
        "std": 0.0,
        "count": 1
      },
      "certificate": {
        "total": 0.008217096328735352,
        "mean": 0.008217096328735352,
        "std": 0.0,
        "count": 1
      }
    },
    "memory_peak_mb": {}
  }
}