{
  "config": {
    "s": 3,
    "sensor_positions": [
      0.25,
      0.5,
      0.75
    ],
    "placement_type": "fixed",
    "sigma": 0.2,
    "n_x": 100,
    "T": 0.3,
    "lambda": 1.0,
    "c": 1.0,
    "m": 3,
    "n_t": 100,
    "seed": 101,
    "delta": 0.05,
    "alpha": 0.001,
    "M": 2000,
    "R": 100,
    "n": 300,
    "Delta_x": 0.01,
    "Delta_t": 0.0030303030303030303,
    "mcmc_n_steps": 10000,
    "mcmc_n_burn": 2000,
    "is_baseline": false
  },
  "experiment_id": "s3_fixed_sig0.2_nx100_T0.3_lam1.0_m3_nt100_seed101",
  "reproducibility": {
    "seed": 101,
    "data_hash": "3d6ca0c03df4fbad8563ec488cfda80f82cbaf4e5a5ac87c19a8694756c13904",
    "experiment_id": "exp_20250917_141907",
    "rng_usage": {
      "data": 1,
      "prior": 1,
      "mcmc": 1
    }
  },
  "dataset": {
    "kappa_star": [
      1.0,
      1.5,
      2.0
    ],
    "sigma": 0.2,
    "n": 300,
    "spatial_mesh": 100,
    "temporal_mesh": 100,
    "time_horizon": 0.3
  },
  "mcmc": {
    "n_steps": 10000,
    "n_burn": 2000,
    "acceptance_rate": 0.0013,
    "ess": [
      800,
      800,
      800
    ],
    "converged": false,
    "n_forward_evals": 8000
  },
  "posterior_summary": {
    "mean": [
      0.9918540798762229,
      0.596993706657169,
      1.062195665049851
    ],
    "std": [
      0.008619827546593475,
      0.037782902956199446,
      0.021932472320449457
    ],
    "quantiles": {
      "2.5%": [
        0.9864195765347645,
        0.5681298607057141,
        1.0454395369655272
      ],
      "50%": [
        0.9945433267026776,
        0.5681298607057141,
        1.0454395369655272
      ],
      "97.5%": [
        0.9945433267026776,
        0.6465121351851585,
        1.0909345018498018
      ]
    }
  },
  "certificate": {
    "B_lambda": 0.2917385198612079,
    "L_hat": 0.12726184849035782,
    "KL": 49.31300141125503,
    "eta_h": 0.0001,
    "lambda": 1.0,
    "c": 1.0,
    "components": {
      "empirical_term": 0.12726184849035782,
      "kl_term": 0.1643766713708501,
      "discretization_term": 0.0001
    },
    "partition_function": {
      "Z_hat": 1.6222906248302735e-05,
      "underline_Z": 1.4600615623472461e-05,
      "prior_samples": 2000
    }
  },
  "true_risk": {
    "L_mc": 1.0241104697287655,
    "L_mc_std": 0.02145892520121845,
    "R": 100
  },
  "performance": {
    "total_solver_calls": 0,
    "timings": {
      "data_generation": {
        "total": 0.00011110305786132812,
        "mean": 0.00011110305786132812,
        "std": 0.0,
        "count": 1
      },
      "mcmc": {
        "total": 0.07744503021240234,
        "mean": 0.07744503021240234,
        "std": 0.0,
        "count": 1
      },
      "certificate": {
        "total": 0.00837087631225586,
        "mean": 0.00837087631225586,
        "std": 0.0,
        "count": 1
      }
    },
    "memory_peak_mb": {}
  }
}