{
  "config": {
    "s": 3,
    "sensor_positions": [
      0.25,
      0.5,
      0.75
    ],
    "placement_type": "fixed",
    "sigma": 0.1,
    "n_x": 50,
    "T": 0.5,
    "lambda": 0.5,
    "c": 1.0,
    "m": 5,
    "n_t": 100,
    "seed": 202,
    "delta": 0.05,
    "alpha": 0.001,
    "M": 2000,
    "R": 100,
    "n": 300,
    "Delta_x": 0.02,
    "Delta_t": 0.005050505050505051,
    "mcmc_n_steps": 10000,
    "mcmc_n_burn": 2000,
    "is_baseline": false
  },
  "experiment_id": "s3_fixed_sig0.1_nx50_T0.5_lam0.5_m5_nt100_seed202",
  "reproducibility": {
    "seed": 202,
    "data_hash": "36f3406bb35a602fb5f0c2fd7730495a406f6d927b6e327951fd110b3cad31a6",
    "experiment_id": "exp_20250917_141843",
    "rng_usage": {
      "data": 1,
      "prior": 1,
      "mcmc": 1
    }
  },
  "dataset": {
    "kappa_star": [
      0.8,
      1.2,
      1.6,
      2.0,
      2.4
    ],
    "sigma": 0.1,
    "n": 300,
    "spatial_mesh": 50,
    "temporal_mesh": 100,
    "time_horizon": 0.5
  },
  "mcmc": {
    "n_steps": 10000,
    "n_burn": 2000,
    "acceptance_rate": 0.001,
    "ess": [
      800,
      800,
      800,
      800,
      800
    ],
    "converged": false,
    "n_forward_evals": 8000
  },
  "posterior_summary": {
    "mean": [
      1.1835135181460206,
      1.23996693907208,
      0.7671119140283921,
      1.0652092937286974,
      0.48897649012899697
    ],
    "std": [
      0.030129395425289265,
      0.06387117557386497,
      0.0911982440825059,
      0.021549697470723217,
      0.0809451925487692
    ],
    "quantiles": {
      "2.5%": [
        1.1528210306461513,
        1.1297339553314103,
        0.7073734523488394,
        1.0523492768221394,
        0.42240266260359527
      ],
      "50%": [
        1.1818944777686222,
        1.2827645328969504,
        0.7073734523488394,
        1.0523492768221394,
        0.4486017644469893
      ],
      "97.5%": [
        1.2622425875078864,
        1.2827645328969504,
        0.9198061251895726,
        1.104480927194504,
        0.6301856733243161
      ]
    }
  },
  "certificate": {
    "B_lambda": 0.4844662803823646,
    "L_hat": 0.21141222265024812,
    "KL": 40.898108659817474,
    "eta_h": 0.0004,
    "lambda": 0.5,
    "c": 1.0,
    "components": {
      "empirical_term": 0.21141222265024812,
      "kl_term": 0.2726540577321165,
      "discretization_term": 0.0004
    },
    "partition_function": {
      "Z_hat": 0.00011381744569921392,
      "underline_Z": 0.00010243570112929253,
      "prior_samples": 2000
    }
  },
  "true_risk": {
    "L_mc": 1.4068803156256748,
    "L_mc_std": 0.013806340121159567,
    "R": 100
  },
  "performance": {
    "total_solver_calls": 0,
    "timings": {
      "data_generation": {
        "total": 8.487701416015625e-05,
        "mean": 8.487701416015625e-05,
        "std": 0.0,
        "count": 1
      },
      "mcmc": {
        "total": 0.07817912101745605,
        "mean": 0.07817912101745605,
        "std": 0.0,
        "count": 1
      },
      "certificate": {
        "total": 0.008641958236694336,
        "mean": 0.008641958236694336,
        "std": 0.0,
        "count": 1
      }
    },
    "memory_peak_mb": {}
  }
}