{
  "config": {
    "s": 3,
    "sensor_positions": [
      0.25,
      0.5,
      0.75
    ],
    "placement_type": "fixed",
    "sigma": 0.2,
    "n_x": 50,
    "T": 0.3,
    "lambda": 1.0,
    "c": 1.0,
    "m": 5,
    "n_t": 50,
    "seed": 101,
    "delta": 0.05,
    "alpha": 0.001,
    "M": 2000,
    "R": 100,
    "n": 150,
    "Delta_x": 0.02,
    "Delta_t": 0.006122448979591836,
    "mcmc_n_steps": 10000,
    "mcmc_n_burn": 2000,
    "is_baseline": false
  },
  "experiment_id": "s3_fixed_sig0.2_nx50_T0.3_lam1.0_m5_nt50_seed101",
  "reproducibility": {
    "seed": 101,
    "data_hash": "3740c25fb012021b000a16d469ae84ea3df22872f29c3b63c7a9018d83e47e25",
    "experiment_id": "exp_20250917_141858",
    "rng_usage": {
      "data": 1,
      "prior": 1,
      "mcmc": 1
    }
  },
  "dataset": {
    "kappa_star": [
      0.8,
      1.2,
      1.6,
      2.0,
      2.4
    ],
    "sigma": 0.2,
    "n": 150,
    "spatial_mesh": 50,
    "temporal_mesh": 50,
    "time_horizon": 0.3
  },
  "mcmc": {
    "n_steps": 10000,
    "n_burn": 2000,
    "acceptance_rate": 0.001,
    "ess": [
      800,
      800,
      800,
      800,
      800
    ],
    "converged": false,
    "n_forward_evals": 8000
  },
  "posterior_summary": {
    "mean": [
      1.1500924042402128,
      0.9712633971237569,
      1.5486400634138457,
      1.2318319043454105,
      1.136966392291613
    ],
    "std": [
      0.07838429720924824,
      0.08122843636917228,
      0.08502266546832597,
      0.01564269334576213,
      0.06871142888826934
    ],
    "quantiles": {
      "2.5%": [
        0.9538159240954527,
        0.7899894905752048,
        1.3690363019875345,
        1.2167275962165305,
        0.9795462061312941
      ],
      "50%": [
        1.1399584462693848,
        0.9882182063219284,
        1.5377907394969936,
        1.225345328958329,
        1.1152506634583443
      ],
      "97.5%": [
        1.2145071074988307,
        1.026216176710928,
        1.6228067011273435,
        1.2511730552769866,
        1.2106748290078038
      ]
    }
  },
  "certificate": {
    "B_lambda": 0.38546316081061,
    "L_hat": 0.15097946298994705,
    "KL": 35.11255467309944,
    "eta_h": 0.0004,
    "lambda": 1.0,
    "c": 1.0,
    "components": {
      "empirical_term": 0.15097946298994705,
      "kl_term": 0.23408369782066293,
      "discretization_term": 0.0004
    },
    "partition_function": {
      "Z_hat": 4.285494075977115e-06,
      "underline_Z": 3.856944668379403e-06,
      "prior_samples": 2000
    }
  },
  "true_risk": {
    "L_mc": 1.3589004213210405,
    "L_mc_std": 0.036926124141746224,
    "R": 100
  },
  "performance": {
    "total_solver_calls": 0,
    "timings": {
      "data_generation": {
        "total": 9.393692016601562e-05,
        "mean": 9.393692016601562e-05,
        "std": 0.0,
        "count": 1
      },
      "mcmc": {
        "total": 0.08961200714111328,
        "mean": 0.08961200714111328,
        "std": 0.0,
        "count": 1
      },
      "certificate": {
        "total": 0.009016752243041992,
        "mean": 0.009016752243041992,
        "std": 0.0,
        "count": 1
      }
    },
    "memory_peak_mb": {}
  }
}