{
  "config": {
    "s": 3,
    "sensor_positions": [
      0.25,
      0.5,
      0.75
    ],
    "placement_type": "fixed",
    "sigma": 0.2,
    "n_x": 100,
    "T": 0.3,
    "lambda": 2.0,
    "c": 1.0,
    "m": 5,
    "n_t": 50,
    "seed": 303,
    "delta": 0.05,
    "alpha": 0.001,
    "M": 2000,
    "R": 100,
    "n": 150,
    "Delta_x": 0.01,
    "Delta_t": 0.006122448979591836,
    "mcmc_n_steps": 10000,
    "mcmc_n_burn": 2000,
    "is_baseline": false
  },
  "experiment_id": "s3_fixed_sig0.2_nx100_T0.3_lam2.0_m5_nt50_seed303",
  "reproducibility": {
    "seed": 303,
    "data_hash": "76ffa34f21924cbae765e058b872f272c8728aad2f3517ee6d55754037ba5a1a",
    "experiment_id": "exp_20250917_141909",
    "rng_usage": {
      "data": 1,
      "prior": 1,
      "mcmc": 1
    }
  },
  "dataset": {
    "kappa_star": [
      0.8,
      1.2,
      1.6,
      2.0,
      2.4
    ],
    "sigma": 0.2,
    "n": 150,
    "spatial_mesh": 100,
    "temporal_mesh": 50,
    "time_horizon": 0.3
  },
  "mcmc": {
    "n_steps": 10000,
    "n_burn": 2000,
    "acceptance_rate": 0.0009,
    "ess": [
      800,
      800,
      800,
      800,
      800
    ],
    "converged": false,
    "n_forward_evals": 8000
  },
  "posterior_summary": {
    "mean": [
      1.2740105696733601,
      0.7390865287107602,
      1.122829773133291,
      0.9923297751947867,
      1.307652130539949
    ],
    "std": [
      1.4876988529977098e-14,
      9.969802761133906e-14,
      4.773959005888173e-14,
      4.596323321948148e-14,
      1.4654943925052066e-14
    ],
    "quantiles": {
      "2.5%": [
        1.274010569673375,
        0.7390865287108599,
        1.1228297731333388,
        0.9923297751948327,
        1.3076521305399638
      ],
      "50%": [
        1.274010569673375,
        0.7390865287108599,
        1.1228297731333388,
        0.9923297751948327,
        1.3076521305399638
      ],
      "97.5%": [
        1.274010569673375,
        0.7390865287108599,
        1.1228297731333388,
        0.9923297751948327,
        1.3076521305399638
      ]
    }
  },
  "certificate": {
    "B_lambda": 0.35991302925124247,
    "L_hat": 0.1415300964090538,
    "KL": 65.4848798526566,
    "eta_h": 0.0001,
    "lambda": 2.0,
    "c": 1.0,
    "components": {
      "empirical_term": 0.1415300964090538,
      "kl_term": 0.2182829328421887,
      "discretization_term": 0.0001
    },
    "partition_function": {
      "Z_hat": 1.5633117426772742e-14,
      "underline_Z": 1e-10,
      "prior_samples": 2000
    }
  },
  "true_risk": {
    "L_mc": 1.6608936616417895,
    "L_mc_std": 0.046392814717872016,
    "R": 100
  },
  "performance": {
    "total_solver_calls": 0,
    "timings": {
      "data_generation": {
        "total": 0.0001010894775390625,
        "mean": 0.0001010894775390625,
        "std": 0.0,
        "count": 1
      },
      "mcmc": {
        "total": 0.08874702453613281,
        "mean": 0.08874702453613281,
        "std": 0.0,
        "count": 1
      },
      "certificate": {
        "total": 0.008979082107543945,
        "mean": 0.008979082107543945,
        "std": 0.0,
        "count": 1
      }
    },
    "memory_peak_mb": {}
  }
}