{
  "config": {
    "s": 3,
    "sensor_positions": [
      0.25,
      0.5,
      0.75
    ],
    "placement_type": "fixed",
    "sigma": 0.05,
    "n_x": 100,
    "T": 0.3,
    "lambda": 2.0,
    "c": 1.0,
    "m": 3,
    "n_t": 50,
    "seed": 303,
    "delta": 0.05,
    "alpha": 0.001,
    "M": 2000,
    "R": 100,
    "n": 150,
    "Delta_x": 0.01,
    "Delta_t": 0.006122448979591836,
    "mcmc_n_steps": 10000,
    "mcmc_n_burn": 2000,
    "is_baseline": false
  },
  "experiment_id": "s3_fixed_sig0.05_nx100_T0.3_lam2.0_m3_nt50_seed303",
  "reproducibility": {
    "seed": 303,
    "data_hash": "1124b5bf43a5dfb91bcd7103f6de1b793c5e3e61c07fd50c62c2d629adca5360",
    "experiment_id": "exp_20250917_141830",
    "rng_usage": {
      "data": 1,
      "prior": 1,
      "mcmc": 1
    }
  },
  "dataset": {
    "kappa_star": [
      1.0,
      1.5,
      2.0
    ],
    "sigma": 0.05,
    "n": 150,
    "spatial_mesh": 100,
    "temporal_mesh": 50,
    "time_horizon": 0.3
  },
  "mcmc": {
    "n_steps": 10000,
    "n_burn": 2000,
    "acceptance_rate": 0.0011,
    "ess": [
      800,
      800,
      800
    ],
    "converged": false,
    "n_forward_evals": 8000
  },
  "posterior_summary": {
    "mean": [
      0.8749101430385198,
      1.1692205815981467,
      0.8529488380929094
    ],
    "std": [
      0.05833970448915463,
      0.0554599537987569,
      0.02938099505155929
    ],
    "quantiles": {
      "2.5%": [
        0.8486150732644937,
        1.057063151016606,
        0.8207094768041183
      ],
      "50%": [
        0.8486150732644937,
        1.1943583332832153,
        0.8545621779439384
      ],
      "97.5%": [
        0.9901856524330515,
        1.1943583332832153,
        0.8545621779439384
      ]
    }
  },
  "certificate": {
    "B_lambda": 0.33874609397531585,
    "L_hat": 0.15267132042790627,
    "KL": 55.792432064222886,
    "eta_h": 0.0001,
    "lambda": 2.0,
    "c": 1.0,
    "components": {
      "empirical_term": 0.15267132042790627,
      "kl_term": 0.18597477354740963,
      "discretization_term": 0.0001
    },
    "partition_function": {
      "Z_hat": 5.0898585723172295e-05,
      "underline_Z": 4.5808727150855065e-05,
      "prior_samples": 2000
    }
  },
  "true_risk": {
    "L_mc": 0.7676109958075941,
    "L_mc_std": 0.007958974698037845,
    "R": 100
  },
  "performance": {
    "total_solver_calls": 0,
    "timings": {
      "data_generation": {
        "total": 9.298324584960938e-05,
        "mean": 9.298324584960938e-05,
        "std": 0.0,
        "count": 1
      },
      "mcmc": {
        "total": 0.0761728286743164,
        "mean": 0.0761728286743164,
        "std": 0.0,
        "count": 1
      },
      "certificate": {
        "total": 0.008126974105834961,
        "mean": 0.008126974105834961,
        "std": 0.0,
        "count": 1
      }
    },
    "memory_peak_mb": {}
  }
}