{
  "config": {
    "s": 3,
    "sensor_positions": [
      0.2,
      0.5,
      0.8
    ],
    "placement_type": "shifted",
    "sigma": 0.1,
    "n_x": 100,
    "T": 0.3,
    "lambda": 1.0,
    "c": 1.0,
    "m": 3,
    "n_t": 50,
    "seed": 101,
    "delta": 0.05,
    "alpha": 0.001,
    "M": 2000,
    "R": 100,
    "n": 150,
    "Delta_x": 0.01,
    "Delta_t": 0.006122448979591836,
    "mcmc_n_steps": 10000,
    "mcmc_n_burn": 2000,
    "is_baseline": false
  },
  "experiment_id": "s3_shifted_sig0.1_nx100_T0.3_lam1.0_m3_nt50_seed101",
  "reproducibility": {
    "seed": 101,
    "data_hash": "f9b15eebb7461825356a6493c60bc607832347f1d972f9997367b39f21cee5f6",
    "experiment_id": "exp_20250917_141945",
    "rng_usage": {
      "data": 1,
      "prior": 1,
      "mcmc": 1
    }
  },
  "dataset": {
    "kappa_star": [
      1.0,
      1.5,
      2.0
    ],
    "sigma": 0.1,
    "n": 150,
    "spatial_mesh": 100,
    "temporal_mesh": 50,
    "time_horizon": 0.3
  },
  "mcmc": {
    "n_steps": 10000,
    "n_burn": 2000,
    "acceptance_rate": 0.0013,
    "ess": [
      800,
      800,
      800
    ],
    "converged": false,
    "n_forward_evals": 8000
  },
  "posterior_summary": {
    "mean": [
      0.9918540798762229,
      0.596993706657169,
      1.062195665049851
    ],
    "std": [
      0.008619827546593475,
      0.037782902956199446,
      0.021932472320449457
    ],
    "quantiles": {
      "2.5%": [
        0.9864195765347645,
        0.5681298607057141,
        1.0454395369655272
      ],
      "50%": [
        0.9945433267026776,
        0.5681298607057141,
        1.0454395369655272
      ],
      "97.5%": [
        0.9945433267026776,
        0.6465121351851585,
        1.0909345018498018
      ]
    }
  },
  "certificate": {
    "B_lambda": 0.31381532275651103,
    "L_hat": 0.12726184849035782,
    "KL": 27.96802113992298,
    "eta_h": 0.0001,
    "lambda": 1.0,
    "c": 1.0,
    "components": {
      "empirical_term": 0.12726184849035782,
      "kl_term": 0.1864534742661532,
      "discretization_term": 0.0001
    },
    "partition_function": {
      "Z_hat": 0.00015479895449937222,
      "underline_Z": 0.000139319059049435,
      "prior_samples": 2000
    }
  },
  "true_risk": {
    "L_mc": 0.9919910572509884,
    "L_mc_std": 0.015828246673882457,
    "R": 100
  },
  "performance": {
    "total_solver_calls": 0,
    "timings": {
      "data_generation": {
        "total": 0.0001678466796875,
        "mean": 0.0001678466796875,
        "std": 0.0,
        "count": 1
      },
      "mcmc": {
        "total": 0.2725517749786377,
        "mean": 0.2725517749786377,
        "std": 0.0,
        "count": 1
      },
      "certificate": {
        "total": 0.014865875244140625,
        "mean": 0.014865875244140625,
        "std": 0.0,
        "count": 1
      }
    },
    "memory_peak_mb": {}
  }
}