{
  "config": {
    "s": 3,
    "sensor_positions": [
      0.2,
      0.5,
      0.8
    ],
    "placement_type": "shifted",
    "sigma": 0.2,
    "n_x": 100,
    "T": 0.3,
    "lambda": 2.0,
    "c": 1.0,
    "m": 3,
    "n_t": 100,
    "seed": 202,
    "delta": 0.05,
    "alpha": 0.001,
    "M": 2000,
    "R": 100,
    "n": 300,
    "Delta_x": 0.01,
    "Delta_t": 0.0030303030303030303,
    "mcmc_n_steps": 10000,
    "mcmc_n_burn": 2000,
    "is_baseline": false
  },
  "experiment_id": "s3_shifted_sig0.2_nx100_T0.3_lam2.0_m3_nt100_seed202",
  "reproducibility": {
    "seed": 202,
    "data_hash": "919dfed6f9f3de0a8a289a1c8489d0f4d40b1d5c569f58f0333d78736822284c",
    "experiment_id": "exp_20250917_142006",
    "rng_usage": {
      "data": 1,
      "prior": 1,
      "mcmc": 1
    }
  },
  "dataset": {
    "kappa_star": [
      1.0,
      1.5,
      2.0
    ],
    "sigma": 0.2,
    "n": 300,
    "spatial_mesh": 100,
    "temporal_mesh": 100,
    "time_horizon": 0.3
  },
  "mcmc": {
    "n_steps": 10000,
    "n_burn": 2000,
    "acceptance_rate": 0.0006,
    "ess": [
      800,
      800,
      800
    ],
    "converged": false,
    "n_forward_evals": 8000
  },
  "posterior_summary": {
    "mean": [
      0.9836933885364584,
      1.0458455969757854,
      0.9281368345420661
    ],
    "std": [
      1.3455903058456897e-13,
      8.482103908136196e-14,
      8.393286066166183e-14
    ],
    "quantiles": {
      "2.5%": [
        0.9836933885365929,
        1.0458455969758702,
        0.92813683454215
      ],
      "50%": [
        0.9836933885365929,
        1.0458455969758702,
        0.92813683454215
      ],
      "97.5%": [
        0.9836933885365929,
        1.0458455969758702,
        0.92813683454215
      ]
    }
  },
  "certificate": {
    "B_lambda": 0.28158077967630935,
    "L_hat": 0.13023419860666632,
    "KL": 90.74794864178583,
    "eta_h": 0.0001,
    "lambda": 2.0,
    "c": 1.0,
    "components": {
      "empirical_term": 0.13023419860666632,
      "kl_term": 0.15124658106964303,
      "discretization_term": 0.0001
    },
    "partition_function": {
      "Z_hat": 3.718950838466499e-06,
      "underline_Z": 3.347055754619849e-06,
      "prior_samples": 2000
    }
  },
  "true_risk": {
    "L_mc": 1.001351743067942,
    "L_mc_std": 0.023039748807027777,
    "R": 100
  },
  "performance": {
    "total_solver_calls": 0,
    "timings": {
      "data_generation": {
        "total": 7.987022399902344e-05,
        "mean": 7.987022399902344e-05,
        "std": 0.0,
        "count": 1
      },
      "mcmc": {
        "total": 0.07739901542663574,
        "mean": 0.07739901542663574,
        "std": 0.0,
        "count": 1
      },
      "certificate": {
        "total": 0.008517742156982422,
        "mean": 0.008517742156982422,
        "std": 0.0,
        "count": 1
      }
    },
    "memory_peak_mb": {}
  }
}