{
  "config": {
    "s": 3,
    "sensor_positions": [
      0.2,
      0.5,
      0.8
    ],
    "placement_type": "shifted",
    "sigma": 0.05,
    "n_x": 100,
    "T": 0.5,
    "lambda": 0.5,
    "c": 1.0,
    "m": 5,
    "n_t": 50,
    "seed": 303,
    "delta": 0.05,
    "alpha": 0.001,
    "M": 2000,
    "R": 100,
    "n": 150,
    "Delta_x": 0.01,
    "Delta_t": 0.01020408163265306,
    "mcmc_n_steps": 10000,
    "mcmc_n_burn": 2000,
    "is_baseline": false
  },
  "experiment_id": "s3_shifted_sig0.05_nx100_T0.5_lam0.5_m5_nt50_seed303",
  "reproducibility": {
    "seed": 303,
    "data_hash": "1124b5bf43a5dfb91bcd7103f6de1b793c5e3e61c07fd50c62c2d629adca5360",
    "experiment_id": "exp_20250917_141930",
    "rng_usage": {
      "data": 1,
      "prior": 1,
      "mcmc": 1
    }
  },
  "dataset": {
    "kappa_star": [
      0.8,
      1.2,
      1.6,
      2.0,
      2.4
    ],
    "sigma": 0.05,
    "n": 150,
    "spatial_mesh": 100,
    "temporal_mesh": 50,
    "time_horizon": 0.5
  },
  "mcmc": {
    "n_steps": 10000,
    "n_burn": 2000,
    "acceptance_rate": 0.0015,
    "ess": [
      800,
      800,
      800,
      800,
      800
    ],
    "converged": false,
    "n_forward_evals": 8000
  },
  "posterior_summary": {
    "mean": [
      0.9165465935536492,
      0.8792156732963785,
      1.4615338628755445,
      0.9647987112382888,
      1.3241267850813374
    ],
    "std": [
      2.0017321133991572e-13,
      9.670042544485113e-14,
      1.2256862191861728e-13,
      7.538414337204813e-14,
      2.2648549702353193e-14
    ],
    "quantiles": {
      "2.5%": [
        0.916546593553449,
        0.8792156732964752,
        1.4615338628756671,
        0.9647987112382134,
        1.3241267850813148
      ],
      "50%": [
        0.916546593553449,
        0.8792156732964752,
        1.4615338628756671,
        0.9647987112382134,
        1.3241267850813148
      ],
      "97.5%": [
        0.916546593553449,
        0.8792156732964752,
        1.4615338628756671,
        0.9647987112382134,
        1.3241267850813148
      ]
    }
  },
  "certificate": {
    "B_lambda": 0.3826278666924452,
    "L_hat": 0.13644371264137953,
    "KL": 18.456311553829927,
    "eta_h": 0.0001,
    "lambda": 0.5,
    "c": 1.0,
    "components": {
      "empirical_term": 0.13644371264137953,
      "kl_term": 0.2460841540510657,
      "discretization_term": 0.0001
    },
    "partition_function": {
      "Z_hat": 0.0002982219380584163,
      "underline_Z": 0.00026839974425257467,
      "prior_samples": 2000
    }
  },
  "true_risk": {
    "L_mc": 0.8421845313185925,
    "L_mc_std": 0.00833796672640222,
    "R": 100
  },
  "performance": {
    "total_solver_calls": 0,
    "timings": {
      "data_generation": {
        "total": 8.702278137207031e-05,
        "mean": 8.702278137207031e-05,
        "std": 0.0,
        "count": 1
      },
      "mcmc": {
        "total": 0.07650589942932129,
        "mean": 0.07650589942932129,
        "std": 0.0,
        "count": 1
      },
      "certificate": {
        "total": 0.00810384750366211,
        "mean": 0.00810384750366211,
        "std": 0.0,
        "count": 1
      }
    },
    "memory_peak_mb": {}
  }
}