{
  "config": {
    "s": 3,
    "sensor_positions": [
      0.2,
      0.5,
      0.8
    ],
    "placement_type": "shifted",
    "sigma": 0.05,
    "n_x": 50,
    "T": 0.3,
    "lambda": 0.5,
    "c": 1.0,
    "m": 3,
    "n_t": 50,
    "seed": 202,
    "delta": 0.05,
    "alpha": 0.001,
    "M": 2000,
    "R": 100,
    "n": 150,
    "Delta_x": 0.02,
    "Delta_t": 0.006122448979591836,
    "mcmc_n_steps": 10000,
    "mcmc_n_burn": 2000,
    "is_baseline": false
  },
  "experiment_id": "s3_shifted_sig0.05_nx50_T0.3_lam0.5_m3_nt50_seed202",
  "reproducibility": {
    "seed": 202,
    "data_hash": "b462671e82cbcd1b7196a1623d20651df5d902d358675adbfcfa74ed85ac7fc9",
    "experiment_id": "exp_20250917_141915",
    "rng_usage": {
      "data": 1,
      "prior": 1,
      "mcmc": 1
    }
  },
  "dataset": {
    "kappa_star": [
      1.0,
      1.5,
      2.0
    ],
    "sigma": 0.05,
    "n": 150,
    "spatial_mesh": 50,
    "temporal_mesh": 50,
    "time_horizon": 0.3
  },
  "mcmc": {
    "n_steps": 10000,
    "n_burn": 2000,
    "acceptance_rate": 0.0014,
    "ess": [
      800,
      800,
      800
    ],
    "converged": false,
    "n_forward_evals": 8000
  },
  "posterior_summary": {
    "mean": [
      0.8805829437723323,
      1.0303154055341357,
      0.7513611920395287
    ],
    "std": [
      0.10164504675542495,
      0.08514992624720315,
      0.16849707583154797
    ],
    "quantiles": {
      "2.5%": [
        0.6285573385221943,
        0.899297003447222,
        0.4265857417944363
      ],
      "50%": [
        0.8409900113629275,
        1.1002216868078638,
        0.7759849185887389
      ],
      "97.5%": [
        1.0081958439715208,
        1.1158726894622821,
        0.9194995976635211
      ]
    }
  },
  "certificate": {
    "B_lambda": 0.4652315769509871,
    "L_hat": 0.1777256048263938,
    "KL": 21.532947909344493,
    "eta_h": 0.0004,
    "lambda": 0.5,
    "c": 1.0,
    "components": {
      "empirical_term": 0.1777256048263938,
      "kl_term": 0.28710597212459327,
      "discretization_term": 0.0004
    },
    "partition_function": {
      "Z_hat": 0.0003040960259175669,
      "underline_Z": 0.0002736864233258102,
      "prior_samples": 2000
    }
  },
  "true_risk": {
    "L_mc": 0.7766664839215196,
    "L_mc_std": 0.0070595449509605465,
    "R": 100
  },
  "performance": {
    "total_solver_calls": 0,
    "timings": {
      "data_generation": {
        "total": 7.700920104980469e-05,
        "mean": 7.700920104980469e-05,
        "std": 0.0,
        "count": 1
      },
      "mcmc": {
        "total": 0.07638406753540039,
        "mean": 0.07638406753540039,
        "std": 0.0,
        "count": 1
      },
      "certificate": {
        "total": 0.00790095329284668,
        "mean": 0.00790095329284668,
        "std": 0.0,
        "count": 1
      }
    },
    "memory_peak_mb": {}
  }
}