{
  "config": {
    "s": 3,
    "sensor_positions": [
      0.2,
      0.5,
      0.8
    ],
    "placement_type": "shifted",
    "sigma": 0.2,
    "n_x": 100,
    "T": 0.3,
    "lambda": 2.0,
    "c": 1.0,
    "m": 3,
    "n_t": 50,
    "seed": 202,
    "delta": 0.05,
    "alpha": 0.001,
    "M": 2000,
    "R": 100,
    "n": 150,
    "Delta_x": 0.01,
    "Delta_t": 0.006122448979591836,
    "mcmc_n_steps": 10000,
    "mcmc_n_burn": 2000,
    "is_baseline": false
  },
  "experiment_id": "s3_shifted_sig0.2_nx100_T0.3_lam2.0_m3_nt50_seed202",
  "reproducibility": {
    "seed": 202,
    "data_hash": "990ac5ca282b51e983c520d1315ece27335bf57226189e6901b2de99cf0a25b2",
    "experiment_id": "exp_20250917_142006",
    "rng_usage": {
      "data": 1,
      "prior": 1,
      "mcmc": 1
    }
  },
  "dataset": {
    "kappa_star": [
      1.0,
      1.5,
      2.0
    ],
    "sigma": 0.2,
    "n": 150,
    "spatial_mesh": 100,
    "temporal_mesh": 50,
    "time_horizon": 0.3
  },
  "mcmc": {
    "n_steps": 10000,
    "n_burn": 2000,
    "acceptance_rate": 0.0006,
    "ess": [
      800,
      800,
      800
    ],
    "converged": false,
    "n_forward_evals": 8000
  },
  "posterior_summary": {
    "mean": [
      0.9836933885364584,
      1.0458455969757854,
      0.9281368345420661
    ],
    "std": [
      1.3455903058456897e-13,
      8.482103908136196e-14,
      8.393286066166183e-14
    ],
    "quantiles": {
      "2.5%": [
        0.9836933885365929,
        1.0458455969758702,
        0.92813683454215
      ],
      "50%": [
        0.9836933885365929,
        1.0458455969758702,
        0.92813683454215
      ],
      "97.5%": [
        0.9836933885365929,
        1.0458455969758702,
        0.92813683454215
      ]
    }
  },
  "certificate": {
    "B_lambda": 0.3373212336464675,
    "L_hat": 0.13023419860666632,
    "KL": 62.09611051194035,
    "eta_h": 0.0001,
    "lambda": 2.0,
    "c": 1.0,
    "components": {
      "empirical_term": 0.13023419860666632,
      "kl_term": 0.20698703503980118,
      "discretization_term": 0.0001
    },
    "partition_function": {
      "Z_hat": 2.1352380474678925e-12,
      "underline_Z": 1e-10,
      "prior_samples": 2000
    }
  },
  "true_risk": {
    "L_mc": 1.0018657810396434,
    "L_mc_std": 0.03161130792665209,
    "R": 100
  },
  "performance": {
    "total_solver_calls": 0,
    "timings": {
      "data_generation": {
        "total": 8.511543273925781e-05,
        "mean": 8.511543273925781e-05,
        "std": 0.0,
        "count": 1
      },
      "mcmc": {
        "total": 0.07785391807556152,
        "mean": 0.07785391807556152,
        "std": 0.0,
        "count": 1
      },
      "certificate": {
        "total": 0.008130788803100586,
        "mean": 0.008130788803100586,
        "std": 0.0,
        "count": 1
      }
    },
    "memory_peak_mb": {}
  }
}