{
  "config": {
    "s": 3,
    "sensor_positions": [
      0.2,
      0.5,
      0.8
    ],
    "placement_type": "shifted",
    "sigma": 0.1,
    "n_x": 50,
    "T": 0.3,
    "lambda": 0.5,
    "c": 1.0,
    "m": 5,
    "n_t": 50,
    "seed": 101,
    "delta": 0.05,
    "alpha": 0.001,
    "M": 2000,
    "R": 100,
    "n": 150,
    "Delta_x": 0.02,
    "Delta_t": 0.006122448979591836,
    "mcmc_n_steps": 10000,
    "mcmc_n_burn": 2000,
    "is_baseline": false
  },
  "experiment_id": "s3_shifted_sig0.1_nx50_T0.3_lam0.5_m5_nt50_seed101",
  "reproducibility": {
    "seed": 101,
    "data_hash": "f9b15eebb7461825356a6493c60bc607832347f1d972f9997367b39f21cee5f6",
    "experiment_id": "exp_20250917_141934",
    "rng_usage": {
      "data": 1,
      "prior": 1,
      "mcmc": 1
    }
  },
  "dataset": {
    "kappa_star": [
      0.8,
      1.2,
      1.6,
      2.0,
      2.4
    ],
    "sigma": 0.1,
    "n": 150,
    "spatial_mesh": 50,
    "temporal_mesh": 50,
    "time_horizon": 0.3
  },
  "mcmc": {
    "n_steps": 10000,
    "n_burn": 2000,
    "acceptance_rate": 0.0014,
    "ess": [
      800,
      800,
      800,
      800,
      800
    ],
    "converged": false,
    "n_forward_evals": 8000
  },
  "posterior_summary": {
    "mean": [
      1.149677423690237,
      1.0723822989739498,
      1.5529485025767196,
      1.3982561229970158,
      0.9775184501809714
    ],
    "std": [
      0.07838429720924107,
      0.08122843636916581,
      0.08502266546833982,
      0.015642693345763153,
      0.06871142888827589
    ],
    "quantiles": {
      "2.5%": [
        0.9534009435455012,
        0.8911083924253608,
        1.373344741150757,
        1.383151814868438,
        0.8200982640207657
      ],
      "50%": [
        1.1395434657194334,
        1.0893371081720842,
        1.5420991786602163,
        1.3917695476102365,
        0.9558027213478162
      ],
      "97.5%": [
        1.2140921269488794,
        1.1273350785610838,
        1.6271151402905661,
        1.4175972739288942,
        1.0512268868972756
      ]
    }
  },
  "certificate": {
    "B_lambda": 0.4249979453740306,
    "L_hat": 0.15261411088273052,
    "KL": 20.398787586847504,
    "eta_h": 0.0004,
    "lambda": 0.5,
    "c": 1.0,
    "components": {
      "empirical_term": 0.15261411088273052,
      "kl_term": 0.27198383449130004,
      "discretization_term": 0.0004
    },
    "partition_function": {
      "Z_hat": 0.00014375950553891694,
      "underline_Z": 0.00012938355498502525,
      "prior_samples": 2000
    }
  },
  "true_risk": {
    "L_mc": 1.3296602798933075,
    "L_mc_std": 0.018331853828971737,
    "R": 100
  },
  "performance": {
    "total_solver_calls": 0,
    "timings": {
      "data_generation": {
        "total": 8.320808410644531e-05,
        "mean": 8.320808410644531e-05,
        "std": 0.0,
        "count": 1
      },
      "mcmc": {
        "total": 0.07892918586730957,
        "mean": 0.07892918586730957,
        "std": 0.0,
        "count": 1
      },
      "certificate": {
        "total": 0.008466958999633789,
        "mean": 0.008466958999633789,
        "std": 0.0,
        "count": 1
      }
    },
    "memory_peak_mb": {}
  }
}