{
  "config": {
    "s": 3,
    "sensor_positions": [
      0.2,
      0.5,
      0.8
    ],
    "placement_type": "shifted",
    "sigma": 0.2,
    "n_x": 100,
    "T": 0.5,
    "lambda": 1.0,
    "c": 1.0,
    "m": 3,
    "n_t": 50,
    "seed": 101,
    "delta": 0.05,
    "alpha": 0.001,
    "M": 2000,
    "R": 100,
    "n": 150,
    "Delta_x": 0.01,
    "Delta_t": 0.01020408163265306,
    "mcmc_n_steps": 10000,
    "mcmc_n_burn": 2000,
    "is_baseline": false
  },
  "experiment_id": "s3_shifted_sig0.2_nx100_T0.5_lam1.0_m3_nt50_seed101",
  "reproducibility": {
    "seed": 101,
    "data_hash": "3740c25fb012021b000a16d469ae84ea3df22872f29c3b63c7a9018d83e47e25",
    "experiment_id": "exp_20250917_142009",
    "rng_usage": {
      "data": 1,
      "prior": 1,
      "mcmc": 1
    }
  },
  "dataset": {
    "kappa_star": [
      1.0,
      1.5,
      2.0
    ],
    "sigma": 0.2,
    "n": 150,
    "spatial_mesh": 100,
    "temporal_mesh": 50,
    "time_horizon": 0.5
  },
  "mcmc": {
    "n_steps": 10000,
    "n_burn": 2000,
    "acceptance_rate": 0.0013,
    "ess": [
      800,
      800,
      800
    ],
    "converged": false,
    "n_forward_evals": 8000
  },
  "posterior_summary": {
    "mean": [
      0.9918540798762229,
      0.596993706657169,
      1.062195665049851
    ],
    "std": [
      0.008619827546593475,
      0.037782902956199446,
      0.021932472320449457
    ],
    "quantiles": {
      "2.5%": [
        0.9864195765347645,
        0.5681298607057141,
        1.0454395369655272
      ],
      "50%": [
        0.9945433267026776,
        0.5681298607057141,
        1.0454395369655272
      ],
      "97.5%": [
        0.9945433267026776,
        0.6465121351851585,
        1.0909345018498018
      ]
    }
  },
  "certificate": {
    "B_lambda": 0.31534905326301577,
    "L_hat": 0.12726184849035782,
    "KL": 28.19808071589869,
    "eta_h": 0.0001,
    "lambda": 1.0,
    "c": 1.0,
    "components": {
      "empirical_term": 0.12726184849035782,
      "kl_term": 0.18798720477265793,
      "discretization_term": 0.0001
    },
    "partition_function": {
      "Z_hat": 0.0001229856437741486,
      "underline_Z": 0.00011068707939673373,
      "prior_samples": 2000
    }
  },
  "true_risk": {
    "L_mc": 1.0205929326414773,
    "L_mc_std": 0.03194027909904423,
    "R": 100
  },
  "performance": {
    "total_solver_calls": 0,
    "timings": {
      "data_generation": {
        "total": 8.082389831542969e-05,
        "mean": 8.082389831542969e-05,
        "std": 0.0,
        "count": 1
      },
      "mcmc": {
        "total": 0.07711100578308105,
        "mean": 0.07711100578308105,
        "std": 0.0,
        "count": 1
      },
      "certificate": {
        "total": 0.008171796798706055,
        "mean": 0.008171796798706055,
        "std": 0.0,
        "count": 1
      }
    },
    "memory_peak_mb": {}
  }
}