{
  "config": {
    "s": 3,
    "sensor_positions": [
      0.2,
      0.5,
      0.8
    ],
    "placement_type": "shifted",
    "sigma": 0.1,
    "n_x": 50,
    "T": 0.3,
    "lambda": 0.5,
    "c": 1.0,
    "m": 3,
    "n_t": 100,
    "seed": 303,
    "delta": 0.05,
    "alpha": 0.001,
    "M": 2000,
    "R": 100,
    "n": 300,
    "Delta_x": 0.02,
    "Delta_t": 0.0030303030303030303,
    "mcmc_n_steps": 10000,
    "mcmc_n_burn": 2000,
    "is_baseline": false
  },
  "experiment_id": "s3_shifted_sig0.1_nx50_T0.3_lam0.5_m3_nt100_seed303",
  "reproducibility": {
    "seed": 303,
    "data_hash": "a7660e7a7f509a58f202abee67f6bbe75c11181028889f18ee1939b8bffbe497",
    "experiment_id": "exp_20250917_141934",
    "rng_usage": {
      "data": 1,
      "prior": 1,
      "mcmc": 1
    }
  },
  "dataset": {
    "kappa_star": [
      1.0,
      1.5,
      2.0
    ],
    "sigma": 0.1,
    "n": 300,
    "spatial_mesh": 50,
    "temporal_mesh": 100,
    "time_horizon": 0.3
  },
  "mcmc": {
    "n_steps": 10000,
    "n_burn": 2000,
    "acceptance_rate": 0.0011,
    "ess": [
      800,
      800,
      800
    ],
    "converged": false,
    "n_forward_evals": 8000
  },
  "posterior_summary": {
    "mean": [
      0.8749101430385198,
      1.1692205815981467,
      0.8529488380929094
    ],
    "std": [
      0.05833970448915463,
      0.0554599537987569,
      0.02938099505155929
    ],
    "quantiles": {
      "2.5%": [
        0.8486150732644937,
        1.057063151016606,
        0.8207094768041183
      ],
      "50%": [
        0.8486150732644937,
        1.1943583332832153,
        0.8545621779439384
      ],
      "97.5%": [
        0.9901856524330515,
        1.1943583332832153,
        0.8545621779439384
      ]
    }
  },
  "certificate": {
    "B_lambda": 0.36248436236522635,
    "L_hat": 0.15267132042790627,
    "KL": 31.411956290598006,
    "eta_h": 0.0004,
    "lambda": 0.5,
    "c": 1.0,
    "components": {
      "empirical_term": 0.15267132042790627,
      "kl_term": 0.20941304193732005,
      "discretization_term": 0.0004
    },
    "partition_function": {
      "Z_hat": 0.00022354502484505352,
      "underline_Z": 0.00020119052236054817,
      "prior_samples": 2000
    }
  },
  "true_risk": {
    "L_mc": 0.7762145310765217,
    "L_mc_std": 0.010893253609483428,
    "R": 100
  },
  "performance": {
    "total_solver_calls": 0,
    "timings": {
      "data_generation": {
        "total": 9.012222290039062e-05,
        "mean": 9.012222290039062e-05,
        "std": 0.0,
        "count": 1
      },
      "mcmc": {
        "total": 0.07522368431091309,
        "mean": 0.07522368431091309,
        "std": 0.0,
        "count": 1
      },
      "certificate": {
        "total": 0.008468151092529297,
        "mean": 0.008468151092529297,
        "std": 0.0,
        "count": 1
      }
    },
    "memory_peak_mb": {}
  }
}