{
  "config": {
    "s": 3,
    "sensor_positions": [
      0.2,
      0.5,
      0.8
    ],
    "placement_type": "shifted",
    "sigma": 0.2,
    "n_x": 100,
    "T": 0.5,
    "lambda": 2.0,
    "c": 1.0,
    "m": 3,
    "n_t": 100,
    "seed": 303,
    "delta": 0.05,
    "alpha": 0.001,
    "M": 2000,
    "R": 100,
    "n": 300,
    "Delta_x": 0.01,
    "Delta_t": 0.005050505050505051,
    "mcmc_n_steps": 10000,
    "mcmc_n_burn": 2000,
    "is_baseline": false
  },
  "experiment_id": "s3_shifted_sig0.2_nx100_T0.5_lam2.0_m3_nt100_seed303",
  "reproducibility": {
    "seed": 303,
    "data_hash": "05f89e6e47f010b24317f65a37ef149ed63358bff3feb539c1bc97cd9d935fbb",
    "experiment_id": "exp_20250917_142011",
    "rng_usage": {
      "data": 1,
      "prior": 1,
      "mcmc": 1
    }
  },
  "dataset": {
    "kappa_star": [
      1.0,
      1.5,
      2.0
    ],
    "sigma": 0.2,
    "n": 300,
    "spatial_mesh": 100,
    "temporal_mesh": 100,
    "time_horizon": 0.5
  },
  "mcmc": {
    "n_steps": 10000,
    "n_burn": 2000,
    "acceptance_rate": 0.0011,
    "ess": [
      800,
      800,
      800
    ],
    "converged": false,
    "n_forward_evals": 8000
  },
  "posterior_summary": {
    "mean": [
      0.8749101430385198,
      1.1692205815981467,
      0.8529488380929094
    ],
    "std": [
      0.05833970448915463,
      0.0554599537987569,
      0.02938099505155929
    ],
    "quantiles": {
      "2.5%": [
        0.8486150732644937,
        1.057063151016606,
        0.8207094768041183
      ],
      "50%": [
        0.8486150732644937,
        1.1943583332832153,
        0.8545621779439384
      ],
      "97.5%": [
        0.9901856524330515,
        1.1943583332832153,
        0.8545621779439384
      ]
    }
  },
  "certificate": {
    "B_lambda": 0.3256040159287088,
    "L_hat": 0.15267132042790627,
    "KL": 103.69961730048155,
    "eta_h": 0.0001,
    "lambda": 2.0,
    "c": 1.0,
    "components": {
      "empirical_term": 0.15267132042790627,
      "kl_term": 0.17283269550080257,
      "discretization_term": 0.0001
    },
    "partition_function": {
      "Z_hat": 6.196880559580225e-06,
      "underline_Z": 5.577192503622203e-06,
      "prior_samples": 2000
    }
  },
  "true_risk": {
    "L_mc": 0.8068213856639794,
    "L_mc_std": 0.02202749387218262,
    "R": 100
  },
  "performance": {
    "total_solver_calls": 0,
    "timings": {
      "data_generation": {
        "total": 9.012222290039062e-05,
        "mean": 9.012222290039062e-05,
        "std": 0.0,
        "count": 1
      },
      "mcmc": {
        "total": 0.07826089859008789,
        "mean": 0.07826089859008789,
        "std": 0.0,
        "count": 1
      },
      "certificate": {
        "total": 0.00811314582824707,
        "mean": 0.00811314582824707,
        "std": 0.0,
        "count": 1
      }
    },
    "memory_peak_mb": {}
  }
}