{
  "config": {
    "s": 3,
    "sensor_positions": [
      0.2,
      0.5,
      0.8
    ],
    "placement_type": "shifted",
    "sigma": 0.2,
    "n_x": 100,
    "T": 0.5,
    "lambda": 0.5,
    "c": 1.0,
    "m": 5,
    "n_t": 100,
    "seed": 202,
    "delta": 0.05,
    "alpha": 0.001,
    "M": 2000,
    "R": 100,
    "n": 300,
    "Delta_x": 0.01,
    "Delta_t": 0.005050505050505051,
    "mcmc_n_steps": 10000,
    "mcmc_n_burn": 2000,
    "is_baseline": false
  },
  "experiment_id": "s3_shifted_sig0.2_nx100_T0.5_lam0.5_m5_nt100_seed202",
  "reproducibility": {
    "seed": 202,
    "data_hash": "919dfed6f9f3de0a8a289a1c8489d0f4d40b1d5c569f58f0333d78736822284c",
    "experiment_id": "exp_20250917_142009",
    "rng_usage": {
      "data": 1,
      "prior": 1,
      "mcmc": 1
    }
  },
  "dataset": {
    "kappa_star": [
      0.8,
      1.2,
      1.6,
      2.0,
      2.4
    ],
    "sigma": 0.2,
    "n": 300,
    "spatial_mesh": 100,
    "temporal_mesh": 100,
    "time_horizon": 0.5
  },
  "mcmc": {
    "n_steps": 10000,
    "n_burn": 2000,
    "acceptance_rate": 0.001,
    "ess": [
      800,
      800,
      800,
      800,
      800
    ],
    "converged": false,
    "n_forward_evals": 8000
  },
  "posterior_summary": {
    "mean": [
      1.1835135181460206,
      1.23996693907208,
      0.7671119140283921,
      1.0652092937286974,
      0.48897649012899697
    ],
    "std": [
      0.030129395425289265,
      0.06387117557386497,
      0.0911982440825059,
      0.021549697470723217,
      0.0809451925487692
    ],
    "quantiles": {
      "2.5%": [
        1.1528210306461513,
        1.1297339553314103,
        0.7073734523488394,
        1.0523492768221394,
        0.42240266260359527
      ],
      "50%": [
        1.1818944777686222,
        1.2827645328969504,
        0.7073734523488394,
        1.0523492768221394,
        0.4486017644469893
      ],
      "97.5%": [
        1.2622425875078864,
        1.2827645328969504,
        0.9198061251895726,
        1.104480927194504,
        0.6301856733243161
      ]
    }
  },
  "certificate": {
    "B_lambda": 0.49900355555326775,
    "L_hat": 0.21141222265024812,
    "KL": 43.12369993545295,
    "eta_h": 0.0001,
    "lambda": 0.5,
    "c": 1.0,
    "components": {
      "empirical_term": 0.21141222265024812,
      "kl_term": 0.28749133290301965,
      "discretization_term": 0.0001
    },
    "partition_function": {
      "Z_hat": 1.229268703675708e-05,
      "underline_Z": 1.1063418333081372e-05,
      "prior_samples": 2000
    }
  },
  "true_risk": {
    "L_mc": 1.4331040265682307,
    "L_mc_std": 0.02766926624539828,
    "R": 100
  },
  "performance": {
    "total_solver_calls": 0,
    "timings": {
      "data_generation": {
        "total": 8.988380432128906e-05,
        "mean": 8.988380432128906e-05,
        "std": 0.0,
        "count": 1
      },
      "mcmc": {
        "total": 0.07710599899291992,
        "mean": 0.07710599899291992,
        "std": 0.0,
        "count": 1
      },
      "certificate": {
        "total": 0.008273124694824219,
        "mean": 0.008273124694824219,
        "std": 0.0,
        "count": 1
      }
    },
    "memory_peak_mb": {}
  }
}