{
  "config": {
    "s": 3,
    "sensor_positions": [
      0.2,
      0.5,
      0.8
    ],
    "placement_type": "shifted",
    "sigma": 0.05,
    "n_x": 50,
    "T": 0.5,
    "lambda": 1.0,
    "c": 1.0,
    "m": 5,
    "n_t": 50,
    "seed": 303,
    "delta": 0.05,
    "alpha": 0.001,
    "M": 2000,
    "R": 100,
    "n": 150,
    "Delta_x": 0.02,
    "Delta_t": 0.01020408163265306,
    "mcmc_n_steps": 10000,
    "mcmc_n_burn": 2000,
    "is_baseline": false
  },
  "experiment_id": "s3_shifted_sig0.05_nx50_T0.5_lam1.0_m5_nt50_seed303",
  "reproducibility": {
    "seed": 303,
    "data_hash": "1124b5bf43a5dfb91bcd7103f6de1b793c5e3e61c07fd50c62c2d629adca5360",
    "experiment_id": "exp_20250917_141922",
    "rng_usage": {
      "data": 1,
      "prior": 1,
      "mcmc": 1
    }
  },
  "dataset": {
    "kappa_star": [
      0.8,
      1.2,
      1.6,
      2.0,
      2.4
    ],
    "sigma": 0.05,
    "n": 150,
    "spatial_mesh": 50,
    "temporal_mesh": 50,
    "time_horizon": 0.5
  },
  "mcmc": {
    "n_steps": 10000,
    "n_burn": 2000,
    "acceptance_rate": 0.0009,
    "ess": [
      800,
      800,
      800,
      800,
      800
    ],
    "converged": false,
    "n_forward_evals": 8000
  },
  "posterior_summary": {
    "mean": [
      1.2740105696733601,
      0.7390865287107602,
      1.122829773133291,
      0.9923297751947867,
      1.307652130539949
    ],
    "std": [
      1.4876988529977098e-14,
      9.969802761133906e-14,
      4.773959005888173e-14,
      4.596323321948148e-14,
      1.4654943925052066e-14
    ],
    "quantiles": {
      "2.5%": [
        1.274010569673375,
        0.7390865287108599,
        1.1228297731333388,
        0.9923297751948327,
        1.3076521305399638
      ],
      "50%": [
        1.274010569673375,
        0.7390865287108599,
        1.1228297731333388,
        0.9923297751948327,
        1.3076521305399638
      ],
      "97.5%": [
        1.274010569673375,
        0.7390865287108599,
        1.1228297731333388,
        0.9923297751948327,
        1.3076521305399638
      ]
    }
  },
  "certificate": {
    "B_lambda": 0.344835158895959,
    "L_hat": 0.1415300964090538,
    "KL": 30.435759373035772,
    "eta_h": 0.0004,
    "lambda": 1.0,
    "c": 1.0,
    "components": {
      "empirical_term": 0.1415300964090538,
      "kl_term": 0.20290506248690515,
      "discretization_term": 0.0004
    },
    "partition_function": {
      "Z_hat": 0.00011156709535071811,
      "underline_Z": 0.0001004103858156463,
      "prior_samples": 2000
    }
  },
  "true_risk": {
    "L_mc": 1.6250893117843637,
    "L_mc_std": 0.011592310118040721,
    "R": 100
  },
  "performance": {
    "total_solver_calls": 0,
    "timings": {
      "data_generation": {
        "total": 8.296966552734375e-05,
        "mean": 8.296966552734375e-05,
        "std": 0.0,
        "count": 1
      },
      "mcmc": {
        "total": 0.07912874221801758,
        "mean": 0.07912874221801758,
        "std": 0.0,
        "count": 1
      },
      "certificate": {
        "total": 0.008352994918823242,
        "mean": 0.008352994918823242,
        "std": 0.0,
        "count": 1
      }
    },
    "memory_peak_mb": {}
  }
}