{
  "config": {
    "s": 3,
    "sensor_positions": [
      0.2,
      0.5,
      0.8
    ],
    "placement_type": "shifted",
    "sigma": 0.05,
    "n_x": 50,
    "T": 0.5,
    "lambda": 0.5,
    "c": 1.0,
    "m": 5,
    "n_t": 100,
    "seed": 303,
    "delta": 0.05,
    "alpha": 0.001,
    "M": 2000,
    "R": 100,
    "n": 300,
    "Delta_x": 0.02,
    "Delta_t": 0.005050505050505051,
    "mcmc_n_steps": 10000,
    "mcmc_n_burn": 2000,
    "is_baseline": false
  },
  "experiment_id": "s3_shifted_sig0.05_nx50_T0.5_lam0.5_m5_nt100_seed303",
  "reproducibility": {
    "seed": 303,
    "data_hash": "9786eebaf5011e335d3c8de979cd98d30f15f7c73c05055b60fb253043ef7d20",
    "experiment_id": "exp_20250917_141921",
    "rng_usage": {
      "data": 1,
      "prior": 1,
      "mcmc": 1
    }
  },
  "dataset": {
    "kappa_star": [
      0.8,
      1.2,
      1.6,
      2.0,
      2.4
    ],
    "sigma": 0.05,
    "n": 300,
    "spatial_mesh": 50,
    "temporal_mesh": 100,
    "time_horizon": 0.5
  },
  "mcmc": {
    "n_steps": 10000,
    "n_burn": 2000,
    "acceptance_rate": 0.0009,
    "ess": [
      800,
      800,
      800,
      800,
      800
    ],
    "converged": false,
    "n_forward_evals": 8000
  },
  "posterior_summary": {
    "mean": [
      1.2740105696733601,
      0.7390865287107602,
      1.122829773133291,
      0.9923297751947867,
      1.307652130539949
    ],
    "std": [
      1.4876988529977098e-14,
      9.969802761133906e-14,
      4.773959005888173e-14,
      4.596323321948148e-14,
      1.4654943925052066e-14
    ],
    "quantiles": {
      "2.5%": [
        1.274010569673375,
        0.7390865287108599,
        1.1228297731333388,
        0.9923297751948327,
        1.3076521305399638
      ],
      "50%": [
        1.274010569673375,
        0.7390865287108599,
        1.1228297731333388,
        0.9923297751948327,
        1.3076521305399638
      ],
      "97.5%": [
        1.274010569673375,
        0.7390865287108599,
        1.1228297731333388,
        0.9923297751948327,
        1.3076521305399638
      ]
    }
  },
  "certificate": {
    "B_lambda": 0.34827386017210993,
    "L_hat": 0.1415300964090538,
    "KL": 30.951564564458415,
    "eta_h": 0.0004,
    "lambda": 0.5,
    "c": 1.0,
    "components": {
      "empirical_term": 0.1415300964090538,
      "kl_term": 0.2063437637630561,
      "discretization_term": 0.0004
    },
    "partition_function": {
      "Z_hat": 6.660775222330587e-05,
      "underline_Z": 5.9946977000975285e-05,
      "prior_samples": 2000
    }
  },
  "true_risk": {
    "L_mc": 1.6261800885786357,
    "L_mc_std": 0.007896452758540867,
    "R": 100
  },
  "performance": {
    "total_solver_calls": 0,
    "timings": {
      "data_generation": {
        "total": 8.702278137207031e-05,
        "mean": 8.702278137207031e-05,
        "std": 0.0,
        "count": 1
      },
      "mcmc": {
        "total": 0.07922697067260742,
        "mean": 0.07922697067260742,
        "std": 0.0,
        "count": 1
      },
      "certificate": {
        "total": 0.008133888244628906,
        "mean": 0.008133888244628906,
        "std": 0.0,
        "count": 1
      }
    },
    "memory_peak_mb": {}
  }
}