{
  "config": {
    "s": 3,
    "sensor_positions": [
      0.2,
      0.5,
      0.8
    ],
    "placement_type": "shifted",
    "sigma": 0.2,
    "n_x": 50,
    "T": 0.3,
    "lambda": 2.0,
    "c": 1.0,
    "m": 5,
    "n_t": 50,
    "seed": 101,
    "delta": 0.05,
    "alpha": 0.001,
    "M": 2000,
    "R": 100,
    "n": 150,
    "Delta_x": 0.02,
    "Delta_t": 0.006122448979591836,
    "mcmc_n_steps": 10000,
    "mcmc_n_burn": 2000,
    "is_baseline": false
  },
  "experiment_id": "s3_shifted_sig0.2_nx50_T0.3_lam2.0_m5_nt50_seed101",
  "reproducibility": {
    "seed": 101,
    "data_hash": "3740c25fb012021b000a16d469ae84ea3df22872f29c3b63c7a9018d83e47e25",
    "experiment_id": "exp_20250917_141957",
    "rng_usage": {
      "data": 1,
      "prior": 1,
      "mcmc": 1
    }
  },
  "dataset": {
    "kappa_star": [
      0.8,
      1.2,
      1.6,
      2.0,
      2.4
    ],
    "sigma": 0.2,
    "n": 150,
    "spatial_mesh": 50,
    "temporal_mesh": 50,
    "time_horizon": 0.3
  },
  "mcmc": {
    "n_steps": 10000,
    "n_burn": 2000,
    "acceptance_rate": 0.0009,
    "ess": [
      800,
      800,
      800,
      800,
      800
    ],
    "converged": false,
    "n_forward_evals": 8000
  },
  "posterior_summary": {
    "mean": [
      1.029031234702372,
      0.9384573904000351,
      1.5035568841327445,
      1.2217155856692352,
      1.006414718125892
    ],
    "std": [
      0.049204156197676034,
      0.07329867943036224,
      0.07499781875068023,
      0.015537699746400522,
      0.04467589072263745
    ],
    "quantiles": {
      "2.5%": [
        0.9538159240954527,
        0.7899894905752048,
        1.3690363019875345,
        1.2054653433067535,
        0.9699106421216156
      ],
      "50%": [
        1.0051839741985102,
        0.9516960724799076,
        1.4876007263818418,
        1.225345328958329,
        0.9795462061312941
      ],
      "97.5%": [
        1.0797326354279562,
        0.9896940428689072,
        1.5726166880121917,
        1.2399108023672096,
        1.065334807671075
      ]
    }
  },
  "certificate": {
    "B_lambda": 0.37152060108335994,
    "L_hat": 0.1535859987526727,
    "KL": 65.26038069920617,
    "eta_h": 0.0004,
    "lambda": 2.0,
    "c": 1.0,
    "components": {
      "empirical_term": 0.1535859987526727,
      "kl_term": 0.21753460233068722,
      "discretization_term": 0.0004
    },
    "partition_function": {
      "Z_hat": 5.17606584949748e-09,
      "underline_Z": 4.658459264547732e-09,
      "prior_samples": 2000
    }
  },
  "true_risk": {
    "L_mc": 1.0955755586842921,
    "L_mc_std": 0.033110416414939135,
    "R": 100
  },
  "performance": {
    "total_solver_calls": 0,
    "timings": {
      "data_generation": {
        "total": 0.00011277198791503906,
        "mean": 0.00011277198791503906,
        "std": 0.0,
        "count": 1
      },
      "mcmc": {
        "total": 0.07736897468566895,
        "mean": 0.07736897468566895,
        "std": 0.0,
        "count": 1
      },
      "certificate": {
        "total": 0.008105993270874023,
        "mean": 0.008105993270874023,
        "std": 0.0,
        "count": 1
      }
    },
    "memory_peak_mb": {}
  }
}