{
  "config": {
    "s": 3,
    "sensor_positions": [
      0.2,
      0.5,
      0.8
    ],
    "placement_type": "shifted",
    "sigma": 0.1,
    "n_x": 50,
    "T": 0.5,
    "lambda": 1.0,
    "c": 1.0,
    "m": 5,
    "n_t": 50,
    "seed": 101,
    "delta": 0.05,
    "alpha": 0.001,
    "M": 2000,
    "R": 100,
    "n": 150,
    "Delta_x": 0.02,
    "Delta_t": 0.01020408163265306,
    "mcmc_n_steps": 10000,
    "mcmc_n_burn": 2000,
    "is_baseline": false
  },
  "experiment_id": "s3_shifted_sig0.1_nx50_T0.5_lam1.0_m5_nt50_seed101",
  "reproducibility": {
    "seed": 101,
    "data_hash": "f9b15eebb7461825356a6493c60bc607832347f1d972f9997367b39f21cee5f6",
    "experiment_id": "exp_20250917_141941",
    "rng_usage": {
      "data": 1,
      "prior": 1,
      "mcmc": 1
    }
  },
  "dataset": {
    "kappa_star": [
      0.8,
      1.2,
      1.6,
      2.0,
      2.4
    ],
    "sigma": 0.1,
    "n": 150,
    "spatial_mesh": 50,
    "temporal_mesh": 50,
    "time_horizon": 0.5
  },
  "mcmc": {
    "n_steps": 10000,
    "n_burn": 2000,
    "acceptance_rate": 0.001,
    "ess": [
      800,
      800,
      800,
      800,
      800
    ],
    "converged": false,
    "n_forward_evals": 8000
  },
  "posterior_summary": {
    "mean": [
      1.1500924042402128,
      0.9712633971237569,
      1.5486400634138457,
      1.2318319043454105,
      1.136966392291613
    ],
    "std": [
      0.07838429720924824,
      0.08122843636917228,
      0.08502266546832597,
      0.01564269334576213,
      0.06871142888826934
    ],
    "quantiles": {
      "2.5%": [
        0.9538159240954527,
        0.7899894905752048,
        1.3690363019875345,
        1.2167275962165305,
        0.9795462061312941
      ],
      "50%": [
        1.1399584462693848,
        0.9882182063219284,
        1.5377907394969936,
        1.225345328958329,
        1.1152506634583443
      ],
      "97.5%": [
        1.2145071074988307,
        1.026216176710928,
        1.6228067011273435,
        1.2511730552769866,
        1.2106748290078038
      ]
    }
  },
  "certificate": {
    "B_lambda": 0.40899801908356753,
    "L_hat": 0.15097946298994705,
    "KL": 38.64278341404307,
    "eta_h": 0.0004,
    "lambda": 1.0,
    "c": 1.0,
    "components": {
      "empirical_term": 0.15097946298994705,
      "kl_term": 0.2576185560936205,
      "discretization_term": 0.0004
    },
    "partition_function": {
      "Z_hat": 1.25557319960381e-07,
      "underline_Z": 1.130015879643429e-07,
      "prior_samples": 2000
    }
  },
  "true_risk": {
    "L_mc": 1.330613812852732,
    "L_mc_std": 0.018338438914804345,
    "R": 100
  },
  "performance": {
    "total_solver_calls": 0,
    "timings": {
      "data_generation": {
        "total": 8.487701416015625e-05,
        "mean": 8.487701416015625e-05,
        "std": 0.0,
        "count": 1
      },
      "mcmc": {
        "total": 0.0774989128112793,
        "mean": 0.0774989128112793,
        "std": 0.0,
        "count": 1
      },
      "certificate": {
        "total": 0.008112907409667969,
        "mean": 0.008112907409667969,
        "std": 0.0,
        "count": 1
      }
    },
    "memory_peak_mb": {}
  }
}