{
  "config": {
    "s": 3,
    "sensor_positions": [
      0.2,
      0.5,
      0.8
    ],
    "placement_type": "shifted",
    "sigma": 0.1,
    "n_x": 50,
    "T": 0.5,
    "lambda": 0.5,
    "c": 1.0,
    "m": 3,
    "n_t": 50,
    "seed": 101,
    "delta": 0.05,
    "alpha": 0.001,
    "M": 2000,
    "R": 100,
    "n": 150,
    "Delta_x": 0.02,
    "Delta_t": 0.01020408163265306,
    "mcmc_n_steps": 10000,
    "mcmc_n_burn": 2000,
    "is_baseline": false
  },
  "experiment_id": "s3_shifted_sig0.1_nx50_T0.5_lam0.5_m3_nt50_seed101",
  "reproducibility": {
    "seed": 101,
    "data_hash": "f9b15eebb7461825356a6493c60bc607832347f1d972f9997367b39f21cee5f6",
    "experiment_id": "exp_20250917_141938",
    "rng_usage": {
      "data": 1,
      "prior": 1,
      "mcmc": 1
    }
  },
  "dataset": {
    "kappa_star": [
      1.0,
      1.5,
      2.0
    ],
    "sigma": 0.1,
    "n": 150,
    "spatial_mesh": 50,
    "temporal_mesh": 50,
    "time_horizon": 0.5
  },
  "mcmc": {
    "n_steps": 10000,
    "n_burn": 2000,
    "acceptance_rate": 0.0042,
    "ess": [
      800,
      800,
      800
    ],
    "converged": false,
    "n_forward_evals": 8000
  },
  "posterior_summary": {
    "mean": [
      0.22393180531906784,
      -0.17145178338150366,
      1.5303310357880133
    ],
    "std": [
      0.1492182391733207,
      0.06058722929348661,
      0.03403426250749627
    ],
    "quantiles": {
      "2.5%": [
        0.06680583049253963,
        -0.27555255413144153,
        1.4705101957586972
      ],
      "50%": [
        0.20062374720676623,
        -0.15321734800569445,
        1.5494630136556053
      ],
      "97.5%": [
        0.41509903964777295,
        -0.12323670788470198,
        1.550474582862308
      ]
    }
  },
  "certificate": {
    "B_lambda": 0.39726931038689833,
    "L_hat": 0.151821590785279,
    "KL": 18.378578970121453,
    "eta_h": 0.0004,
    "lambda": 0.5,
    "c": 1.0,
    "components": {
      "empirical_term": 0.151821590785279,
      "kl_term": 0.24504771960161936,
      "discretization_term": 0.0004
    },
    "partition_function": {
      "Z_hat": 0.0010213815109714872,
      "underline_Z": 0.0009192433598743385,
      "prior_samples": 2000
    }
  },
  "true_risk": {
    "L_mc": 0.059891968727073294,
    "L_mc_std": 0.003759211719487549,
    "R": 100
  },
  "performance": {
    "total_solver_calls": 0,
    "timings": {
      "data_generation": {
        "total": 9.298324584960938e-05,
        "mean": 9.298324584960938e-05,
        "std": 0.0,
        "count": 1
      },
      "mcmc": {
        "total": 0.07876396179199219,
        "mean": 0.07876396179199219,
        "std": 0.0,
        "count": 1
      },
      "certificate": {
        "total": 0.00855398178100586,
        "mean": 0.00855398178100586,
        "std": 0.0,
        "count": 1
      }
    },
    "memory_peak_mb": {}
  }
}