{
  "config": {
    "s": 3,
    "sensor_positions": [
      0.2,
      0.5,
      0.8
    ],
    "placement_type": "shifted",
    "sigma": 0.2,
    "n_x": 100,
    "T": 0.3,
    "lambda": 2.0,
    "c": 1.0,
    "m": 5,
    "n_t": 100,
    "seed": 303,
    "delta": 0.05,
    "alpha": 0.001,
    "M": 2000,
    "R": 100,
    "n": 300,
    "Delta_x": 0.01,
    "Delta_t": 0.0030303030303030303,
    "mcmc_n_steps": 10000,
    "mcmc_n_burn": 2000,
    "is_baseline": false
  },
  "experiment_id": "s3_shifted_sig0.2_nx100_T0.3_lam2.0_m5_nt100_seed303",
  "reproducibility": {
    "seed": 303,
    "data_hash": "05f89e6e47f010b24317f65a37ef149ed63358bff3feb539c1bc97cd9d935fbb",
    "experiment_id": "exp_20250917_142007",
    "rng_usage": {
      "data": 1,
      "prior": 1,
      "mcmc": 1
    }
  },
  "dataset": {
    "kappa_star": [
      0.8,
      1.2,
      1.6,
      2.0,
      2.4
    ],
    "sigma": 0.2,
    "n": 300,
    "spatial_mesh": 100,
    "temporal_mesh": 100,
    "time_horizon": 0.3
  },
  "mcmc": {
    "n_steps": 10000,
    "n_burn": 2000,
    "acceptance_rate": 0.0009,
    "ess": [
      800,
      800,
      800,
      800,
      800
    ],
    "converged": false,
    "n_forward_evals": 8000
  },
  "posterior_summary": {
    "mean": [
      1.2740105696733601,
      0.7390865287107602,
      1.122829773133291,
      0.9923297751947867,
      1.307652130539949
    ],
    "std": [
      1.4876988529977098e-14,
      9.969802761133906e-14,
      4.773959005888173e-14,
      4.596323321948148e-14,
      1.4654943925052066e-14
    ],
    "quantiles": {
      "2.5%": [
        1.274010569673375,
        0.7390865287108599,
        1.1228297731333388,
        0.9923297751948327,
        1.3076521305399638
      ],
      "50%": [
        1.274010569673375,
        0.7390865287108599,
        1.1228297731333388,
        0.9923297751948327,
        1.3076521305399638
      ],
      "97.5%": [
        1.274010569673375,
        0.7390865287108599,
        1.1228297731333388,
        0.9923297751948327,
        1.3076521305399638
      ]
    }
  },
  "certificate": {
    "B_lambda": 0.30484871914250755,
    "L_hat": 0.1415300964090538,
    "KL": 97.93117364007225,
    "eta_h": 0.0001,
    "lambda": 2.0,
    "c": 1.0,
    "components": {
      "empirical_term": 0.1415300964090538,
      "kl_term": 0.16321862273345375,
      "discretization_term": 0.0001
    },
    "partition_function": {
      "Z_hat": 2.4787521766663867e-06,
      "underline_Z": 2.230876958999748e-06,
      "prior_samples": 2000
    }
  },
  "true_risk": {
    "L_mc": 1.6652016822501525,
    "L_mc_std": 0.03183622804791352,
    "R": 100
  },
  "performance": {
    "total_solver_calls": 0,
    "timings": {
      "data_generation": {
        "total": 9.489059448242188e-05,
        "mean": 9.489059448242188e-05,
        "std": 0.0,
        "count": 1
      },
      "mcmc": {
        "total": 0.08187294006347656,
        "mean": 0.08187294006347656,
        "std": 0.0,
        "count": 1
      },
      "certificate": {
        "total": 0.008095979690551758,
        "mean": 0.008095979690551758,
        "std": 0.0,
        "count": 1
      }
    },
    "memory_peak_mb": {}
  }
}