{
  "config": {
    "s": 5,
    "sensor_positions": [
      0.1,
      0.3,
      0.5,
      0.7,
      0.9
    ],
    "placement_type": "fixed",
    "sigma": 0.2,
    "n_x": 50,
    "T": 0.3,
    "lambda": 2.0,
    "c": 1.0,
    "m": 3,
    "n_t": 50,
    "seed": 101,
    "delta": 0.05,
    "alpha": 0.001,
    "M": 2000,
    "R": 100,
    "n": 250,
    "Delta_x": 0.02,
    "Delta_t": 0.006122448979591836,
    "mcmc_n_steps": 10000,
    "mcmc_n_burn": 2000,
    "is_baseline": false
  },
  "experiment_id": "s5_fixed_sig0.2_nx50_T0.3_lam2.0_m3_nt50_seed101",
  "reproducibility": {
    "seed": 101,
    "data_hash": "7ff33e56b97b1c506dc4d710c16602a3d781de3128562e97d48023efd439ae75",
    "experiment_id": "exp_20250917_142056",
    "rng_usage": {
      "data": 1,
      "prior": 1,
      "mcmc": 1
    }
  },
  "dataset": {
    "kappa_star": [
      1.0,
      1.5,
      2.0
    ],
    "sigma": 0.2,
    "n": 250,
    "spatial_mesh": 50,
    "temporal_mesh": 50,
    "time_horizon": 0.3
  },
  "mcmc": {
    "n_steps": 10000,
    "n_burn": 2000,
    "acceptance_rate": 0.0013,
    "ess": [
      800,
      800,
      800
    ],
    "converged": false,
    "n_forward_evals": 8000
  },
  "posterior_summary": {
    "mean": [
      0.9918540798762229,
      0.596993706657169,
      1.062195665049851
    ],
    "std": [
      0.008619827546593475,
      0.037782902956199446,
      0.021932472320449457
    ],
    "quantiles": {
      "2.5%": [
        0.9864195765347645,
        0.5681298607057141,
        1.0454395369655272
      ],
      "50%": [
        0.9945433267026776,
        0.5681298607057141,
        1.0454395369655272
      ],
      "97.5%": [
        0.9945433267026776,
        0.6465121351851585,
        1.0909345018498018
      ]
    }
  },
  "certificate": {
    "B_lambda": 0.28025047045910495,
    "L_hat": 0.12726184849035782,
    "KL": 76.29431098437354,
    "eta_h": 0.0004,
    "lambda": 2.0,
    "c": 1.0,
    "components": {
      "empirical_term": 0.12726184849035782,
      "kl_term": 0.1525886219687471,
      "discretization_term": 0.0004
    },
    "partition_function": {
      "Z_hat": 3.5165638519964794e-06,
      "underline_Z": 3.1649074667968316e-06,
      "prior_samples": 2000
    }
  },
  "true_risk": {
    "L_mc": 1.024442535891564,
    "L_mc_std": 0.02419072915146657,
    "R": 100
  },
  "performance": {
    "total_solver_calls": 0,
    "timings": {
      "data_generation": {
        "total": 0.0009007453918457031,
        "mean": 0.0009007453918457031,
        "std": 0.0,
        "count": 1
      },
      "mcmc": {
        "total": 0.19178509712219238,
        "mean": 0.19178509712219238,
        "std": 0.0,
        "count": 1
      },
      "certificate": {
        "total": 0.007931709289550781,
        "mean": 0.007931709289550781,
        "std": 0.0,
        "count": 1
      }
    },
    "memory_peak_mb": {}
  }
}