{
  "config": {
    "s": 5,
    "sensor_positions": [
      0.1,
      0.3,
      0.5,
      0.7,
      0.9
    ],
    "placement_type": "fixed",
    "sigma": 0.2,
    "n_x": 100,
    "T": 0.5,
    "lambda": 1.0,
    "c": 1.0,
    "m": 3,
    "n_t": 50,
    "seed": 101,
    "delta": 0.05,
    "alpha": 0.001,
    "M": 2000,
    "R": 100,
    "n": 250,
    "Delta_x": 0.01,
    "Delta_t": 0.01020408163265306,
    "mcmc_n_steps": 10000,
    "mcmc_n_burn": 2000,
    "is_baseline": false
  },
  "experiment_id": "s5_fixed_sig0.2_nx100_T0.5_lam1.0_m3_nt50_seed101",
  "reproducibility": {
    "seed": 101,
    "data_hash": "7ff33e56b97b1c506dc4d710c16602a3d781de3128562e97d48023efd439ae75",
    "experiment_id": "exp_20250917_142109",
    "rng_usage": {
      "data": 1,
      "prior": 1,
      "mcmc": 1
    }
  },
  "dataset": {
    "kappa_star": [
      1.0,
      1.5,
      2.0
    ],
    "sigma": 0.2,
    "n": 250,
    "spatial_mesh": 100,
    "temporal_mesh": 50,
    "time_horizon": 0.5
  },
  "mcmc": {
    "n_steps": 10000,
    "n_burn": 2000,
    "acceptance_rate": 0.0013,
    "ess": [
      800,
      800,
      800
    ],
    "converged": false,
    "n_forward_evals": 8000
  },
  "posterior_summary": {
    "mean": [
      0.9918540798762229,
      0.596993706657169,
      1.062195665049851
    ],
    "std": [
      0.008619827546593475,
      0.037782902956199446,
      0.021932472320449457
    ],
    "quantiles": {
      "2.5%": [
        0.9864195765347645,
        0.5681298607057141,
        1.0454395369655272
      ],
      "50%": [
        0.9945433267026776,
        0.5681298607057141,
        1.0454395369655272
      ],
      "97.5%": [
        0.9945433267026776,
        0.6465121351851585,
        1.0909345018498018
      ]
    }
  },
  "certificate": {
    "B_lambda": 0.3267806260959951,
    "L_hat": 0.12726184849035782,
    "KL": 49.85469440140932,
    "eta_h": 0.0001,
    "lambda": 1.0,
    "c": 1.0,
    "components": {
      "empirical_term": 0.12726184849035782,
      "kl_term": 0.19941877760563728,
      "discretization_term": 0.0001
    },
    "partition_function": {
      "Z_hat": 1.6271157693230135e-08,
      "underline_Z": 1.4644041923907122e-08,
      "prior_samples": 2000
    }
  },
  "true_risk": {
    "L_mc": 1.024442535891564,
    "L_mc_std": 0.02419072915146657,
    "R": 100
  },
  "performance": {
    "total_solver_calls": 0,
    "timings": {
      "data_generation": {
        "total": 7.987022399902344e-05,
        "mean": 7.987022399902344e-05,
        "std": 0.0,
        "count": 1
      },
      "mcmc": {
        "total": 0.0767970085144043,
        "mean": 0.0767970085144043,
        "std": 0.0,
        "count": 1
      },
      "certificate": {
        "total": 0.00836801528930664,
        "mean": 0.00836801528930664,
        "std": 0.0,
        "count": 1
      }
    },
    "memory_peak_mb": {}
  }
}