{
  "config": {
    "s": 5,
    "sensor_positions": [
      0.1,
      0.3,
      0.5,
      0.7,
      0.9
    ],
    "placement_type": "fixed",
    "sigma": 0.05,
    "n_x": 50,
    "T": 0.3,
    "lambda": 2.0,
    "c": 1.0,
    "m": 3,
    "n_t": 50,
    "seed": 303,
    "delta": 0.05,
    "alpha": 0.001,
    "M": 2000,
    "R": 100,
    "n": 250,
    "Delta_x": 0.02,
    "Delta_t": 0.006122448979591836,
    "mcmc_n_steps": 10000,
    "mcmc_n_burn": 2000,
    "is_baseline": false
  },
  "experiment_id": "s5_fixed_sig0.05_nx50_T0.3_lam2.0_m3_nt50_seed303",
  "reproducibility": {
    "seed": 303,
    "data_hash": "32bc96425d2f30ca0f58a1b8627d443cef424149733326df497c9b49e1620c10",
    "experiment_id": "exp_20250917_142016",
    "rng_usage": {
      "data": 1,
      "prior": 1,
      "mcmc": 1
    }
  },
  "dataset": {
    "kappa_star": [
      1.0,
      1.5,
      2.0
    ],
    "sigma": 0.05,
    "n": 250,
    "spatial_mesh": 50,
    "temporal_mesh": 50,
    "time_horizon": 0.3
  },
  "mcmc": {
    "n_steps": 10000,
    "n_burn": 2000,
    "acceptance_rate": 0.0011,
    "ess": [
      800,
      800,
      800
    ],
    "converged": false,
    "n_forward_evals": 8000
  },
  "posterior_summary": {
    "mean": [
      0.8749101430385198,
      1.1692205815981467,
      0.8529488380929094
    ],
    "std": [
      0.05833970448915463,
      0.0554599537987569,
      0.02938099505155929
    ],
    "quantiles": {
      "2.5%": [
        0.8486150732644937,
        1.057063151016606,
        0.8207094768041183
      ],
      "50%": [
        0.8486150732644937,
        1.1943583332832153,
        0.8545621779439384
      ],
      "97.5%": [
        0.9901856524330515,
        1.1943583332832153,
        0.8545621779439384
      ]
    }
  },
  "certificate": {
    "B_lambda": 0.32970406326128426,
    "L_hat": 0.15267132042790627,
    "KL": 88.31637141668898,
    "eta_h": 0.0004,
    "lambda": 2.0,
    "c": 1.0,
    "components": {
      "empirical_term": 0.15267132042790627,
      "kl_term": 0.17663274283337796,
      "discretization_term": 0.0004
    },
    "partition_function": {
      "Z_hat": 6.959863561255183e-06,
      "underline_Z": 6.263877205129665e-06,
      "prior_samples": 2000
    }
  },
  "true_risk": {
    "L_mc": 0.7684121320520483,
    "L_mc_std": 0.0056853522305636735,
    "R": 100
  },
  "performance": {
    "total_solver_calls": 0,
    "timings": {
      "data_generation": {
        "total": 0.0004417896270751953,
        "mean": 0.0004417896270751953,
        "std": 0.0,
        "count": 1
      },
      "mcmc": {
        "total": 0.1742410659790039,
        "mean": 0.1742410659790039,
        "std": 0.0,
        "count": 1
      },
      "certificate": {
        "total": 0.015764951705932617,
        "mean": 0.015764951705932617,
        "std": 0.0,
        "count": 1
      }
    },
    "memory_peak_mb": {}
  }
}