{
  "config": {
    "s": 5,
    "sensor_positions": [
      0.1,
      0.3,
      0.5,
      0.7,
      0.9
    ],
    "placement_type": "fixed",
    "sigma": 0.2,
    "n_x": 50,
    "T": 0.3,
    "lambda": 2.0,
    "c": 1.0,
    "m": 3,
    "n_t": 50,
    "seed": 202,
    "delta": 0.05,
    "alpha": 0.001,
    "M": 2000,
    "R": 100,
    "n": 250,
    "Delta_x": 0.02,
    "Delta_t": 0.006122448979591836,
    "mcmc_n_steps": 10000,
    "mcmc_n_burn": 2000,
    "is_baseline": false
  },
  "experiment_id": "s5_fixed_sig0.2_nx50_T0.3_lam2.0_m3_nt50_seed202",
  "reproducibility": {
    "seed": 202,
    "data_hash": "f648edbc32a98d9446dc715b89daf80347fea1a7d46446d46ee7684f78e9ec86",
    "experiment_id": "exp_20250917_142056",
    "rng_usage": {
      "data": 1,
      "prior": 1,
      "mcmc": 1
    }
  },
  "dataset": {
    "kappa_star": [
      1.0,
      1.5,
      2.0
    ],
    "sigma": 0.2,
    "n": 250,
    "spatial_mesh": 50,
    "temporal_mesh": 50,
    "time_horizon": 0.3
  },
  "mcmc": {
    "n_steps": 10000,
    "n_burn": 2000,
    "acceptance_rate": 0.0006,
    "ess": [
      800,
      800,
      800
    ],
    "converged": false,
    "n_forward_evals": 8000
  },
  "posterior_summary": {
    "mean": [
      0.9836933885364584,
      1.0458455969757854,
      0.9281368345420661
    ],
    "std": [
      1.3455903058456897e-13,
      8.482103908136196e-14,
      8.393286066166183e-14
    ],
    "quantiles": {
      "2.5%": [
        0.9836933885365929,
        1.0458455969758702,
        0.92813683454215
      ],
      "50%": [
        0.9836933885365929,
        1.0458455969758702,
        0.92813683454215
      ],
      "97.5%": [
        0.9836933885365929,
        1.0458455969758702,
        0.92813683454215
      ]
    }
  },
  "certificate": {
    "B_lambda": 0.2840834764936283,
    "L_hat": 0.13023419860666632,
    "KL": 76.72463894348098,
    "eta_h": 0.0004,
    "lambda": 2.0,
    "c": 1.0,
    "components": {
      "empirical_term": 0.13023419860666632,
      "kl_term": 0.15344927788696197,
      "discretization_term": 0.0004
    },
    "partition_function": {
      "Z_hat": 1.0108042897920834e-05,
      "underline_Z": 9.09723860812875e-06,
      "prior_samples": 2000
    }
  },
  "true_risk": {
    "L_mc": 1.0023332865092598,
    "L_mc_std": 0.02485170556165201,
    "R": 100
  },
  "performance": {
    "total_solver_calls": 0,
    "timings": {
      "data_generation": {
        "total": 0.000102996826171875,
        "mean": 0.000102996826171875,
        "std": 0.0,
        "count": 1
      },
      "mcmc": {
        "total": 0.08025693893432617,
        "mean": 0.08025693893432617,
        "std": 0.0,
        "count": 1
      },
      "certificate": {
        "total": 0.014776945114135742,
        "mean": 0.014776945114135742,
        "std": 0.0,
        "count": 1
      }
    },
    "memory_peak_mb": {}
  }
}