{
  "config": {
    "s": 5,
    "sensor_positions": [
      0.1,
      0.3,
      0.5,
      0.7,
      0.9
    ],
    "placement_type": "fixed",
    "sigma": 0.1,
    "n_x": 100,
    "T": 0.5,
    "lambda": 1.0,
    "c": 1.0,
    "m": 5,
    "n_t": 50,
    "seed": 202,
    "delta": 0.05,
    "alpha": 0.001,
    "M": 2000,
    "R": 100,
    "n": 250,
    "Delta_x": 0.01,
    "Delta_t": 0.01020408163265306,
    "mcmc_n_steps": 10000,
    "mcmc_n_burn": 2000,
    "is_baseline": false
  },
  "experiment_id": "s5_fixed_sig0.1_nx100_T0.5_lam1.0_m5_nt50_seed202",
  "reproducibility": {
    "seed": 202,
    "data_hash": "c470f4d2bfa5c6e1b01c539741da626fdb3713e2a8a8aabb2914752bb0f0a7ef",
    "experiment_id": "exp_20250917_142050",
    "rng_usage": {
      "data": 1,
      "prior": 1,
      "mcmc": 1
    }
  },
  "dataset": {
    "kappa_star": [
      0.8,
      1.2,
      1.6,
      2.0,
      2.4
    ],
    "sigma": 0.1,
    "n": 250,
    "spatial_mesh": 100,
    "temporal_mesh": 50,
    "time_horizon": 0.5
  },
  "mcmc": {
    "n_steps": 10000,
    "n_burn": 2000,
    "acceptance_rate": 0.0009,
    "ess": [
      800,
      800,
      800,
      800,
      800
    ],
    "converged": false,
    "n_forward_evals": 8000
  },
  "posterior_summary": {
    "mean": [
      1.1612032816603126,
      1.122535099612513,
      0.930127436349649,
      1.1052138189329006,
      0.6283194422037427
    ],
    "std": [
      0.025084983399556806,
      0.021184147510727797,
      0.028511878547893443,
      0.0025937940577440816,
      0.0128296190227893
    ],
    "quantiles": {
      "2.5%": [
        1.1528210306461513,
        1.0615601886715984,
        0.9198061251895726,
        1.104480927194504,
        0.603986571480922
      ],
      "50%": [
        1.1528210306461513,
        1.1297339553314103,
        0.9198061251895726,
        1.104480927194504,
        0.6301856733243161
      ],
      "97.5%": [
        1.2331691403854155,
        1.1297339553314103,
        1.0056598105717662,
        1.1121731175815066,
        0.6301856733243161
      ]
    }
  },
  "certificate": {
    "B_lambda": 0.4313327579881498,
    "L_hat": 0.1952039785125897,
    "KL": 59.007194868890025,
    "eta_h": 0.0001,
    "lambda": 1.0,
    "c": 1.0,
    "components": {
      "empirical_term": 0.1952039785125897,
      "kl_term": 0.2360287794755601,
      "discretization_term": 0.0001
    },
    "partition_function": {
      "Z_hat": 4.104507417163565e-05,
      "underline_Z": 3.6940566754472084e-05,
      "prior_samples": 2000
    }
  },
  "true_risk": {
    "L_mc": 1.3552658735265286,
    "L_mc_std": 0.014686085545563235,
    "R": 100
  },
  "performance": {
    "total_solver_calls": 0,
    "timings": {
      "data_generation": {
        "total": 9.989738464355469e-05,
        "mean": 9.989738464355469e-05,
        "std": 0.0,
        "count": 1
      },
      "mcmc": {
        "total": 0.07634401321411133,
        "mean": 0.07634401321411133,
        "std": 0.0,
        "count": 1
      },
      "certificate": {
        "total": 0.00837397575378418,
        "mean": 0.00837397575378418,
        "std": 0.0,
        "count": 1
      }
    },
    "memory_peak_mb": {}
  }
}