{
  "config": {
    "s": 5,
    "sensor_positions": [
      0.1,
      0.3,
      0.5,
      0.7,
      0.9
    ],
    "placement_type": "fixed",
    "sigma": 0.05,
    "n_x": 100,
    "T": 0.3,
    "lambda": 1.0,
    "c": 1.0,
    "m": 3,
    "n_t": 100,
    "seed": 202,
    "delta": 0.05,
    "alpha": 0.001,
    "M": 2000,
    "R": 100,
    "n": 500,
    "Delta_x": 0.01,
    "Delta_t": 0.0030303030303030303,
    "mcmc_n_steps": 10000,
    "mcmc_n_burn": 2000,
    "is_baseline": false
  },
  "experiment_id": "s5_fixed_sig0.05_nx100_T0.3_lam1.0_m3_nt100_seed202",
  "reproducibility": {
    "seed": 202,
    "data_hash": "4a8771f49a5443a6a5dbdcfe81054ab3880b8befb388dd0d735ff8cbdf69d2ba",
    "experiment_id": "exp_20250917_142025",
    "rng_usage": {
      "data": 1,
      "prior": 1,
      "mcmc": 1
    }
  },
  "dataset": {
    "kappa_star": [
      1.0,
      1.5,
      2.0
    ],
    "sigma": 0.05,
    "n": 500,
    "spatial_mesh": 100,
    "temporal_mesh": 100,
    "time_horizon": 0.3
  },
  "mcmc": {
    "n_steps": 10000,
    "n_burn": 2000,
    "acceptance_rate": 0.0006,
    "ess": [
      800,
      800,
      800
    ],
    "converged": false,
    "n_forward_evals": 8000
  },
  "posterior_summary": {
    "mean": [
      0.9836933885364584,
      1.0458455969757854,
      0.9281368345420661
    ],
    "std": [
      1.3455903058456897e-13,
      8.482103908136196e-14,
      8.393286066166183e-14
    ],
    "quantiles": {
      "2.5%": [
        0.9836933885365929,
        1.0458455969758702,
        0.92813683454215
      ],
      "50%": [
        0.9836933885365929,
        1.0458455969758702,
        0.92813683454215
      ],
      "97.5%": [
        0.9836933885365929,
        1.0458455969758702,
        0.92813683454215
      ]
    }
  },
  "certificate": {
    "B_lambda": 0.2901315498026895,
    "L_hat": 0.13023419860666632,
    "KL": 79.89867559801161,
    "eta_h": 0.0001,
    "lambda": 1.0,
    "c": 1.0,
    "components": {
      "empirical_term": 0.13023419860666632,
      "kl_term": 0.1597973511960232,
      "discretization_term": 0.0001
    },
    "partition_function": {
      "Z_hat": 4.228637647093484e-07,
      "underline_Z": 3.8057738823841355e-07,
      "prior_samples": 2000
    }
  },
  "true_risk": {
    "L_mc": 0.9697661268572201,
    "L_mc_std": 0.004430065384843369,
    "R": 100
  },
  "performance": {
    "total_solver_calls": 0,
    "timings": {
      "data_generation": {
        "total": 0.00011301040649414062,
        "mean": 0.00011301040649414062,
        "std": 0.0,
        "count": 1
      },
      "mcmc": {
        "total": 0.07640719413757324,
        "mean": 0.07640719413757324,
        "std": 0.0,
        "count": 1
      },
      "certificate": {
        "total": 0.008289098739624023,
        "mean": 0.008289098739624023,
        "std": 0.0,
        "count": 1
      }
    },
    "memory_peak_mb": {}
  }
}