{
  "config": {
    "s": 5,
    "sensor_positions": [
      0.1,
      0.3,
      0.5,
      0.7,
      0.9
    ],
    "placement_type": "fixed",
    "sigma": 0.2,
    "n_x": 100,
    "T": 0.3,
    "lambda": 0.5,
    "c": 1.0,
    "m": 5,
    "n_t": 50,
    "seed": 202,
    "delta": 0.05,
    "alpha": 0.001,
    "M": 2000,
    "R": 100,
    "n": 250,
    "Delta_x": 0.01,
    "Delta_t": 0.006122448979591836,
    "mcmc_n_steps": 10000,
    "mcmc_n_burn": 2000,
    "is_baseline": false
  },
  "experiment_id": "s5_fixed_sig0.2_nx100_T0.3_lam0.5_m5_nt50_seed202",
  "reproducibility": {
    "seed": 202,
    "data_hash": "f648edbc32a98d9446dc715b89daf80347fea1a7d46446d46ee7684f78e9ec86",
    "experiment_id": "exp_20250917_142103",
    "rng_usage": {
      "data": 1,
      "prior": 1,
      "mcmc": 1
    }
  },
  "dataset": {
    "kappa_star": [
      0.8,
      1.2,
      1.6,
      2.0,
      2.4
    ],
    "sigma": 0.2,
    "n": 250,
    "spatial_mesh": 100,
    "temporal_mesh": 50,
    "time_horizon": 0.3
  },
  "mcmc": {
    "n_steps": 10000,
    "n_burn": 2000,
    "acceptance_rate": 0.001,
    "ess": [
      800,
      800,
      800,
      800,
      800
    ],
    "converged": false,
    "n_forward_evals": 8000
  },
  "posterior_summary": {
    "mean": [
      1.1835135181460206,
      1.23996693907208,
      0.7671119140283921,
      1.0652092937286974,
      0.48897649012899697
    ],
    "std": [
      0.030129395425289265,
      0.06387117557386497,
      0.0911982440825059,
      0.021549697470723217,
      0.0809451925487692
    ],
    "quantiles": {
      "2.5%": [
        1.1528210306461513,
        1.1297339553314103,
        0.7073734523488394,
        1.0523492768221394,
        0.42240266260359527
      ],
      "50%": [
        1.1818944777686222,
        1.2827645328969504,
        0.7073734523488394,
        1.0523492768221394,
        0.4486017644469893
      ],
      "97.5%": [
        1.2622425875078864,
        1.2827645328969504,
        0.9198061251895726,
        1.104480927194504,
        0.6301856733243161
      ]
    }
  },
  "certificate": {
    "B_lambda": 0.5669150138455603,
    "L_hat": 0.21141222265024812,
    "KL": 44.42534889941403,
    "eta_h": 0.0001,
    "lambda": 0.5,
    "c": 1.0,
    "components": {
      "empirical_term": 0.21141222265024812,
      "kl_term": 0.35540279119531226,
      "discretization_term": 0.0001
    },
    "partition_function": {
      "Z_hat": 1.6942161601391558e-08,
      "underline_Z": 1.52479454412524e-08,
      "prior_samples": 2000
    }
  },
  "true_risk": {
    "L_mc": 1.4343117479364924,
    "L_mc_std": 0.029889284976544632,
    "R": 100
  },
  "performance": {
    "total_solver_calls": 0,
    "timings": {
      "data_generation": {
        "total": 8.20159912109375e-05,
        "mean": 8.20159912109375e-05,
        "std": 0.0,
        "count": 1
      },
      "mcmc": {
        "total": 0.07958006858825684,
        "mean": 0.07958006858825684,
        "std": 0.0,
        "count": 1
      },
      "certificate": {
        "total": 0.008437156677246094,
        "mean": 0.008437156677246094,
        "std": 0.0,
        "count": 1
      }
    },
    "memory_peak_mb": {}
  }
}