{
  "config": {
    "s": 5,
    "sensor_positions": [
      0.1,
      0.3,
      0.5,
      0.7,
      0.9
    ],
    "placement_type": "fixed",
    "sigma": 0.1,
    "n_x": 50,
    "T": 0.5,
    "lambda": 0.5,
    "c": 1.0,
    "m": 5,
    "n_t": 50,
    "seed": 303,
    "delta": 0.05,
    "alpha": 0.001,
    "M": 2000,
    "R": 100,
    "n": 250,
    "Delta_x": 0.02,
    "Delta_t": 0.01020408163265306,
    "mcmc_n_steps": 10000,
    "mcmc_n_burn": 2000,
    "is_baseline": false
  },
  "experiment_id": "s5_fixed_sig0.1_nx50_T0.5_lam0.5_m5_nt50_seed303",
  "reproducibility": {
    "seed": 303,
    "data_hash": "f2003253fffd064114653b4d7729711f4ba542ea0ca4e64c8ded6d77296ef919",
    "experiment_id": "exp_20250917_142039",
    "rng_usage": {
      "data": 1,
      "prior": 1,
      "mcmc": 1
    }
  },
  "dataset": {
    "kappa_star": [
      0.8,
      1.2,
      1.6,
      2.0,
      2.4
    ],
    "sigma": 0.1,
    "n": 250,
    "spatial_mesh": 50,
    "temporal_mesh": 50,
    "time_horizon": 0.5
  },
  "mcmc": {
    "n_steps": 10000,
    "n_burn": 2000,
    "acceptance_rate": 0.001,
    "ess": [
      800,
      800,
      800,
      800,
      800
    ],
    "converged": false,
    "n_forward_evals": 8000
  },
  "posterior_summary": {
    "mean": [
      1.1577172173304788,
      0.8238770021061975,
      1.2152381392490497,
      1.0887772197183414,
      1.3370838357381098
    ],
    "std": [
      1.3322676295501878e-13,
      3.064215547965432e-14,
      2.531308496145357e-14,
      1.716404796070492e-13,
      5.5067062021407764e-14
    ],
    "quantiles": {
      "2.5%": [
        1.157717217330612,
        0.8238770021061669,
        1.2152381392490244,
        1.0887772197181698,
        1.3370838357380548
      ],
      "50%": [
        1.157717217330612,
        0.8238770021061669,
        1.2152381392490244,
        1.0887772197181698,
        1.3370838357380548
      ],
      "97.5%": [
        1.157717217330612,
        0.8238770021061669,
        1.2152381392490244,
        1.0887772197181698,
        1.3370838357380548
      ]
    }
  },
  "certificate": {
    "B_lambda": 0.34519220476348184,
    "L_hat": 0.13657157351608573,
    "KL": 26.027578905924507,
    "eta_h": 0.0004,
    "lambda": 0.5,
    "c": 1.0,
    "components": {
      "empirical_term": 0.13657157351608573,
      "kl_term": 0.20822063124739607,
      "discretization_term": 0.0004
    },
    "partition_function": {
      "Z_hat": 0.00014327113116452997,
      "underline_Z": 0.00012894401804807698,
      "prior_samples": 2000
    }
  },
  "true_risk": {
    "L_mc": 1.3514567036540845,
    "L_mc_std": 0.015019448148910928,
    "R": 100
  },
  "performance": {
    "total_solver_calls": 0,
    "timings": {
      "data_generation": {
        "total": 9.608268737792969e-05,
        "mean": 9.608268737792969e-05,
        "std": 0.0,
        "count": 1
      },
      "mcmc": {
        "total": 0.07920694351196289,
        "mean": 0.07920694351196289,
        "std": 0.0,
        "count": 1
      },
      "certificate": {
        "total": 0.00811910629272461,
        "mean": 0.00811910629272461,
        "std": 0.0,
        "count": 1
      }
    },
    "memory_peak_mb": {}
  }
}