{
  "config": {
    "s": 5,
    "sensor_positions": [
      0.1,
      0.3,
      0.5,
      0.7,
      0.9
    ],
    "placement_type": "fixed",
    "sigma": 0.05,
    "n_x": 50,
    "T": 0.5,
    "lambda": 2.0,
    "c": 1.0,
    "m": 3,
    "n_t": 50,
    "seed": 202,
    "delta": 0.05,
    "alpha": 0.001,
    "M": 2000,
    "R": 100,
    "n": 250,
    "Delta_x": 0.02,
    "Delta_t": 0.01020408163265306,
    "mcmc_n_steps": 10000,
    "mcmc_n_burn": 2000,
    "is_baseline": false
  },
  "experiment_id": "s5_fixed_sig0.05_nx50_T0.5_lam2.0_m3_nt50_seed202",
  "reproducibility": {
    "seed": 202,
    "data_hash": "d063db2cec7fb431abc0e7e0863f0d54166fc5d6b430a9afff3bacb542579d24",
    "experiment_id": "exp_20250917_142021",
    "rng_usage": {
      "data": 1,
      "prior": 1,
      "mcmc": 1
    }
  },
  "dataset": {
    "kappa_star": [
      1.0,
      1.5,
      2.0
    ],
    "sigma": 0.05,
    "n": 250,
    "spatial_mesh": 50,
    "temporal_mesh": 50,
    "time_horizon": 0.5
  },
  "mcmc": {
    "n_steps": 10000,
    "n_burn": 2000,
    "acceptance_rate": 0.0006,
    "ess": [
      800,
      800,
      800
    ],
    "converged": false,
    "n_forward_evals": 8000
  },
  "posterior_summary": {
    "mean": [
      0.9836933885364584,
      1.0458455969757854,
      0.9281368345420661
    ],
    "std": [
      1.3455903058456897e-13,
      8.482103908136196e-14,
      8.393286066166183e-14
    ],
    "quantiles": {
      "2.5%": [
        0.9836933885365929,
        1.0458455969758702,
        0.92813683454215
      ],
      "50%": [
        0.9836933885365929,
        1.0458455969758702,
        0.92813683454215
      ],
      "97.5%": [
        0.9836933885365929,
        1.0458455969758702,
        0.92813683454215
      ]
    }
  },
  "certificate": {
    "B_lambda": 0.28489462880261257,
    "L_hat": 0.13023419860666632,
    "KL": 77.13021509797312,
    "eta_h": 0.0004,
    "lambda": 2.0,
    "c": 1.0,
    "components": {
      "empirical_term": 0.13023419860666632,
      "kl_term": 0.15426043019594624,
      "discretization_term": 0.0004
    },
    "partition_function": {
      "Z_hat": 6.737946999085468e-06,
      "underline_Z": 6.064152299176922e-06,
      "prior_samples": 2000
    }
  },
  "true_risk": {
    "L_mc": 0.9688296999956596,
    "L_mc_std": 0.006231188258574101,
    "R": 100
  },
  "performance": {
    "total_solver_calls": 0,
    "timings": {
      "data_generation": {
        "total": 9.393692016601562e-05,
        "mean": 9.393692016601562e-05,
        "std": 0.0,
        "count": 1
      },
      "mcmc": {
        "total": 0.07710886001586914,
        "mean": 0.07710886001586914,
        "std": 0.0,
        "count": 1
      },
      "certificate": {
        "total": 0.008030891418457031,
        "mean": 0.008030891418457031,
        "std": 0.0,
        "count": 1
      }
    },
    "memory_peak_mb": {}
  }
}