{
  "config": {
    "s": 5,
    "sensor_positions": [
      0.1,
      0.3,
      0.5,
      0.7,
      0.9
    ],
    "placement_type": "fixed",
    "sigma": 0.05,
    "n_x": 50,
    "T": 0.5,
    "lambda": 2.0,
    "c": 1.0,
    "m": 3,
    "n_t": 100,
    "seed": 303,
    "delta": 0.05,
    "alpha": 0.001,
    "M": 2000,
    "R": 100,
    "n": 500,
    "Delta_x": 0.02,
    "Delta_t": 0.005050505050505051,
    "mcmc_n_steps": 10000,
    "mcmc_n_burn": 2000,
    "is_baseline": false
  },
  "experiment_id": "s5_fixed_sig0.05_nx50_T0.5_lam2.0_m3_nt100_seed303",
  "reproducibility": {
    "seed": 303,
    "data_hash": "923f60412531ffd1c47353b3510377af4b59a0cbf4bd004fb4b6285bdcb625f7",
    "experiment_id": "exp_20250917_142021",
    "rng_usage": {
      "data": 1,
      "prior": 1,
      "mcmc": 1
    }
  },
  "dataset": {
    "kappa_star": [
      1.0,
      1.5,
      2.0
    ],
    "sigma": 0.05,
    "n": 500,
    "spatial_mesh": 50,
    "temporal_mesh": 100,
    "time_horizon": 0.5
  },
  "mcmc": {
    "n_steps": 10000,
    "n_burn": 2000,
    "acceptance_rate": 0.0011,
    "ess": [
      800,
      800,
      800
    ],
    "converged": false,
    "n_forward_evals": 8000
  },
  "posterior_summary": {
    "mean": [
      0.8749101430385198,
      1.1692205815981467,
      0.8529488380929094
    ],
    "std": [
      0.05833970448915463,
      0.0554599537987569,
      0.02938099505155929
    ],
    "quantiles": {
      "2.5%": [
        0.8486150732644937,
        1.057063151016606,
        0.8207094768041183
      ],
      "50%": [
        0.8486150732644937,
        1.1943583332832153,
        0.8545621779439384
      ],
      "97.5%": [
        0.9901856524330515,
        1.1943583332832153,
        0.8545621779439384
      ]
    }
  },
  "certificate": {
    "B_lambda": 0.3234489036020828,
    "L_hat": 0.15267132042790627,
    "KL": 170.3775831741765,
    "eta_h": 0.0004,
    "lambda": 2.0,
    "c": 1.0,
    "components": {
      "empirical_term": 0.15267132042790627,
      "kl_term": 0.1703775831741765,
      "discretization_term": 0.0004
    },
    "partition_function": {
      "Z_hat": 2.2699970077939103e-08,
      "underline_Z": 2.0429973070145194e-08,
      "prior_samples": 2000
    }
  },
  "true_risk": {
    "L_mc": 0.7678019020683086,
    "L_mc_std": 0.004151944126399089,
    "R": 100
  },
  "performance": {
    "total_solver_calls": 0,
    "timings": {
      "data_generation": {
        "total": 9.489059448242188e-05,
        "mean": 9.489059448242188e-05,
        "std": 0.0,
        "count": 1
      },
      "mcmc": {
        "total": 0.07994508743286133,
        "mean": 0.07994508743286133,
        "std": 0.0,
        "count": 1
      },
      "certificate": {
        "total": 0.008144140243530273,
        "mean": 0.008144140243530273,
        "std": 0.0,
        "count": 1
      }
    },
    "memory_peak_mb": {}
  }
}