{
  "config": {
    "s": 5,
    "sensor_positions": [
      0.1,
      0.3,
      0.5,
      0.7,
      0.9
    ],
    "placement_type": "fixed",
    "sigma": 0.05,
    "n_x": 50,
    "T": 0.3,
    "lambda": 0.5,
    "c": 1.0,
    "m": 5,
    "n_t": 50,
    "seed": 303,
    "delta": 0.05,
    "alpha": 0.001,
    "M": 2000,
    "R": 100,
    "n": 250,
    "Delta_x": 0.02,
    "Delta_t": 0.006122448979591836,
    "mcmc_n_steps": 10000,
    "mcmc_n_burn": 2000,
    "is_baseline": false
  },
  "experiment_id": "s5_fixed_sig0.05_nx50_T0.3_lam0.5_m5_nt50_seed303",
  "reproducibility": {
    "seed": 303,
    "data_hash": "32bc96425d2f30ca0f58a1b8627d443cef424149733326df497c9b49e1620c10",
    "experiment_id": "exp_20250917_142013",
    "rng_usage": {
      "data": 1,
      "prior": 1,
      "mcmc": 1
    }
  },
  "dataset": {
    "kappa_star": [
      0.8,
      1.2,
      1.6,
      2.0,
      2.4
    ],
    "sigma": 0.05,
    "n": 250,
    "spatial_mesh": 50,
    "temporal_mesh": 50,
    "time_horizon": 0.3
  },
  "mcmc": {
    "n_steps": 10000,
    "n_burn": 2000,
    "acceptance_rate": 0.001,
    "ess": [
      800,
      800,
      800,
      800,
      800
    ],
    "converged": false,
    "n_forward_evals": 8000
  },
  "posterior_summary": {
    "mean": [
      1.1577172173304788,
      0.8238770021061975,
      1.2152381392490497,
      1.0887772197183414,
      1.3370838357381098
    ],
    "std": [
      1.3322676295501878e-13,
      3.064215547965432e-14,
      2.531308496145357e-14,
      1.716404796070492e-13,
      5.5067062021407764e-14
    ],
    "quantiles": {
      "2.5%": [
        1.157717217330612,
        0.8238770021061669,
        1.2152381392490244,
        1.0887772197181698,
        1.3370838357380548
      ],
      "50%": [
        1.157717217330612,
        0.8238770021061669,
        1.2152381392490244,
        1.0887772197181698,
        1.3370838357380548
      ],
      "97.5%": [
        1.157717217330612,
        0.8238770021061669,
        1.2152381392490244,
        1.0887772197181698,
        1.3370838357380548
      ]
    }
  },
  "certificate": {
    "B_lambda": 0.4577499544716951,
    "L_hat": 0.13657157351608573,
    "KL": 40.09729761945117,
    "eta_h": 0.0004,
    "lambda": 0.5,
    "c": 1.0,
    "components": {
      "empirical_term": 0.13657157351608573,
      "kl_term": 0.32077838095560934,
      "discretization_term": 0.0004
    },
    "partition_function": {
      "Z_hat": 1.7978586470364685e-11,
      "underline_Z": 1e-10,
      "prior_samples": 2000
    }
  },
  "true_risk": {
    "L_mc": 1.3434039700583134,
    "L_mc_std": 0.007530580979731447,
    "R": 100
  },
  "performance": {
    "total_solver_calls": 0,
    "timings": {
      "data_generation": {
        "total": 8.392333984375e-05,
        "mean": 8.392333984375e-05,
        "std": 0.0,
        "count": 1
      },
      "mcmc": {
        "total": 0.07613897323608398,
        "mean": 0.07613897323608398,
        "std": 0.0,
        "count": 1
      },
      "certificate": {
        "total": 0.007786989212036133,
        "mean": 0.007786989212036133,
        "std": 0.0,
        "count": 1
      }
    },
    "memory_peak_mb": {}
  }
}