{
  "config": {
    "s": 5,
    "sensor_positions": [
      0.2,
      0.35,
      0.5,
      0.65,
      0.8
    ],
    "placement_type": "shifted",
    "sigma": 0.05,
    "n_x": 100,
    "T": 0.3,
    "lambda": 0.5,
    "c": 1.0,
    "m": 3,
    "n_t": 50,
    "seed": 101,
    "delta": 0.05,
    "alpha": 0.001,
    "M": 2000,
    "R": 100,
    "n": 250,
    "Delta_x": 0.01,
    "Delta_t": 0.006122448979591836,
    "mcmc_n_steps": 10000,
    "mcmc_n_burn": 2000,
    "is_baseline": false
  },
  "experiment_id": "s5_shifted_sig0.05_nx100_T0.3_lam0.5_m3_nt50_seed101",
  "reproducibility": {
    "seed": 101,
    "data_hash": "71364a61f3cbf719ff7db70a4669847816e9dcddc562e8377139738b266d0f97",
    "experiment_id": "exp_20250917_142122",
    "rng_usage": {
      "data": 1,
      "prior": 1,
      "mcmc": 1
    }
  },
  "dataset": {
    "kappa_star": [
      1.0,
      1.5,
      2.0
    ],
    "sigma": 0.05,
    "n": 250,
    "spatial_mesh": 100,
    "temporal_mesh": 50,
    "time_horizon": 0.3
  },
  "mcmc": {
    "n_steps": 10000,
    "n_burn": 2000,
    "acceptance_rate": 0.0025,
    "ess": [
      800,
      800,
      800
    ],
    "converged": false,
    "n_forward_evals": 8000
  },
  "posterior_summary": {
    "mean": [
      0.8602843196303297,
      0.24590716899638063,
      1.4361051487026404
    ],
    "std": [
      0.008619827546594004,
      0.03778290295619498,
      0.02193247232044873
    ],
    "quantiles": {
      "2.5%": [
        0.8548498162888893,
        0.21704332304484622,
        1.4193490206184742
      ],
      "50%": [
        0.8629735664568025,
        0.21704332304484622,
        1.4193490206184742
      ],
      "97.5%": [
        0.8629735664568025,
        0.29542559752429054,
        1.4648439855027489
      ]
    }
  },
  "certificate": {
    "B_lambda": 0.3249197920898733,
    "L_hat": 0.12941467859988692,
    "KL": 24.425639186248304,
    "eta_h": 0.0001,
    "lambda": 0.5,
    "c": 1.0,
    "components": {
      "empirical_term": 0.12941467859988692,
      "kl_term": 0.19540511348998643,
      "discretization_term": 0.0001
    },
    "partition_function": {
      "Z_hat": 0.00029063457218787603,
      "underline_Z": 0.00026157111496908844,
      "prior_samples": 2000
    }
  },
  "true_risk": {
    "L_mc": 0.7427308122445385,
    "L_mc_std": 0.00525881933518522,
    "R": 100
  },
  "performance": {
    "total_solver_calls": 0,
    "timings": {
      "data_generation": {
        "total": 8.320808410644531e-05,
        "mean": 8.320808410644531e-05,
        "std": 0.0,
        "count": 1
      },
      "mcmc": {
        "total": 0.07636499404907227,
        "mean": 0.07636499404907227,
        "std": 0.0,
        "count": 1
      },
      "certificate": {
        "total": 0.008211851119995117,
        "mean": 0.008211851119995117,
        "std": 0.0,
        "count": 1
      }
    },
    "memory_peak_mb": {}
  }
}