{
  "config": {
    "s": 5,
    "sensor_positions": [
      0.2,
      0.35,
      0.5,
      0.65,
      0.8
    ],
    "placement_type": "shifted",
    "sigma": 0.05,
    "n_x": 100,
    "T": 0.3,
    "lambda": 1.0,
    "c": 1.0,
    "m": 5,
    "n_t": 50,
    "seed": 202,
    "delta": 0.05,
    "alpha": 0.001,
    "M": 2000,
    "R": 100,
    "n": 250,
    "Delta_x": 0.01,
    "Delta_t": 0.006122448979591836,
    "mcmc_n_steps": 10000,
    "mcmc_n_burn": 2000,
    "is_baseline": false
  },
  "experiment_id": "s5_shifted_sig0.05_nx100_T0.3_lam1.0_m5_nt50_seed202",
  "reproducibility": {
    "seed": 202,
    "data_hash": "d063db2cec7fb431abc0e7e0863f0d54166fc5d6b430a9afff3bacb542579d24",
    "experiment_id": "exp_20250917_142125",
    "rng_usage": {
      "data": 1,
      "prior": 1,
      "mcmc": 1
    }
  },
  "dataset": {
    "kappa_star": [
      0.8,
      1.2,
      1.6,
      2.0,
      2.4
    ],
    "sigma": 0.05,
    "n": 250,
    "spatial_mesh": 100,
    "temporal_mesh": 50,
    "time_horizon": 0.3
  },
  "mcmc": {
    "n_steps": 10000,
    "n_burn": 2000,
    "acceptance_rate": 0.0009,
    "ess": [
      800,
      800,
      800,
      800,
      800
    ],
    "converged": false,
    "n_forward_evals": 8000
  },
  "posterior_summary": {
    "mean": [
      1.1612032816603126,
      1.122535099612513,
      0.930127436349649,
      1.1052138189329006,
      0.6283194422037427
    ],
    "std": [
      0.025084983399556806,
      0.021184147510727797,
      0.028511878547893443,
      0.0025937940577440816,
      0.0128296190227893
    ],
    "quantiles": {
      "2.5%": [
        1.1528210306461513,
        1.0615601886715984,
        0.9198061251895726,
        1.104480927194504,
        0.603986571480922
      ],
      "50%": [
        1.1528210306461513,
        1.1297339553314103,
        0.9198061251895726,
        1.104480927194504,
        0.6301856733243161
      ],
      "97.5%": [
        1.2331691403854155,
        1.1297339553314103,
        1.0056598105717662,
        1.1121731175815066,
        0.6301856733243161
      ]
    }
  },
  "certificate": {
    "B_lambda": 0.4738163951210875,
    "L_hat": 0.1952039785125897,
    "KL": 69.62810415212445,
    "eta_h": 0.0001,
    "lambda": 1.0,
    "c": 1.0,
    "components": {
      "empirical_term": 0.1952039785125897,
      "kl_term": 0.2785124166084978,
      "discretization_term": 0.0001
    },
    "partition_function": {
      "Z_hat": 1.0015179795936094e-09,
      "underline_Z": 9.013661816342485e-10,
      "prior_samples": 2000
    }
  },
  "true_risk": {
    "L_mc": 1.3493317562261335,
    "L_mc_std": 0.007359001749402349,
    "R": 100
  },
  "performance": {
    "total_solver_calls": 0,
    "timings": {
      "data_generation": {
        "total": 8.487701416015625e-05,
        "mean": 8.487701416015625e-05,
        "std": 0.0,
        "count": 1
      },
      "mcmc": {
        "total": 0.07724905014038086,
        "mean": 0.07724905014038086,
        "std": 0.0,
        "count": 1
      },
      "certificate": {
        "total": 0.008109807968139648,
        "mean": 0.008109807968139648,
        "std": 0.0,
        "count": 1
      }
    },
    "memory_peak_mb": {}
  }
}