{
  "config": {
    "s": 5,
    "sensor_positions": [
      0.2,
      0.35,
      0.5,
      0.65,
      0.8
    ],
    "placement_type": "shifted",
    "sigma": 0.1,
    "n_x": 100,
    "T": 0.5,
    "lambda": 0.5,
    "c": 1.0,
    "m": 3,
    "n_t": 50,
    "seed": 101,
    "delta": 0.05,
    "alpha": 0.001,
    "M": 2000,
    "R": 100,
    "n": 250,
    "Delta_x": 0.01,
    "Delta_t": 0.01020408163265306,
    "mcmc_n_steps": 10000,
    "mcmc_n_burn": 2000,
    "is_baseline": false
  },
  "experiment_id": "s5_shifted_sig0.1_nx100_T0.5_lam0.5_m3_nt50_seed101",
  "reproducibility": {
    "seed": 101,
    "data_hash": "6cc493502b49a1e0da54e1e37dd8e2e4566f06c9594f1906a200ec16094b6ef1",
    "experiment_id": "exp_20250917_142147",
    "rng_usage": {
      "data": 1,
      "prior": 1,
      "mcmc": 1
    }
  },
  "dataset": {
    "kappa_star": [
      1.0,
      1.5,
      2.0
    ],
    "sigma": 0.1,
    "n": 250,
    "spatial_mesh": 100,
    "temporal_mesh": 50,
    "time_horizon": 0.5
  },
  "mcmc": {
    "n_steps": 10000,
    "n_burn": 2000,
    "acceptance_rate": 0.0025,
    "ess": [
      800,
      800,
      800
    ],
    "converged": false,
    "n_forward_evals": 8000
  },
  "posterior_summary": {
    "mean": [
      0.8602843196303297,
      0.24590716899638063,
      1.4361051487026404
    ],
    "std": [
      0.008619827546594004,
      0.03778290295619498,
      0.02193247232044873
    ],
    "quantiles": {
      "2.5%": [
        0.8548498162888893,
        0.21704332304484622,
        1.4193490206184742
      ],
      "50%": [
        0.8629735664568025,
        0.21704332304484622,
        1.4193490206184742
      ],
      "97.5%": [
        0.8629735664568025,
        0.29542559752429054,
        1.4648439855027489
      ]
    }
  },
  "certificate": {
    "B_lambda": 0.3915688692816236,
    "L_hat": 0.12941467859988692,
    "KL": 32.75677383521709,
    "eta_h": 0.0001,
    "lambda": 0.5,
    "c": 1.0,
    "components": {
      "empirical_term": 0.12941467859988692,
      "kl_term": 0.2620541906817367,
      "discretization_term": 0.0001
    },
    "partition_function": {
      "Z_hat": 7.001344831432694e-08,
      "underline_Z": 6.301210348289425e-08,
      "prior_samples": 2000
    }
  },
  "true_risk": {
    "L_mc": 0.7503750652109367,
    "L_mc_std": 0.01049352974309747,
    "R": 100
  },
  "performance": {
    "total_solver_calls": 0,
    "timings": {
      "data_generation": {
        "total": 9.512901306152344e-05,
        "mean": 9.512901306152344e-05,
        "std": 0.0,
        "count": 1
      },
      "mcmc": {
        "total": 0.07337808609008789,
        "mean": 0.07337808609008789,
        "std": 0.0,
        "count": 1
      },
      "certificate": {
        "total": 0.007756233215332031,
        "mean": 0.007756233215332031,
        "std": 0.0,
        "count": 1
      }
    },
    "memory_peak_mb": {}
  }
}