{
  "config": {
    "s": 5,
    "sensor_positions": [
      0.2,
      0.35,
      0.5,
      0.65,
      0.8
    ],
    "placement_type": "shifted",
    "sigma": 0.05,
    "n_x": 100,
    "T": 0.5,
    "lambda": 0.5,
    "c": 1.0,
    "m": 5,
    "n_t": 100,
    "seed": 303,
    "delta": 0.05,
    "alpha": 0.001,
    "M": 2000,
    "R": 100,
    "n": 500,
    "Delta_x": 0.01,
    "Delta_t": 0.005050505050505051,
    "mcmc_n_steps": 10000,
    "mcmc_n_burn": 2000,
    "is_baseline": false
  },
  "experiment_id": "s5_shifted_sig0.05_nx100_T0.5_lam0.5_m5_nt100_seed303",
  "reproducibility": {
    "seed": 303,
    "data_hash": "923f60412531ffd1c47353b3510377af4b59a0cbf4bd004fb4b6285bdcb625f7",
    "experiment_id": "exp_20250917_142128",
    "rng_usage": {
      "data": 1,
      "prior": 1,
      "mcmc": 1
    }
  },
  "dataset": {
    "kappa_star": [
      0.8,
      1.2,
      1.6,
      2.0,
      2.4
    ],
    "sigma": 0.05,
    "n": 500,
    "spatial_mesh": 100,
    "temporal_mesh": 100,
    "time_horizon": 0.5
  },
  "mcmc": {
    "n_steps": 10000,
    "n_burn": 2000,
    "acceptance_rate": 0.0009,
    "ess": [
      800,
      800,
      800,
      800,
      800
    ],
    "converged": false,
    "n_forward_evals": 8000
  },
  "posterior_summary": {
    "mean": [
      1.2740105696733601,
      0.7390865287107602,
      1.122829773133291,
      0.9923297751947867,
      1.307652130539949
    ],
    "std": [
      1.4876988529977098e-14,
      9.969802761133906e-14,
      4.773959005888173e-14,
      4.596323321948148e-14,
      1.4654943925052066e-14
    ],
    "quantiles": {
      "2.5%": [
        1.274010569673375,
        0.7390865287108599,
        1.1228297731333388,
        0.9923297751948327,
        1.3076521305399638
      ],
      "50%": [
        1.274010569673375,
        0.7390865287108599,
        1.1228297731333388,
        0.9923297751948327,
        1.3076521305399638
      ],
      "97.5%": [
        1.274010569673375,
        0.7390865287108599,
        1.1228297731333388,
        0.9923297751948327,
        1.3076521305399638
      ]
    }
  },
  "certificate": {
    "B_lambda": 0.3727382583346059,
    "L_hat": 0.1415300964090538,
    "KL": 57.77704048138802,
    "eta_h": 0.0001,
    "lambda": 0.5,
    "c": 1.0,
    "components": {
      "empirical_term": 0.1415300964090538,
      "kl_term": 0.23110816192555209,
      "discretization_term": 0.0001
    },
    "partition_function": {
      "Z_hat": 2.0890200208615487e-10,
      "underline_Z": 1.880118018775394e-10,
      "prior_samples": 2000
    }
  },
  "true_risk": {
    "L_mc": 1.6253584975427493,
    "L_mc_std": 0.006046441049553239,
    "R": 100
  },
  "performance": {
    "total_solver_calls": 0,
    "timings": {
      "data_generation": {
        "total": 0.000102996826171875,
        "mean": 0.000102996826171875,
        "std": 0.0,
        "count": 1
      },
      "mcmc": {
        "total": 0.07758069038391113,
        "mean": 0.07758069038391113,
        "std": 0.0,
        "count": 1
      },
      "certificate": {
        "total": 0.008016824722290039,
        "mean": 0.008016824722290039,
        "std": 0.0,
        "count": 1
      }
    },
    "memory_peak_mb": {}
  }
}