{
  "config": {
    "s": 5,
    "sensor_positions": [
      0.2,
      0.35,
      0.5,
      0.65,
      0.8
    ],
    "placement_type": "shifted",
    "sigma": 0.1,
    "n_x": 100,
    "T": 0.3,
    "lambda": 1.0,
    "c": 1.0,
    "m": 5,
    "n_t": 100,
    "seed": 303,
    "delta": 0.05,
    "alpha": 0.001,
    "M": 2000,
    "R": 100,
    "n": 500,
    "Delta_x": 0.01,
    "Delta_t": 0.0030303030303030303,
    "mcmc_n_steps": 10000,
    "mcmc_n_burn": 2000,
    "is_baseline": false
  },
  "experiment_id": "s5_shifted_sig0.1_nx100_T0.3_lam1.0_m5_nt100_seed303",
  "reproducibility": {
    "seed": 303,
    "data_hash": "8029dfda18dc0155cc1060e9b070e821b1870d852da2b862ac937abebf5288f0",
    "experiment_id": "exp_20250917_142145",
    "rng_usage": {
      "data": 1,
      "prior": 1,
      "mcmc": 1
    }
  },
  "dataset": {
    "kappa_star": [
      0.8,
      1.2,
      1.6,
      2.0,
      2.4
    ],
    "sigma": 0.1,
    "n": 500,
    "spatial_mesh": 100,
    "temporal_mesh": 100,
    "time_horizon": 0.3
  },
  "mcmc": {
    "n_steps": 10000,
    "n_burn": 2000,
    "acceptance_rate": 0.0009,
    "ess": [
      800,
      800,
      800,
      800,
      800
    ],
    "converged": false,
    "n_forward_evals": 8000
  },
  "posterior_summary": {
    "mean": [
      1.2740105696733601,
      0.7390865287107602,
      1.122829773133291,
      0.9923297751947867,
      1.307652130539949
    ],
    "std": [
      1.4876988529977098e-14,
      9.969802761133906e-14,
      4.773959005888173e-14,
      4.596323321948148e-14,
      1.4654943925052066e-14
    ],
    "quantiles": {
      "2.5%": [
        1.274010569673375,
        0.7390865287108599,
        1.1228297731333388,
        0.9923297751948327,
        1.3076521305399638
      ],
      "50%": [
        1.274010569673375,
        0.7390865287108599,
        1.1228297731333388,
        0.9923297751948327,
        1.3076521305399638
      ],
      "97.5%": [
        1.274010569673375,
        0.7390865287108599,
        1.1228297731333388,
        0.9923297751948327,
        1.3076521305399638
      ]
    }
  },
  "certificate": {
    "B_lambda": 0.3292118946779885,
    "L_hat": 0.1415300964090538,
    "KL": 93.79089913446737,
    "eta_h": 0.0001,
    "lambda": 1.0,
    "c": 1.0,
    "components": {
      "empirical_term": 0.1415300964090538,
      "kl_term": 0.18758179826893473,
      "discretization_term": 0.0001
    },
    "partition_function": {
      "Z_hat": 2.1207835556457537e-34,
      "underline_Z": 1e-10,
      "prior_samples": 2000
    }
  },
  "true_risk": {
    "L_mc": 1.6326268680501226,
    "L_mc_std": 0.01209275284299104,
    "R": 100
  },
  "performance": {
    "total_solver_calls": 0,
    "timings": {
      "data_generation": {
        "total": 8.916854858398438e-05,
        "mean": 8.916854858398438e-05,
        "std": 0.0,
        "count": 1
      },
      "mcmc": {
        "total": 0.07804608345031738,
        "mean": 0.07804608345031738,
        "std": 0.0,
        "count": 1
      },
      "certificate": {
        "total": 0.00791311264038086,
        "mean": 0.00791311264038086,
        "std": 0.0,
        "count": 1
      }
    },
    "memory_peak_mb": {}
  }
}