{
  "config": {
    "s": 5,
    "sensor_positions": [
      0.2,
      0.35,
      0.5,
      0.65,
      0.8
    ],
    "placement_type": "shifted",
    "sigma": 0.1,
    "n_x": 100,
    "T": 0.5,
    "lambda": 1.0,
    "c": 1.0,
    "m": 3,
    "n_t": 100,
    "seed": 303,
    "delta": 0.05,
    "alpha": 0.001,
    "M": 2000,
    "R": 100,
    "n": 500,
    "Delta_x": 0.01,
    "Delta_t": 0.005050505050505051,
    "mcmc_n_steps": 10000,
    "mcmc_n_burn": 2000,
    "is_baseline": false
  },
  "experiment_id": "s5_shifted_sig0.1_nx100_T0.5_lam1.0_m3_nt100_seed303",
  "reproducibility": {
    "seed": 303,
    "data_hash": "8029dfda18dc0155cc1060e9b070e821b1870d852da2b862ac937abebf5288f0",
    "experiment_id": "exp_20250917_142149",
    "rng_usage": {
      "data": 1,
      "prior": 1,
      "mcmc": 1
    }
  },
  "dataset": {
    "kappa_star": [
      1.0,
      1.5,
      2.0
    ],
    "sigma": 0.1,
    "n": 500,
    "spatial_mesh": 100,
    "temporal_mesh": 100,
    "time_horizon": 0.5
  },
  "mcmc": {
    "n_steps": 10000,
    "n_burn": 2000,
    "acceptance_rate": 0.0011,
    "ess": [
      800,
      800,
      800
    ],
    "converged": false,
    "n_forward_evals": 8000
  },
  "posterior_summary": {
    "mean": [
      0.8749101430385198,
      1.1692205815981467,
      0.8529488380929094
    ],
    "std": [
      0.05833970448915463,
      0.0554599537987569,
      0.02938099505155929
    ],
    "quantiles": {
      "2.5%": [
        0.8486150732644937,
        1.057063151016606,
        0.8207094768041183
      ],
      "50%": [
        0.8486150732644937,
        1.1943583332832153,
        0.8545621779439384
      ],
      "97.5%": [
        0.9901856524330515,
        1.1943583332832153,
        0.8545621779439384
      ]
    }
  },
  "certificate": {
    "B_lambda": 0.35149434271569346,
    "L_hat": 0.15267132042790627,
    "KL": 99.3615111438936,
    "eta_h": 0.0001,
    "lambda": 1.0,
    "c": 1.0,
    "components": {
      "empirical_term": 0.15267132042790627,
      "kl_term": 0.19872302228778718,
      "discretization_term": 0.0001
    },
    "partition_function": {
      "Z_hat": 3.361699184586175e-11,
      "underline_Z": 1e-10,
      "prior_samples": 2000
    }
  },
  "true_risk": {
    "L_mc": 0.7751488503489982,
    "L_mc_std": 0.008309382874195215,
    "R": 100
  },
  "performance": {
    "total_solver_calls": 0,
    "timings": {
      "data_generation": {
        "total": 9.202957153320312e-05,
        "mean": 9.202957153320312e-05,
        "std": 0.0,
        "count": 1
      },
      "mcmc": {
        "total": 0.07664322853088379,
        "mean": 0.07664322853088379,
        "std": 0.0,
        "count": 1
      },
      "certificate": {
        "total": 0.008004903793334961,
        "mean": 0.008004903793334961,
        "std": 0.0,
        "count": 1
      }
    },
    "memory_peak_mb": {}
  }
}