{
  "config": {
    "s": 5,
    "sensor_positions": [
      0.2,
      0.35,
      0.5,
      0.65,
      0.8
    ],
    "placement_type": "shifted",
    "sigma": 0.2,
    "n_x": 50,
    "T": 0.5,
    "lambda": 1.0,
    "c": 1.0,
    "m": 3,
    "n_t": 50,
    "seed": 202,
    "delta": 0.05,
    "alpha": 0.001,
    "M": 2000,
    "R": 100,
    "n": 250,
    "Delta_x": 0.02,
    "Delta_t": 0.01020408163265306,
    "mcmc_n_steps": 10000,
    "mcmc_n_burn": 2000,
    "is_baseline": false
  },
  "experiment_id": "s5_shifted_sig0.2_nx50_T0.5_lam1.0_m3_nt50_seed202",
  "reproducibility": {
    "seed": 202,
    "data_hash": "f648edbc32a98d9446dc715b89daf80347fea1a7d46446d46ee7684f78e9ec86",
    "experiment_id": "exp_20250917_142159",
    "rng_usage": {
      "data": 1,
      "prior": 1,
      "mcmc": 1
    }
  },
  "dataset": {
    "kappa_star": [
      1.0,
      1.5,
      2.0
    ],
    "sigma": 0.2,
    "n": 250,
    "spatial_mesh": 50,
    "temporal_mesh": 50,
    "time_horizon": 0.5
  },
  "mcmc": {
    "n_steps": 10000,
    "n_burn": 2000,
    "acceptance_rate": 0.0006,
    "ess": [
      800,
      800,
      800
    ],
    "converged": false,
    "n_forward_evals": 8000
  },
  "posterior_summary": {
    "mean": [
      0.9836933885364584,
      1.0458455969757854,
      0.9281368345420661
    ],
    "std": [
      1.3455903058456897e-13,
      8.482103908136196e-14,
      8.393286066166183e-14
    ],
    "quantiles": {
      "2.5%": [
        0.9836933885365929,
        1.0458455969758702,
        0.92813683454215
      ],
      "50%": [
        0.9836933885365929,
        1.0458455969758702,
        0.92813683454215
      ],
      "97.5%": [
        0.9836933885365929,
        1.0458455969758702,
        0.92813683454215
      ]
    }
  },
  "certificate": {
    "B_lambda": 0.3100763204857973,
    "L_hat": 0.13023419860666632,
    "KL": 44.860530469782745,
    "eta_h": 0.0004,
    "lambda": 1.0,
    "c": 1.0,
    "components": {
      "empirical_term": 0.13023419860666632,
      "kl_term": 0.17944212187913097,
      "discretization_term": 0.0004
    },
    "partition_function": {
      "Z_hat": 5.047485787779696e-06,
      "underline_Z": 4.542737209001727e-06,
      "prior_samples": 2000
    }
  },
  "true_risk": {
    "L_mc": 1.0023332865092598,
    "L_mc_std": 0.02485170556165201,
    "R": 100
  },
  "performance": {
    "total_solver_calls": 0,
    "timings": {
      "data_generation": {
        "total": 0.00012612342834472656,
        "mean": 0.00012612342834472656,
        "std": 0.0,
        "count": 1
      },
      "mcmc": {
        "total": 0.13976812362670898,
        "mean": 0.13976812362670898,
        "std": 0.0,
        "count": 1
      },
      "certificate": {
        "total": 0.00793910026550293,
        "mean": 0.00793910026550293,
        "std": 0.0,
        "count": 1
      }
    },
    "memory_peak_mb": {}
  }
}