{
  "config": {
    "s": 5,
    "sensor_positions": [
      0.2,
      0.35,
      0.5,
      0.65,
      0.8
    ],
    "placement_type": "shifted",
    "sigma": 0.1,
    "n_x": 50,
    "T": 0.3,
    "lambda": 0.5,
    "c": 1.0,
    "m": 3,
    "n_t": 50,
    "seed": 202,
    "delta": 0.05,
    "alpha": 0.001,
    "M": 2000,
    "R": 100,
    "n": 250,
    "Delta_x": 0.02,
    "Delta_t": 0.006122448979591836,
    "mcmc_n_steps": 10000,
    "mcmc_n_burn": 2000,
    "is_baseline": false
  },
  "experiment_id": "s5_shifted_sig0.1_nx50_T0.3_lam0.5_m3_nt50_seed202",
  "reproducibility": {
    "seed": 202,
    "data_hash": "c470f4d2bfa5c6e1b01c539741da626fdb3713e2a8a8aabb2914752bb0f0a7ef",
    "experiment_id": "exp_20250917_142132",
    "rng_usage": {
      "data": 1,
      "prior": 1,
      "mcmc": 1
    }
  },
  "dataset": {
    "kappa_star": [
      1.0,
      1.5,
      2.0
    ],
    "sigma": 0.1,
    "n": 250,
    "spatial_mesh": 50,
    "temporal_mesh": 50,
    "time_horizon": 0.3
  },
  "mcmc": {
    "n_steps": 10000,
    "n_burn": 2000,
    "acceptance_rate": 0.0007,
    "ess": [
      800,
      800,
      800
    ],
    "converged": false,
    "n_forward_evals": 8000
  },
  "posterior_summary": {
    "mean": [
      0.9447613839156321,
      1.1088321982369838,
      0.9004667213958396
    ],
    "std": [
      9.314771176605063e-14,
      7.327471962526033e-14,
      1.0591527654923993e-13
    ],
    "quantiles": {
      "2.5%": [
        0.944761383915539,
        1.1088321982369105,
        0.9004667213959455
      ],
      "50%": [
        0.944761383915539,
        1.1088321982369105,
        0.9004667213959455
      ],
      "97.5%": [
        0.944761383915539,
        1.1088321982369105,
        0.9004667213959455
      ]
    }
  },
  "certificate": {
    "B_lambda": 0.32979521777377335,
    "L_hat": 0.13033044072438565,
    "KL": 24.883097131173464,
    "eta_h": 0.0004,
    "lambda": 0.5,
    "c": 1.0,
    "components": {
      "empirical_term": 0.13033044072438565,
      "kl_term": 0.19906477704938771,
      "discretization_term": 0.0004
    },
    "partition_function": {
      "Z_hat": 0.0002062479391153447,
      "underline_Z": 0.00018562314520381023,
      "prior_samples": 2000
    }
  },
  "true_risk": {
    "L_mc": 0.9000280688408732,
    "L_mc_std": 0.011940469558314832,
    "R": 100
  },
  "performance": {
    "total_solver_calls": 0,
    "timings": {
      "data_generation": {
        "total": 8.702278137207031e-05,
        "mean": 8.702278137207031e-05,
        "std": 0.0,
        "count": 1
      },
      "mcmc": {
        "total": 0.08156275749206543,
        "mean": 0.08156275749206543,
        "std": 0.0,
        "count": 1
      },
      "certificate": {
        "total": 0.008036136627197266,
        "mean": 0.008036136627197266,
        "std": 0.0,
        "count": 1
      }
    },
    "memory_peak_mb": {}
  }
}