{
  "config": {
    "s": 5,
    "sensor_positions": [
      0.2,
      0.35,
      0.5,
      0.65,
      0.8
    ],
    "placement_type": "shifted",
    "sigma": 0.1,
    "n_x": 50,
    "T": 0.5,
    "lambda": 1.0,
    "c": 1.0,
    "m": 5,
    "n_t": 50,
    "seed": 101,
    "delta": 0.05,
    "alpha": 0.001,
    "M": 2000,
    "R": 100,
    "n": 250,
    "Delta_x": 0.02,
    "Delta_t": 0.01020408163265306,
    "mcmc_n_steps": 10000,
    "mcmc_n_burn": 2000,
    "is_baseline": false
  },
  "experiment_id": "s5_shifted_sig0.1_nx50_T0.5_lam1.0_m5_nt50_seed101",
  "reproducibility": {
    "seed": 101,
    "data_hash": "6cc493502b49a1e0da54e1e37dd8e2e4566f06c9594f1906a200ec16094b6ef1",
    "experiment_id": "exp_20250917_142140",
    "rng_usage": {
      "data": 1,
      "prior": 1,
      "mcmc": 1
    }
  },
  "dataset": {
    "kappa_star": [
      0.8,
      1.2,
      1.6,
      2.0,
      2.4
    ],
    "sigma": 0.1,
    "n": 250,
    "spatial_mesh": 50,
    "temporal_mesh": 50,
    "time_horizon": 0.5
  },
  "mcmc": {
    "n_steps": 10000,
    "n_burn": 2000,
    "acceptance_rate": 0.0009,
    "ess": [
      800,
      800,
      800,
      800,
      800
    ],
    "converged": false,
    "n_forward_evals": 8000
  },
  "posterior_summary": {
    "mean": [
      1.029031234702372,
      0.9384573904000351,
      1.5035568841327445,
      1.2217155856692352,
      1.006414718125892
    ],
    "std": [
      0.049204156197676034,
      0.07329867943036224,
      0.07499781875068023,
      0.015537699746400522,
      0.04467589072263745
    ],
    "quantiles": {
      "2.5%": [
        0.9538159240954527,
        0.7899894905752048,
        1.3690363019875345,
        1.2054653433067535,
        0.9699106421216156
      ],
      "50%": [
        1.0051839741985102,
        0.9516960724799076,
        1.4876007263818418,
        1.225345328958329,
        0.9795462061312941
      ],
      "97.5%": [
        1.0797326354279562,
        0.9896940428689072,
        1.5726166880121917,
        1.2399108023672096,
        1.065334807671075
      ]
    }
  },
  "certificate": {
    "B_lambda": 0.39645128227403886,
    "L_hat": 0.1535859987526727,
    "KL": 60.61632088034155,
    "eta_h": 0.0004,
    "lambda": 1.0,
    "c": 1.0,
    "components": {
      "empirical_term": 0.1535859987526727,
      "kl_term": 0.24246528352136618,
      "discretization_term": 0.0004
    },
    "partition_function": {
      "Z_hat": 2.4877787732634237e-10,
      "underline_Z": 2.2390008959370815e-10,
      "prior_samples": 2000
    }
  },
  "true_risk": {
    "L_mc": 1.0692463264150238,
    "L_mc_std": 0.012558942080383285,
    "R": 100
  },
  "performance": {
    "total_solver_calls": 0,
    "timings": {
      "data_generation": {
        "total": 9.274482727050781e-05,
        "mean": 9.274482727050781e-05,
        "std": 0.0,
        "count": 1
      },
      "mcmc": {
        "total": 0.07788372039794922,
        "mean": 0.07788372039794922,
        "std": 0.0,
        "count": 1
      },
      "certificate": {
        "total": 0.0078122615814208984,
        "mean": 0.0078122615814208984,
        "std": 0.0,
        "count": 1
      }
    },
    "memory_peak_mb": {}
  }
}