{
  "config": {
    "s": 5,
    "sensor_positions": [
      0.2,
      0.35,
      0.5,
      0.65,
      0.8
    ],
    "placement_type": "shifted",
    "sigma": 0.05,
    "n_x": 50,
    "T": 0.3,
    "lambda": 2.0,
    "c": 1.0,
    "m": 3,
    "n_t": 50,
    "seed": 202,
    "delta": 0.05,
    "alpha": 0.001,
    "M": 2000,
    "R": 100,
    "n": 250,
    "Delta_x": 0.02,
    "Delta_t": 0.006122448979591836,
    "mcmc_n_steps": 10000,
    "mcmc_n_burn": 2000,
    "is_baseline": false
  },
  "experiment_id": "s5_shifted_sig0.05_nx50_T0.3_lam2.0_m3_nt50_seed202",
  "reproducibility": {
    "seed": 202,
    "data_hash": "d063db2cec7fb431abc0e7e0863f0d54166fc5d6b430a9afff3bacb542579d24",
    "experiment_id": "exp_20250917_142116",
    "rng_usage": {
      "data": 1,
      "prior": 1,
      "mcmc": 1
    }
  },
  "dataset": {
    "kappa_star": [
      1.0,
      1.5,
      2.0
    ],
    "sigma": 0.05,
    "n": 250,
    "spatial_mesh": 50,
    "temporal_mesh": 50,
    "time_horizon": 0.3
  },
  "mcmc": {
    "n_steps": 10000,
    "n_burn": 2000,
    "acceptance_rate": 0.0006,
    "ess": [
      800,
      800,
      800
    ],
    "converged": false,
    "n_forward_evals": 8000
  },
  "posterior_summary": {
    "mean": [
      0.9836933885364584,
      1.0458455969757854,
      0.9281368345420661
    ],
    "std": [
      1.3455903058456897e-13,
      8.482103908136196e-14,
      8.393286066166183e-14
    ],
    "quantiles": {
      "2.5%": [
        0.9836933885365929,
        1.0458455969758702,
        0.92813683454215
      ],
      "50%": [
        0.9836933885365929,
        1.0458455969758702,
        0.92813683454215
      ],
      "97.5%": [
        0.9836933885365929,
        1.0458455969758702,
        0.92813683454215
      ]
    }
  },
  "certificate": {
    "B_lambda": 0.28628091958536533,
    "L_hat": 0.13023419860666632,
    "KL": 77.82336048934951,
    "eta_h": 0.0004,
    "lambda": 2.0,
    "c": 1.0,
    "components": {
      "empirical_term": 0.13023419860666632,
      "kl_term": 0.15564672097869903,
      "discretization_term": 0.0004
    },
    "partition_function": {
      "Z_hat": 3.368979527260128e-06,
      "underline_Z": 3.0320815745341153e-06,
      "prior_samples": 2000
    }
  },
  "true_risk": {
    "L_mc": 0.9688296999956596,
    "L_mc_std": 0.006231188258574101,
    "R": 100
  },
  "performance": {
    "total_solver_calls": 0,
    "timings": {
      "data_generation": {
        "total": 8.58306884765625e-05,
        "mean": 8.58306884765625e-05,
        "std": 0.0,
        "count": 1
      },
      "mcmc": {
        "total": 0.07614588737487793,
        "mean": 0.07614588737487793,
        "std": 0.0,
        "count": 1
      },
      "certificate": {
        "total": 0.007802009582519531,
        "mean": 0.007802009582519531,
        "std": 0.0,
        "count": 1
      }
    },
    "memory_peak_mb": {}
  }
}