{
  "config": {
    "s": 5,
    "sensor_positions": [
      0.2,
      0.35,
      0.5,
      0.65,
      0.8
    ],
    "placement_type": "shifted",
    "sigma": 0.05,
    "n_x": 100,
    "T": 0.3,
    "lambda": 1.0,
    "c": 1.0,
    "m": 3,
    "n_t": 100,
    "seed": 101,
    "delta": 0.05,
    "alpha": 0.001,
    "M": 2000,
    "R": 100,
    "n": 500,
    "Delta_x": 0.01,
    "Delta_t": 0.0030303030303030303,
    "mcmc_n_steps": 10000,
    "mcmc_n_burn": 2000,
    "is_baseline": false
  },
  "experiment_id": "s5_shifted_sig0.05_nx100_T0.3_lam1.0_m3_nt100_seed101",
  "reproducibility": {
    "seed": 101,
    "data_hash": "47b0b79a478972947da13341f4b2e76ce589c297211f613e81645ff36371159d",
    "experiment_id": "exp_20250917_142124",
    "rng_usage": {
      "data": 1,
      "prior": 1,
      "mcmc": 1
    }
  },
  "dataset": {
    "kappa_star": [
      1.0,
      1.5,
      2.0
    ],
    "sigma": 0.05,
    "n": 500,
    "spatial_mesh": 100,
    "temporal_mesh": 100,
    "time_horizon": 0.3
  },
  "mcmc": {
    "n_steps": 10000,
    "n_burn": 2000,
    "acceptance_rate": 0.0013,
    "ess": [
      800,
      800,
      800
    ],
    "converged": false,
    "n_forward_evals": 8000
  },
  "posterior_summary": {
    "mean": [
      0.9918540798762229,
      0.596993706657169,
      1.062195665049851
    ],
    "std": [
      0.008619827546593475,
      0.037782902956199446,
      0.021932472320449457
    ],
    "quantiles": {
      "2.5%": [
        0.9864195765347645,
        0.5681298607057141,
        1.0454395369655272
      ],
      "50%": [
        0.9945433267026776,
        0.5681298607057141,
        1.0454395369655272
      ],
      "97.5%": [
        0.9945433267026776,
        0.6465121351851585,
        1.0909345018498018
      ]
    }
  },
  "certificate": {
    "B_lambda": 0.280036222868814,
    "L_hat": 0.12726184849035782,
    "KL": 76.33718718922809,
    "eta_h": 0.0001,
    "lambda": 1.0,
    "c": 1.0,
    "components": {
      "empirical_term": 0.12726184849035782,
      "kl_term": 0.15267437437845618,
      "discretization_term": 0.0001
    },
    "partition_function": {
      "Z_hat": 3.368973604488737e-06,
      "underline_Z": 3.0320762440398634e-06,
      "prior_samples": 2000
    }
  },
  "true_risk": {
    "L_mc": 0.9858510747128642,
    "L_mc_std": 0.0040493170540696856,
    "R": 100
  },
  "performance": {
    "total_solver_calls": 0,
    "timings": {
      "data_generation": {
        "total": 9.083747863769531e-05,
        "mean": 9.083747863769531e-05,
        "std": 0.0,
        "count": 1
      },
      "mcmc": {
        "total": 0.07795929908752441,
        "mean": 0.07795929908752441,
        "std": 0.0,
        "count": 1
      },
      "certificate": {
        "total": 0.008428096771240234,
        "mean": 0.008428096771240234,
        "std": 0.0,
        "count": 1
      }
    },
    "memory_peak_mb": {}
  }
}