{
  "config": {
    "s": 5,
    "sensor_positions": [
      0.2,
      0.35,
      0.5,
      0.65,
      0.8
    ],
    "placement_type": "shifted",
    "sigma": 0.1,
    "n_x": 100,
    "T": 0.5,
    "lambda": 0.5,
    "c": 1.0,
    "m": 3,
    "n_t": 100,
    "seed": 101,
    "delta": 0.05,
    "alpha": 0.001,
    "M": 2000,
    "R": 100,
    "n": 500,
    "Delta_x": 0.01,
    "Delta_t": 0.005050505050505051,
    "mcmc_n_steps": 10000,
    "mcmc_n_burn": 2000,
    "is_baseline": false
  },
  "experiment_id": "s5_shifted_sig0.1_nx100_T0.5_lam0.5_m3_nt100_seed101",
  "reproducibility": {
    "seed": 101,
    "data_hash": "25b6e7c6c872f9f3d34e5a1ff781444ff283476212277965380ba65c2231365d",
    "experiment_id": "exp_20250917_142147",
    "rng_usage": {
      "data": 1,
      "prior": 1,
      "mcmc": 1
    }
  },
  "dataset": {
    "kappa_star": [
      1.0,
      1.5,
      2.0
    ],
    "sigma": 0.1,
    "n": 500,
    "spatial_mesh": 100,
    "temporal_mesh": 100,
    "time_horizon": 0.5
  },
  "mcmc": {
    "n_steps": 10000,
    "n_burn": 2000,
    "acceptance_rate": 0.0013,
    "ess": [
      800,
      800,
      800
    ],
    "converged": false,
    "n_forward_evals": 8000
  },
  "posterior_summary": {
    "mean": [
      0.9918540798762229,
      0.596993706657169,
      1.062195665049851
    ],
    "std": [
      0.008619827546593475,
      0.037782902956199446,
      0.021932472320449457
    ],
    "quantiles": {
      "2.5%": [
        0.9864195765347645,
        0.5681298607057141,
        1.0454395369655272
      ],
      "50%": [
        0.9945433267026776,
        0.5681298607057141,
        1.0454395369655272
      ],
      "97.5%": [
        0.9945433267026776,
        0.6465121351851585,
        1.0909345018498018
      ]
    }
  },
  "certificate": {
    "B_lambda": 0.29267615929991153,
    "L_hat": 0.12726184849035782,
    "KL": 41.32857770238843,
    "eta_h": 0.0001,
    "lambda": 0.5,
    "c": 1.0,
    "components": {
      "empirical_term": 0.12726184849035782,
      "kl_term": 0.16531431080955372,
      "discretization_term": 0.0001
    },
    "partition_function": {
      "Z_hat": 8.208501625912288e-05,
      "underline_Z": 7.38765146332106e-05,
      "prior_samples": 2000
    }
  },
  "true_risk": {
    "L_mc": 0.9929027301407928,
    "L_mc_std": 0.00807863161807094,
    "R": 100
  },
  "performance": {
    "total_solver_calls": 0,
    "timings": {
      "data_generation": {
        "total": 9.012222290039062e-05,
        "mean": 9.012222290039062e-05,
        "std": 0.0,
        "count": 1
      },
      "mcmc": {
        "total": 0.07639670372009277,
        "mean": 0.07639670372009277,
        "std": 0.0,
        "count": 1
      },
      "certificate": {
        "total": 0.008154153823852539,
        "mean": 0.008154153823852539,
        "std": 0.0,
        "count": 1
      }
    },
    "memory_peak_mb": {}
  }
}