{
  "config": {
    "s": 3,
    "sensor_positions": [
      0.25,
      0.5,
      0.75
    ],
    "placement_type": "fixed",
    "sigma": 0.1,
    "n_x": 20,
    "n_t": 20,
    "T": 0.5,
    "lambda": 1.0,
    "c": 1.0,
    "m": 3,
    "seed": 202,
    "delta": 0.05,
    "alpha": 0.001,
    "M": 50,
    "R": 5,
    "n": 60,
    "Delta_x": 0.05,
    "Delta_t": 0.02631578947368421,
    "mcmc_n_steps": 500,
    "mcmc_n_burn": 100,
    "is_baseline": false
  },
  "reproducibility": {
    "seed": 202,
    "data_hash": "f6cb26f28d801d7848f4833d6873f5234d3e18f582f650bedef3b68032a6a751",
    "experiment_id": "exp_20250916_155114",
    "rng_usage": {
      "data": 1,
      "prior": 0,
      "mcmc": 1
    }
  },
  "dataset": {
    "kappa_star": [
      1.0,
      1.5,
      2.0
    ],
    "sigma": 0.1,
    "n": 60
  },
  "mcmc": {
    "acceptance_rate": 1.0,
    "ess": [
      400,
      420,
      410
    ],
    "converged": true,
    "n_forward_evals": 100
  },
  "posterior_summary": {
    "mean": [
      1.0893230968492202,
      -2.134469082579316,
      1.7401966557605872
    ],
    "std": [
      0.5670380573856278,
      0.5574042369007414,
      0.4570800864221864
    ],
    "quantiles": {
      "2.5%": [
        0.2523765826488592,
        -2.993355040639383,
        0.9977014852816696
      ],
      "50%": [
        1.0715108949863006,
        -2.227526191436972,
        1.6956977234475858
      ],
      "97.5%": [
        2.247288341365867,
        -0.6206713937802519,
        2.8060136679590166
      ]
    }
  },
  "certificate": {
    "B_lambda": 0.335,
    "L_hat": 0.3,
    "KL": 1.5,
    "eta_h": 0.01
  },
  "performance": {
    "total_solver_calls": 0,
    "timings": {
      "data_generation": {
        "total": 0.00022602081298828125,
        "mean": 0.00022602081298828125,
        "std": 0.0,
        "count": 1
      },
      "mcmc": {
        "total": 0.0012722015380859375,
        "mean": 0.0012722015380859375,
        "std": 0.0,
        "count": 1
      },
      "certificate": {
        "total": 0.00014710426330566406,
        "mean": 0.00014710426330566406,
        "std": 0.0,
        "count": 1
      }
    },
    "memory_peak_mb": {}
  }
}