{
  "config": {
    "s": 3,
    "sensor_positions": [
      0.25,
      0.5,
      0.75
    ],
    "placement_type": "fixed",
    "sigma": 0.1,
    "n_x": 20,
    "n_t": 20,
    "T": 0.5,
    "lambda": 1.0,
    "c": 1.0,
    "m": 3,
    "seed": 101,
    "delta": 0.05,
    "alpha": 0.001,
    "M": 50,
    "R": 5,
    "n": 60,
    "Delta_x": 0.05,
    "Delta_t": 0.02631578947368421,
    "mcmc_n_steps": 500,
    "mcmc_n_burn": 100,
    "is_baseline": false
  },
  "reproducibility": {
    "seed": 101,
    "data_hash": "83bf69fab7c09a245a5c0274e7d05b1ccfa5e41688b8435469617a0584ae2b0b",
    "experiment_id": "exp_20250916_155114",
    "rng_usage": {
      "data": 1,
      "prior": 0,
      "mcmc": 1
    }
  },
  "dataset": {
    "kappa_star": [
      1.0,
      1.5,
      2.0
    ],
    "sigma": 0.1,
    "n": 60
  },
  "mcmc": {
    "acceptance_rate": 1.0,
    "ess": [
      400,
      420,
      410
    ],
    "converged": true,
    "n_forward_evals": 100
  },
  "posterior_summary": {
    "mean": [
      3.8688940389652573,
      2.532662837824327,
      0.489018063334696
    ],
    "std": [
      1.6339521190651198,
      0.46851604910674405,
      0.9123734108710227
    ],
    "quantiles": {
      "2.5%": [
        0.8748953122304337,
        1.4676497520832128,
        -1.4932586890597306
      ],
      "50%": [
        3.7585143618056445,
        2.6557306074613507,
        0.6471060887756386
      ],
      "97.5%": [
        6.503885375363128,
        3.223059058017419,
        1.8620633113818421
      ]
    }
  },
  "certificate": {
    "B_lambda": 0.335,
    "L_hat": 0.3,
    "KL": 1.5,
    "eta_h": 0.01
  },
  "performance": {
    "total_solver_calls": 0,
    "timings": {
      "data_generation": {
        "total": 0.00019788742065429688,
        "mean": 0.00019788742065429688,
        "std": 0.0,
        "count": 1
      },
      "mcmc": {
        "total": 0.0012187957763671875,
        "mean": 0.0012187957763671875,
        "std": 0.0,
        "count": 1
      },
      "certificate": {
        "total": 0.00010609626770019531,
        "mean": 0.00010609626770019531,
        "std": 0.0,
        "count": 1
      }
    },
    "memory_peak_mb": {}
  }
}