{
  "config": {
    "s": 3,
    "sensor_positions": [
      0.25,
      0.5,
      0.75
    ],
    "placement_type": "fixed",
    "sigma": 0.1,
    "n_x": 20,
    "n_t": 20,
    "T": 0.5,
    "lambda": 1.0,
    "c": 1.0,
    "m": 3,
    "seed": 303,
    "delta": 0.05,
    "alpha": 0.001,
    "M": 50,
    "R": 5,
    "n": 60,
    "Delta_x": 0.05,
    "Delta_t": 0.02631578947368421,
    "mcmc_n_steps": 500,
    "mcmc_n_burn": 100,
    "is_baseline": false
  },
  "reproducibility": {
    "seed": 303,
    "data_hash": "229adee4396269abdf18a525fe9710886e010540c555d3c3bac46e35d4a3540f",
    "experiment_id": "exp_20250916_155114",
    "rng_usage": {
      "data": 1,
      "prior": 0,
      "mcmc": 1
    }
  },
  "dataset": {
    "kappa_star": [
      1.0,
      1.5,
      2.0
    ],
    "sigma": 0.1,
    "n": 60
  },
  "mcmc": {
    "acceptance_rate": 1.0,
    "ess": [
      400,
      420,
      410
    ],
    "converged": true,
    "n_forward_evals": 100
  },
  "posterior_summary": {
    "mean": [
      1.0525838818922308,
      1.3582547149685282,
      2.9128595815120137
    ],
    "std": [
      0.8448124620702018,
      0.5544197319433032,
      0.4184348298826225
    ],
    "quantiles": {
      "2.5%": [
        -0.1557486531326875,
        0.3345754724702817,
        2.1926726223075916
      ],
      "50%": [
        0.9197464468750076,
        1.3006347656843942,
        2.9317741141613123
      ],
      "97.5%": [
        2.3990096346329213,
        2.359277599801957,
        3.699284155951247
      ]
    }
  },
  "certificate": {
    "B_lambda": 0.335,
    "L_hat": 0.3,
    "KL": 1.5,
    "eta_h": 0.01
  },
  "performance": {
    "total_solver_calls": 0,
    "timings": {
      "data_generation": {
        "total": 0.0002601146697998047,
        "mean": 0.0002601146697998047,
        "std": 0.0,
        "count": 1
      },
      "mcmc": {
        "total": 0.0012900829315185547,
        "mean": 0.0012900829315185547,
        "std": 0.0,
        "count": 1
      },
      "certificate": {
        "total": 0.00018310546875,
        "mean": 0.00018310546875,
        "std": 0.0,
        "count": 1
      }
    },
    "memory_peak_mb": {}
  }
}