{
  "config": {
    "s": 5,
    "sensor_positions": [
      0.15,
      0.3,
      0.5,
      0.7,
      0.85
    ],
    "placement_type": "fixed",
    "sigma": 0.05,
    "n_x": 100,
    "n_t": 100,
    "T": 0.5,
    "lambda": null,
    "c": 1.0,
    "m": 3,
    "seed": 202,
    "delta": 0.05,
    "alpha": 0.001,
    "M": 0,
    "R": 10,
    "n": 500,
    "Delta_x": 0.01,
    "Delta_t": 0.005050505050505051,
    "mcmc_n_steps": 5000,
    "mcmc_n_burn": 1000,
    "is_baseline": true
  },
  "reproducibility": {
    "seed": 202,
    "data_hash": "4a8771f49a5443a6a5dbdcfe81054ab3880b8befb388dd0d735ff8cbdf69d2ba",
    "experiment_id": "exp_20250916_160759",
    "rng_usage": {
      "data": 1,
      "prior": 0,
      "mcmc": 1
    }
  },
  "dataset": {
    "kappa_star": [
      1.0,
      1.5,
      2.0
    ],
    "sigma": 0.05,
    "n": 500
  },
  "mcmc": {
    "acceptance_rate": 0.9646,
    "ess": [
      800,
      800,
      800
    ],
    "converged": true,
    "n_forward_evals": 4000
  },
  "posterior_summary": {
    "mean": [
      -6.80963200045432,
      -6.057316921510048,
      -0.5003344335449164
    ],
    "std": [
      2.668836397203695,
      1.7839515851549526,
      4.889030980891013
    ],
    "quantiles": {
      "2.5%": [
        -11.122169405889196,
        -9.465675331945327,
        -8.4218035046145
      ],
      "50%": [
        -7.154899118730101,
        -5.966039359895033,
        -1.5727289488400666
      ],
      "97.5%": [
        -2.0510679624171537,
        -2.72818628972022,
        10.92789907718906
      ]
    }
  },
  "classical_inference": {
    "type": "Bayesian_posterior",
    "confidence_intervals": {
      "95%": {
        "lower": [
          -12.040551338973561,
          -9.553862028413755,
          -10.082835156091301
        ],
        "upper": [
          -1.5787126619350778,
          -2.560771814606341,
          9.082166289001469
        ]
      }
    },
    "coverage_probability": 0.95
  },
  "true_risk": {
    "L_mc": 46.36835062157446,
    "L_mc_std": 0.0263402409106379,
    "R": 10
  },
  "performance": {
    "total_solver_calls": 0,
    "timings": {
      "data_generation": {
        "total": 0.0006840229034423828,
        "mean": 0.0006840229034423828,
        "std": 0.0,
        "count": 1
      },
      "mcmc": {
        "total": 0.020107030868530273,
        "mean": 0.020107030868530273,
        "std": 0.0,
        "count": 1
      },
      "true_risk": {
        "total": 0.0009369850158691406,
        "mean": 0.0009369850158691406,
        "std": 0.0,
        "count": 1
      }
    },
    "memory_peak_mb": {}
  }
}