{
  "config": {
    "s": 3,
    "sensor_positions": [
      0.2,
      0.45,
      0.7
    ],
    "placement_type": "shifted",
    "sigma": 0.1,
    "n_x": 100,
    "n_t": 100,
    "T": 0.5,
    "lambda": null,
    "c": 1.0,
    "m": 3,
    "seed": 101,
    "delta": 0.05,
    "alpha": 0.001,
    "M": 0,
    "R": 10,
    "n": 300,
    "Delta_x": 0.01,
    "Delta_t": 0.005050505050505051,
    "mcmc_n_steps": 5000,
    "mcmc_n_burn": 1000,
    "is_baseline": true
  },
  "reproducibility": {
    "seed": 101,
    "data_hash": "9bce432d3c87d34a2d81203bbd28ab627b24ed9e521cee34b0f6e8062bc1d246",
    "experiment_id": "exp_20250916_160759",
    "rng_usage": {
      "data": 1,
      "prior": 0,
      "mcmc": 1
    }
  },
  "dataset": {
    "kappa_star": [
      1.0,
      1.5,
      2.0
    ],
    "sigma": 0.1,
    "n": 300
  },
  "mcmc": {
    "acceptance_rate": 0.9674,
    "ess": [
      800,
      800,
      800
    ],
    "converged": true,
    "n_forward_evals": 4000
  },
  "posterior_summary": {
    "mean": [
      4.182654311121865,
      10.68956538529283,
      -7.676769804675892
    ],
    "std": [
      2.528631989165449,
      3.588741400948977,
      4.27835735191735
    ],
    "quantiles": {
      "2.5%": [
        0.5068434019233243,
        3.3570647475208117,
        -14.190514393579644
      ],
      "50%": [
        4.051443420829452,
        11.930347067348286,
        -7.724168867422039
      ],
      "97.5%": [
        8.468808662733332,
        15.842658339945352,
        0.24429966147363213
      ]
    }
  },
  "classical_inference": {
    "type": "Bayesian_posterior",
    "confidence_intervals": {
      "95%": {
        "lower": [
          -0.7734643876424157,
          3.655632239432836,
          -16.0623502144339
        ],
        "upper": [
          9.138773009886144,
          17.723498531152824,
          0.7088106050821139
        ]
      }
    },
    "coverage_probability": 0.95
  },
  "true_risk": {
    "L_mc": 17.48360292987045,
    "L_mc_std": 0.04827479868142529,
    "R": 10
  },
  "performance": {
    "total_solver_calls": 0,
    "timings": {
      "data_generation": {
        "total": 0.0001480579376220703,
        "mean": 0.0001480579376220703,
        "std": 0.0,
        "count": 1
      },
      "mcmc": {
        "total": 0.019250869750976562,
        "mean": 0.019250869750976562,
        "std": 0.0,
        "count": 1
      },
      "true_risk": {
        "total": 0.0006909370422363281,
        "mean": 0.0006909370422363281,
        "std": 0.0,
        "count": 1
      }
    },
    "memory_peak_mb": {}
  }
}