{
  "config": {
    "s": 5,
    "sensor_positions": [
      0.15,
      0.3,
      0.5,
      0.7,
      0.85
    ],
    "placement_type": "fixed",
    "sigma": 0.05,
    "n_x": 100,
    "n_t": 100,
    "T": 0.5,
    "lambda": null,
    "c": 1.0,
    "m": 5,
    "seed": 101,
    "delta": 0.05,
    "alpha": 0.001,
    "M": 0,
    "R": 10,
    "n": 500,
    "Delta_x": 0.01,
    "Delta_t": 0.005050505050505051,
    "mcmc_n_steps": 5000,
    "mcmc_n_burn": 1000,
    "is_baseline": true
  },
  "reproducibility": {
    "seed": 101,
    "data_hash": "47b0b79a478972947da13341f4b2e76ce589c297211f613e81645ff36371159d",
    "experiment_id": "exp_20250916_160759",
    "rng_usage": {
      "data": 1,
      "prior": 0,
      "mcmc": 1
    }
  },
  "dataset": {
    "kappa_star": [
      0.8,
      1.2,
      1.6,
      2.0,
      2.4
    ],
    "sigma": 0.05,
    "n": 500
  },
  "mcmc": {
    "acceptance_rate": 0.9646,
    "ess": [
      800,
      800,
      800,
      800,
      800
    ],
    "converged": true,
    "n_forward_evals": 4000
  },
  "posterior_summary": {
    "mean": [
      6.583078644794998,
      -3.923817083867162,
      9.508345501070227,
      -4.207132688279083,
      -5.6500777468455805
    ],
    "std": [
      2.2085378246492295,
      2.743587141033562,
      6.1001718546315855,
      2.415550040054115,
      1.793059377011184
    ],
    "quantiles": {
      "2.5%": [
        2.266134338032206,
        -8.072466720923643,
        -0.7742716834171189,
        -8.45114755188731,
        -9.220495836278737
      ],
      "50%": [
        6.405735707527258,
        -4.350759383184677,
        8.50861661505665,
        -3.838173127693055,
        -5.431724522009252
      ],
      "97.5%": [
        10.608942795139425,
        2.6006316014003437,
        19.113732752386547,
        -0.5036402445577491,
        -2.004298198818355
      ]
    }
  },
  "classical_inference": {
    "type": "Bayesian_posterior",
    "confidence_intervals": {
      "95%": {
        "lower": [
          2.2543445084825082,
          -9.301247880292944,
          -2.44799133400768,
          -8.94161076678515,
          -9.164474125787502
        ],
        "upper": [
          10.91181278110749,
          1.4536137125586195,
          21.464682336148137,
          0.5273453902269827,
          -2.13568136790366
        ]
      }
    },
    "coverage_probability": 0.95
  },
  "true_risk": {
    "L_mc": 43.319699793026054,
    "L_mc_std": 0.018376205819345973,
    "R": 10
  },
  "performance": {
    "total_solver_calls": 0,
    "timings": {
      "data_generation": {
        "total": 0.0007631778717041016,
        "mean": 0.0007631778717041016,
        "std": 0.0,
        "count": 1
      },
      "mcmc": {
        "total": 0.020318984985351562,
        "mean": 0.020318984985351562,
        "std": 0.0,
        "count": 1
      },
      "true_risk": {
        "total": 0.0008671283721923828,
        "mean": 0.0008671283721923828,
        "std": 0.0,
        "count": 1
      }
    },
    "memory_peak_mb": {}
  }
}