{
  "config": {
    "s": 3,
    "sensor_positions": [
      0.2,
      0.45,
      0.7
    ],
    "placement_type": "shifted",
    "sigma": 0.1,
    "n_x": 100,
    "n_t": 100,
    "T": 0.5,
    "lambda": null,
    "c": 1.0,
    "m": 5,
    "seed": 202,
    "delta": 0.05,
    "alpha": 0.001,
    "M": 0,
    "R": 10,
    "n": 300,
    "Delta_x": 0.01,
    "Delta_t": 0.005050505050505051,
    "mcmc_n_steps": 5000,
    "mcmc_n_burn": 1000,
    "is_baseline": true
  },
  "reproducibility": {
    "seed": 202,
    "data_hash": "36f3406bb35a602fb5f0c2fd7730495a406f6d927b6e327951fd110b3cad31a6",
    "experiment_id": "exp_20250916_160759",
    "rng_usage": {
      "data": 1,
      "prior": 0,
      "mcmc": 1
    }
  },
  "dataset": {
    "kappa_star": [
      0.8,
      1.2,
      1.6,
      2.0,
      2.4
    ],
    "sigma": 0.1,
    "n": 300
  },
  "mcmc": {
    "acceptance_rate": 0.9604,
    "ess": [
      800,
      800,
      800,
      800,
      800
    ],
    "converged": true,
    "n_forward_evals": 4000
  },
  "posterior_summary": {
    "mean": [
      8.215757463034807,
      -4.895721304478242,
      0.37312481911174405,
      -4.181072320021506,
      6.025113344283588
    ],
    "std": [
      4.3424147640315285,
      1.7558282973850197,
      2.6328126900174382,
      1.8974085376916658,
      3.7368124199751063
    ],
    "quantiles": {
      "2.5%": [
        1.0940267612792614,
        -8.098626964650531,
        -4.5525017809384964,
        -8.016252037807057,
        0.04303446236138335
      ],
      "50%": [
        8.201640651439575,
        -5.0659152078019085,
        0.24382358271191873,
        -4.242640692262906,
        5.978863703546271
      ],
      "97.5%": [
        16.677497168715984,
        -1.3896860491841199,
        5.119795944745441,
        0.040738813805938204,
        13.76374545084653
      ]
    }
  },
  "classical_inference": {
    "type": "Bayesian_posterior",
    "confidence_intervals": {
      "95%": {
        "lower": [
          -0.2953754744669883,
          -8.33714476735288,
          -4.787188053322434,
          -7.8999930538971705,
          -1.299038998867621
        ],
        "upper": [
          16.726890400536604,
          -1.4542978416036032,
          5.533437691545923,
          -0.46215158614584073,
          13.349265687434796
        ]
      }
    },
    "coverage_probability": 0.95
  },
  "true_risk": {
    "L_mc": 67.51763375699281,
    "L_mc_std": 0.09402069226784669,
    "R": 10
  },
  "performance": {
    "total_solver_calls": 0,
    "timings": {
      "data_generation": {
        "total": 0.00032782554626464844,
        "mean": 0.00032782554626464844,
        "std": 0.0,
        "count": 1
      },
      "mcmc": {
        "total": 0.020406007766723633,
        "mean": 0.020406007766723633,
        "std": 0.0,
        "count": 1
      },
      "true_risk": {
        "total": 0.0010752677917480469,
        "mean": 0.0010752677917480469,
        "std": 0.0,
        "count": 1
      }
    },
    "memory_peak_mb": {}
  }
}