{
  "config": {
    "s": 3,
    "sensor_positions": [
      0.2,
      0.45,
      0.7
    ],
    "placement_type": "shifted",
    "sigma": 0.05,
    "n_x": 100,
    "n_t": 100,
    "T": 0.5,
    "lambda": null,
    "c": 1.0,
    "m": 3,
    "seed": 303,
    "delta": 0.05,
    "alpha": 0.001,
    "M": 0,
    "R": 10,
    "n": 300,
    "Delta_x": 0.01,
    "Delta_t": 0.005050505050505051,
    "mcmc_n_steps": 5000,
    "mcmc_n_burn": 1000,
    "is_baseline": true
  },
  "reproducibility": {
    "seed": 303,
    "data_hash": "9786eebaf5011e335d3c8de979cd98d30f15f7c73c05055b60fb253043ef7d20",
    "experiment_id": "exp_20250916_160758",
    "rng_usage": {
      "data": 1,
      "prior": 0,
      "mcmc": 1
    }
  },
  "dataset": {
    "kappa_star": [
      1.0,
      1.5,
      2.0
    ],
    "sigma": 0.05,
    "n": 300
  },
  "mcmc": {
    "acceptance_rate": 0.9658,
    "ess": [
      800,
      800,
      800
    ],
    "converged": true,
    "n_forward_evals": 4000
  },
  "posterior_summary": {
    "mean": [
      -2.120571122262171,
      7.443349552701776,
      -6.75928387838441
    ],
    "std": [
      2.6455372862308772,
      6.816757730737132,
      2.4074305976332853
    ],
    "quantiles": {
      "2.5%": [
        -8.46646843125348,
        -4.370971653773516,
        -9.83818312852289
      ],
      "50%": [
        -1.830773716646669,
        9.240513218246196,
        -7.346430598769313
      ],
      "97.5%": [
        2.0469578760678124,
        18.067163596694655,
        -1.5752718388469935
      ]
    }
  },
  "classical_inference": {
    "type": "Bayesian_posterior",
    "confidence_intervals": {
      "95%": {
        "lower": [
          -7.305824203274691,
          -5.917495599543002,
          -11.477847849745649
        ],
        "upper": [
          3.0646819587503487,
          20.804194704946553,
          -2.0407199070231705
        ]
      }
    },
    "coverage_probability": 0.95
  },
  "true_risk": {
    "L_mc": 4.498257017921846,
    "L_mc_std": 0.01677009020443164,
    "R": 10
  },
  "performance": {
    "total_solver_calls": 0,
    "timings": {
      "data_generation": {
        "total": 0.0006489753723144531,
        "mean": 0.0006489753723144531,
        "std": 0.0,
        "count": 1
      },
      "mcmc": {
        "total": 0.020313739776611328,
        "mean": 0.020313739776611328,
        "std": 0.0,
        "count": 1
      },
      "true_risk": {
        "total": 0.0006840229034423828,
        "mean": 0.0006840229034423828,
        "std": 0.0,
        "count": 1
      }
    },
    "memory_peak_mb": {}
  }
}