{
  "config": {
    "s": 5,
    "sensor_positions": [
      0.1,
      0.25,
      0.45,
      0.65,
      0.8
    ],
    "placement_type": "shifted",
    "sigma": 0.1,
    "n_x": 100,
    "n_t": 100,
    "T": 0.5,
    "lambda": null,
    "c": 1.0,
    "m": 5,
    "seed": 303,
    "delta": 0.05,
    "alpha": 0.001,
    "M": 0,
    "R": 10,
    "n": 500,
    "Delta_x": 0.01,
    "Delta_t": 0.005050505050505051,
    "mcmc_n_steps": 5000,
    "mcmc_n_burn": 1000,
    "is_baseline": true
  },
  "reproducibility": {
    "seed": 303,
    "data_hash": "8029dfda18dc0155cc1060e9b070e821b1870d852da2b862ac937abebf5288f0",
    "experiment_id": "exp_20250916_160801",
    "rng_usage": {
      "data": 1,
      "prior": 0,
      "mcmc": 1
    }
  },
  "dataset": {
    "kappa_star": [
      0.8,
      1.2,
      1.6,
      2.0,
      2.4
    ],
    "sigma": 0.1,
    "n": 500
  },
  "mcmc": {
    "acceptance_rate": 0.965,
    "ess": [
      800,
      800,
      800,
      800,
      800
    ],
    "converged": true,
    "n_forward_evals": 4000
  },
  "posterior_summary": {
    "mean": [
      -7.332550138386396,
      -8.435238169340764,
      5.242300133737781,
      6.611821958146201,
      8.955162426085154
    ],
    "std": [
      4.785841257472778,
      3.0675245833974643,
      1.9890738678544546,
      6.549644581690031,
      4.727773306429208
    ],
    "quantiles": {
      "2.5%": [
        -13.264089098002401,
        -13.530965396627266,
        1.4420166633961295,
        -3.022170845840062,
        2.609112625739855
      ],
      "50%": [
        -9.272945348227704,
        -8.690073483089009,
        5.231088913414136,
        5.691878789269309,
        7.737829036749458
      ],
      "97.5%": [
        3.219577628059668,
        -3.5956810743991556,
        8.836724594260746,
        16.898152272301452,
        17.30931164488178
      ]
    }
  },
  "classical_inference": {
    "type": "Bayesian_posterior",
    "confidence_intervals": {
      "95%": {
        "lower": [
          -16.71279900303304,
          -14.447586352799792,
          1.3437153527430499,
          -6.2254814219662595,
          -0.31127325451609344
        ],
        "upper": [
          2.047698726260248,
          -2.422889985881734,
          9.140884914732512,
          19.44912533825866,
          18.2215981066864
        ]
      }
    },
    "coverage_probability": 0.95
  },
  "true_risk": {
    "L_mc": 53.77498322973764,
    "L_mc_std": 0.08590814513202184,
    "R": 10
  },
  "performance": {
    "total_solver_calls": 0,
    "timings": {
      "data_generation": {
        "total": 0.00047707557678222656,
        "mean": 0.00047707557678222656,
        "std": 0.0,
        "count": 1
      },
      "mcmc": {
        "total": 0.019945859909057617,
        "mean": 0.019945859909057617,
        "std": 0.0,
        "count": 1
      },
      "true_risk": {
        "total": 0.0008418560028076172,
        "mean": 0.0008418560028076172,
        "std": 0.0,
        "count": 1
      }
    },
    "memory_peak_mb": {}
  }
}