{
  "config": {
    "s": 5,
    "sensor_positions": [
      0.15,
      0.3,
      0.5,
      0.7,
      0.85
    ],
    "placement_type": "fixed",
    "sigma": 0.1,
    "n_x": 100,
    "n_t": 50,
    "T": 0.5,
    "lambda": 2.0,
    "c": 2.0,
    "m": 3,
    "seed": 101,
    "delta": 0.05,
    "alpha": 0.001,
    "M": 200,
    "R": 10,
    "n": 250,
    "Delta_x": 0.01,
    "Delta_t": 0.01020408163265306,
    "mcmc_n_steps": 2000,
    "mcmc_n_burn": 500,
    "is_baseline": false,
    "is_extended": true
  },
  "reproducibility": {
    "seed": 101,
    "data_hash": "6cc493502b49a1e0da54e1e37dd8e2e4566f06c9594f1906a200ec16094b6ef1",
    "experiment_id": "exp_20250916_202024",
    "rng_usage": {
      "data": 1,
      "prior": 1,
      "mcmc": 1
    }
  },
  "dataset": {
    "kappa_star": [
      1.0,
      1.5,
      2.0
    ],
    "sigma": 0.1,
    "n": 250
  },
  "mcmc": {
    "acceptance_rate": 0.006,
    "ess": [
      400,
      400,
      400
    ],
    "converged": false,
    "n_forward_evals": 1500
  },
  "posterior_summary": {
    "mean": [
      0.9304615551949367,
      0.8348505093522645,
      1.087033367023101
    ],
    "std": [
      0.07056997556438328,
      0.14536893647630147,
      0.020709136068471648
    ],
    "quantiles": {
      "2.5%": [
        0.8205043363861328,
        0.7234201969455729,
        1.0548931090087317
      ],
      "50%": [
        0.9741329133078742,
        0.7234201969455729,
        1.1012562274460003
      ],
      "97.5%": [
        0.9845729834706386,
        1.0492497233900333,
        1.1012562274460003
      ]
    }
  },
  "certificate": {
    "B_lambda": 0.9565384935210501,
    "L_hat": 0.4551933958305846,
    "KL": 250.62254884523276,
    "eta_h": 0.0001,
    "components": {
      "empirical_term": 0.4551933958305846,
      "kl_term": 0.5012450976904655,
      "discretization_term": 0.0001
    },
    "Z_hat": 3.600562075650981e-85,
    "underline_Z": 1e-10,
    "c_scaling_factor": 2.0
  },
  "true_risk": {
    "L_mc": 1.736176120199198,
    "L_mc_std": 0.015494068227002576,
    "R": 10
  },
  "performance": {
    "total_solver_calls": 0,
    "timings": {
      "data_generation": {
        "total": 8.988380432128906e-05,
        "mean": 8.988380432128906e-05,
        "std": 0.0,
        "count": 1
      },
      "mcmc": {
        "total": 0.01475214958190918,
        "mean": 0.01475214958190918,
        "std": 0.0,
        "count": 1
      },
      "certificate": {
        "total": 0.0008630752563476562,
        "mean": 0.0008630752563476562,
        "std": 0.0,
        "count": 1
      }
    },
    "memory_peak_mb": {}
  }
}