{
  "config": {
    "s": 3,
    "sensor_positions": [
      0.25,
      0.5,
      0.75
    ],
    "placement_type": "fixed",
    "sigma": 0.1,
    "n_x": 100,
    "n_t": 50,
    "T": 0.5,
    "lambda": 1.0,
    "c": 0.5,
    "m": 5,
    "seed": 303,
    "delta": 0.05,
    "alpha": 0.001,
    "M": 200,
    "R": 10,
    "n": 150,
    "Delta_x": 0.01,
    "Delta_t": 0.01020408163265306,
    "mcmc_n_steps": 2000,
    "mcmc_n_burn": 500,
    "is_baseline": false,
    "is_extended": true
  },
  "reproducibility": {
    "seed": 303,
    "data_hash": "5012f51be9a81fc3b8ba3b343ba285d6fbacf3de6f1bb69bb6f014de23e167ed",
    "experiment_id": "exp_20250916_202017",
    "rng_usage": {
      "data": 1,
      "prior": 1,
      "mcmc": 1
    }
  },
  "dataset": {
    "kappa_star": [
      0.8,
      1.2,
      1.6,
      2.0,
      2.4
    ],
    "sigma": 0.1,
    "n": 150
  },
  "mcmc": {
    "acceptance_rate": 0.0075,
    "ess": [
      400,
      400,
      400,
      400,
      400
    ],
    "converged": false,
    "n_forward_evals": 1500
  },
  "posterior_summary": {
    "mean": [
      0.8777393530963348,
      0.8740066607772378,
      1.4490497801935471,
      1.0134510009159865,
      1.3091969588354666
    ],
    "std": [
      0.07081276080766655,
      0.013360062783695304,
      0.029179490558890034,
      0.10194521378986741,
      0.03055564192396743
    ],
    "quantiles": {
      "2.5%": [
        0.6765458275303775,
        0.826201759902454,
        1.3423858390991619,
        0.9647987112382134,
        1.1935961036179044
      ],
      "50%": [
        0.916546593553449,
        0.8792156732964752,
        1.4615338628756671,
        0.9647987112382134,
        1.3241267850813148
      ],
      "97.5%": [
        0.916546593553449,
        0.8998770186137296,
        1.4850449523417242,
        1.354877601156054,
        1.3241267850813148
      ]
    }
  },
  "certificate": {
    "B_lambda": 0.27605993506244053,
    "L_hat": 0.08308814730159346,
    "KL": 28.93076816412706,
    "eta_h": 0.0001,
    "components": {
      "empirical_term": 0.08308814730159346,
      "kl_term": 0.19287178776084707,
      "discretization_term": 0.0001
    },
    "Z_hat": 7.834172001106826e-08,
    "underline_Z": 7.050754800996144e-08,
    "c_scaling_factor": 0.5
  },
  "true_risk": {
    "L_mc": 0.38923921988748195,
    "L_mc_std": 0.009839181564865997,
    "R": 10
  },
  "performance": {
    "total_solver_calls": 0,
    "timings": {
      "data_generation": {
        "total": 8.58306884765625e-05,
        "mean": 8.58306884765625e-05,
        "std": 0.0,
        "count": 1
      },
      "mcmc": {
        "total": 0.015366792678833008,
        "mean": 0.015366792678833008,
        "std": 0.0,
        "count": 1
      },
      "certificate": {
        "total": 0.0009448528289794922,
        "mean": 0.0009448528289794922,
        "std": 0.0,
        "count": 1
      }
    },
    "memory_peak_mb": {}
  }
}