{
  "config": {
    "s": 3,
    "sensor_positions": [
      0.25,
      0.5,
      0.75
    ],
    "placement_type": "fixed",
    "sigma": 0.1,
    "n_x": 100,
    "n_t": 50,
    "T": 0.5,
    "lambda": 2.0,
    "c": 0.5,
    "m": 3,
    "seed": 202,
    "delta": 0.05,
    "alpha": 0.001,
    "M": 200,
    "R": 10,
    "n": 150,
    "Delta_x": 0.01,
    "Delta_t": 0.01020408163265306,
    "mcmc_n_steps": 2000,
    "mcmc_n_burn": 500,
    "is_baseline": false,
    "is_extended": true
  },
  "reproducibility": {
    "seed": 202,
    "data_hash": "a8227edfb2c5613596bad84d03d4405c0b57e7f8ea74a9557b01f8ebcd4c4eb7",
    "experiment_id": "exp_20250916_202018",
    "rng_usage": {
      "data": 1,
      "prior": 1,
      "mcmc": 1
    }
  },
  "dataset": {
    "kappa_star": [
      1.0,
      1.5,
      2.0
    ],
    "sigma": 0.1,
    "n": 150
  },
  "mcmc": {
    "acceptance_rate": 0.0035,
    "ess": [
      400,
      400,
      400
    ],
    "converged": false,
    "n_forward_evals": 1500
  },
  "posterior_summary": {
    "mean": [
      0.831729533250603,
      1.1103979857379782,
      0.9179176847407489
    ],
    "std": [
      0.09418765886582318,
      0.0037039061253106493,
      0.03629367276479677
    ],
    "quantiles": {
      "2.5%": [
        0.7071023202442691,
        1.105042134575122,
        0.8987637589812731
      ],
      "50%": [
        0.7877035172849902,
        1.1088321982369105,
        0.9004667213959455
      ],
      "97.5%": [
        0.944761383915539,
        1.1145031540110495,
        0.9897417239842725
      ]
    }
  },
  "certificate": {
    "B_lambda": 0.20971910075215006,
    "L_hat": 0.08754925629809274,
    "KL": 36.6209533362172,
    "eta_h": 0.0001,
    "components": {
      "empirical_term": 0.08754925629809274,
      "kl_term": 0.12206984445405733,
      "discretization_term": 0.0001
    },
    "Z_hat": 3.532866333104702e-05,
    "underline_Z": 3.179579699794232e-05,
    "c_scaling_factor": 0.5
  },
  "true_risk": {
    "L_mc": 0.3530322972438025,
    "L_mc_std": 0.007073290395363798,
    "R": 10
  },
  "performance": {
    "total_solver_calls": 0,
    "timings": {
      "data_generation": {
        "total": 8.106231689453125e-05,
        "mean": 8.106231689453125e-05,
        "std": 0.0,
        "count": 1
      },
      "mcmc": {
        "total": 0.015074014663696289,
        "mean": 0.015074014663696289,
        "std": 0.0,
        "count": 1
      },
      "certificate": {
        "total": 0.0009591579437255859,
        "mean": 0.0009591579437255859,
        "std": 0.0,
        "count": 1
      }
    },
    "memory_peak_mb": {}
  }
}