{
  "config": {
    "s": 5,
    "sensor_positions": [
      0.15,
      0.3,
      0.5,
      0.7,
      0.85
    ],
    "placement_type": "fixed",
    "sigma": 0.1,
    "n_x": 100,
    "n_t": 50,
    "T": 0.5,
    "lambda": 2.0,
    "c": 0.5,
    "m": 5,
    "seed": 101,
    "delta": 0.05,
    "alpha": 0.001,
    "M": 200,
    "R": 10,
    "n": 250,
    "Delta_x": 0.01,
    "Delta_t": 0.01020408163265306,
    "mcmc_n_steps": 2000,
    "mcmc_n_burn": 500,
    "is_baseline": false,
    "is_extended": true
  },
  "reproducibility": {
    "seed": 101,
    "data_hash": "6cc493502b49a1e0da54e1e37dd8e2e4566f06c9594f1906a200ec16094b6ef1",
    "experiment_id": "exp_20250916_202024",
    "rng_usage": {
      "data": 1,
      "prior": 1,
      "mcmc": 1
    }
  },
  "dataset": {
    "kappa_star": [
      0.8,
      1.2,
      1.6,
      2.0,
      2.4
    ],
    "sigma": 0.1,
    "n": 250
  },
  "mcmc": {
    "acceptance_rate": 0.0035,
    "ess": [
      400,
      400,
      400,
      400,
      400
    ],
    "converged": false,
    "n_forward_evals": 1500
  },
  "posterior_summary": {
    "mean": [
      0.9538159240954319,
      0.7899894905751866,
      1.369036301987534,
      1.2253453289583673,
      0.9795462061313127
    ],
    "std": [
      2.0761170560490427e-14,
      1.8207657603852567e-14,
      4.440892098500626e-16,
      3.8413716652030416e-14,
      1.865174681370263e-14
    ],
    "quantiles": {
      "2.5%": [
        0.9538159240954527,
        0.7899894905752048,
        1.3690363019875345,
        1.225345328958329,
        0.9795462061312941
      ],
      "50%": [
        0.9538159240954527,
        0.7899894905752048,
        1.3690363019875345,
        1.225345328958329,
        0.9795462061312941
      ],
      "97.5%": [
        0.9538159240954527,
        0.7899894905752048,
        1.3690363019875345,
        1.225345328958329,
        0.9795462061312941
      ]
    }
  },
  "certificate": {
    "B_lambda": 0.246203318402683,
    "L_hat": 0.10002580827140105,
    "KL": 73.03875506564098,
    "eta_h": 0.0001,
    "components": {
      "empirical_term": 0.10002580827140105,
      "kl_term": 0.14607751013128198,
      "discretization_term": 0.0001
    },
    "Z_hat": 6.640250188903178e-29,
    "underline_Z": 1e-10,
    "c_scaling_factor": 0.5
  },
  "true_risk": {
    "L_mc": 0.4559427755304569,
    "L_mc_std": 0.003968289233403188,
    "R": 10
  },
  "performance": {
    "total_solver_calls": 0,
    "timings": {
      "data_generation": {
        "total": 0.00010180473327636719,
        "mean": 0.00010180473327636719,
        "std": 0.0,
        "count": 1
      },
      "mcmc": {
        "total": 0.014962911605834961,
        "mean": 0.014962911605834961,
        "std": 0.0,
        "count": 1
      },
      "certificate": {
        "total": 0.000904083251953125,
        "mean": 0.000904083251953125,
        "std": 0.0,
        "count": 1
      }
    },
    "memory_peak_mb": {}
  }
}