{
  "config": {
    "s": 5,
    "sensor_positions": [
      0.15,
      0.3,
      0.5,
      0.7,
      0.85
    ],
    "placement_type": "fixed",
    "sigma": 0.1,
    "n_x": 100,
    "n_t": 50,
    "T": 0.5,
    "lambda": 1.0,
    "c": 0.5,
    "m": 3,
    "seed": 101,
    "delta": 0.05,
    "alpha": 0.001,
    "M": 200,
    "R": 10,
    "n": 250,
    "Delta_x": 0.01,
    "Delta_t": 0.01020408163265306,
    "mcmc_n_steps": 2000,
    "mcmc_n_burn": 500,
    "is_baseline": false,
    "is_extended": true
  },
  "reproducibility": {
    "seed": 101,
    "data_hash": "6cc493502b49a1e0da54e1e37dd8e2e4566f06c9594f1906a200ec16094b6ef1",
    "experiment_id": "exp_20250916_202023",
    "rng_usage": {
      "data": 1,
      "prior": 1,
      "mcmc": 1
    }
  },
  "dataset": {
    "kappa_star": [
      1.0,
      1.5,
      2.0
    ],
    "sigma": 0.1,
    "n": 250
  },
  "mcmc": {
    "acceptance_rate": 0.0115,
    "ess": [
      400,
      400,
      400
    ],
    "converged": false,
    "n_forward_evals": 1500
  },
  "posterior_summary": {
    "mean": [
      0.8342467332047961,
      0.4743682683063,
      1.4523081260956892
    ],
    "std": [
      0.052233736394706354,
      0.26396684985279995,
      0.020375031006312407
    ],
    "quantiles": {
      "2.5%": [
        0.701221239367148,
        0.29542559752429054,
        1.4184808670654803
      ],
      "50%": [
        0.8548498162888893,
        0.29542559752429054,
        1.4648439855027489
      ],
      "97.5%": [
        0.8652898864516537,
        0.998643298739694,
        1.4648439855027489
      ]
    }
  },
  "certificate": {
    "B_lambda": 0.3258387823125676,
    "L_hat": 0.11681768929640289,
    "KL": 52.23027325404118,
    "eta_h": 0.0001,
    "components": {
      "empirical_term": 0.11681768929640289,
      "kl_term": 0.2089210930161647,
      "discretization_term": 0.0001
    },
    "Z_hat": 1.763186245237602e-11,
    "underline_Z": 1e-10,
    "c_scaling_factor": 0.5
  },
  "true_risk": {
    "L_mc": 0.34957821803272,
    "L_mc_std": 0.0034833023146278457,
    "R": 10
  },
  "performance": {
    "total_solver_calls": 0,
    "timings": {
      "data_generation": {
        "total": 8.20159912109375e-05,
        "mean": 8.20159912109375e-05,
        "std": 0.0,
        "count": 1
      },
      "mcmc": {
        "total": 0.014905214309692383,
        "mean": 0.014905214309692383,
        "std": 0.0,
        "count": 1
      },
      "certificate": {
        "total": 0.0009620189666748047,
        "mean": 0.0009620189666748047,
        "std": 0.0,
        "count": 1
      }
    },
    "memory_peak_mb": {}
  }
}