{
  "config": {
    "s": 3,
    "sensor_positions": [
      0.25,
      0.5,
      0.75
    ],
    "placement_type": "fixed",
    "sigma": 0.1,
    "n_x": 100,
    "n_t": 50,
    "T": 0.5,
    "lambda": 0.5,
    "c": 0.5,
    "m": 3,
    "seed": 303,
    "delta": 0.05,
    "alpha": 0.001,
    "M": 200,
    "R": 10,
    "n": 150,
    "Delta_x": 0.01,
    "Delta_t": 0.01020408163265306,
    "mcmc_n_steps": 2000,
    "mcmc_n_burn": 500,
    "is_baseline": false,
    "is_extended": true
  },
  "reproducibility": {
    "seed": 303,
    "data_hash": "5012f51be9a81fc3b8ba3b343ba285d6fbacf3de6f1bb69bb6f014de23e167ed",
    "experiment_id": "exp_20250916_202016",
    "rng_usage": {
      "data": 1,
      "prior": 1,
      "mcmc": 1
    }
  },
  "dataset": {
    "kappa_star": [
      1.0,
      1.5,
      2.0
    ],
    "sigma": 0.1,
    "n": 150
  },
  "mcmc": {
    "acceptance_rate": 0.0215,
    "ess": [
      400,
      400,
      400
    ],
    "converged": false,
    "n_forward_evals": 1500
  },
  "posterior_summary": {
    "mean": [
      0.9228455297795047,
      0.34908048174867046,
      0.4057109983279837
    ],
    "std": [
      0.056656400910287175,
      0.09834957030198244,
      0.07238736278890362
    ],
    "quantiles": {
      "2.5%": [
        0.8315673140537326,
        0.24606187776357888,
        0.26556744568087776
      ],
      "50%": [
        0.9166208554737347,
        0.41487042947748287,
        0.4020028088253525
      ],
      "97.5%": [
        0.9836934482471527,
        0.5131045539209531,
        0.4761008903931955
      ]
    }
  },
  "certificate": {
    "B_lambda": 0.38239560822993,
    "L_hat": 0.12956342662020723,
    "KL": 18.954913620729208,
    "eta_h": 0.0001,
    "components": {
      "empirical_term": 0.12956342662020723,
      "kl_term": 0.2527321816097228,
      "discretization_term": 0.0001
    },
    "Z_hat": 0.0001081170513915879,
    "underline_Z": 9.73053462524291e-05,
    "c_scaling_factor": 0.5
  },
  "true_risk": {
    "L_mc": 0.42977817638525523,
    "L_mc_std": 0.010335137023092541,
    "R": 10
  },
  "performance": {
    "total_solver_calls": 0,
    "timings": {
      "data_generation": {
        "total": 9.822845458984375e-05,
        "mean": 9.822845458984375e-05,
        "std": 0.0,
        "count": 1
      },
      "mcmc": {
        "total": 0.017648935317993164,
        "mean": 0.017648935317993164,
        "std": 0.0,
        "count": 1
      },
      "certificate": {
        "total": 0.0010209083557128906,
        "mean": 0.0010209083557128906,
        "std": 0.0,
        "count": 1
      }
    },
    "memory_peak_mb": {}
  }
}