{
  "config": {
    "s": 5,
    "sensor_positions": [
      0.15,
      0.3,
      0.5,
      0.7,
      0.85
    ],
    "placement_type": "fixed",
    "sigma": 0.1,
    "n_x": 100,
    "n_t": 50,
    "T": 0.5,
    "lambda": 1.0,
    "c": 2.0,
    "m": 5,
    "seed": 303,
    "delta": 0.05,
    "alpha": 0.001,
    "M": 200,
    "R": 10,
    "n": 250,
    "Delta_x": 0.01,
    "Delta_t": 0.01020408163265306,
    "mcmc_n_steps": 2000,
    "mcmc_n_burn": 500,
    "is_baseline": false,
    "is_extended": true
  },
  "reproducibility": {
    "seed": 303,
    "data_hash": "f2003253fffd064114653b4d7729711f4ba542ea0ca4e64c8ded6d77296ef919",
    "experiment_id": "exp_20250916_202024",
    "rng_usage": {
      "data": 1,
      "prior": 1,
      "mcmc": 1
    }
  },
  "dataset": {
    "kappa_star": [
      0.8,
      1.2,
      1.6,
      2.0,
      2.4
    ],
    "sigma": 0.1,
    "n": 250
  },
  "mcmc": {
    "acceptance_rate": 0.007,
    "ess": [
      400,
      400,
      400,
      400,
      400
    ],
    "converged": false,
    "n_forward_evals": 1500
  },
  "posterior_summary": {
    "mean": [
      1.017817341679617,
      0.9988606513854285,
      1.4364010368888238,
      1.0637740266490947,
      1.1209852431793588
    ],
    "std": [
      0.08578459176008554,
      0.01832578048432503,
      0.04139630318926596,
      0.08270197333685977,
      0.045294629580774966
    ],
    "quantiles": {
      "2.5%": [
        0.825669367852211,
        0.955641203180998,
        1.3395667754033533,
        1.0219647279853032,
        1.0148209640014085
      ],
      "50%": [
        1.0656701338752825,
        1.0086551165750193,
        1.4587147991798586,
        1.0219647279853032,
        1.145351645464819
      ],
      "97.5%": [
        1.0656701338752825,
        1.0086551165750193,
        1.4587147991798586,
        1.2665024912880973,
        1.145351645464819
      ]
    }
  },
  "certificate": {
    "B_lambda": 0.7617110386469879,
    "L_hat": 0.334753817463613,
    "KL": 106.71430529584372,
    "eta_h": 0.0001,
    "components": {
      "empirical_term": 0.334753817463613,
      "kl_term": 0.4268572211833749,
      "discretization_term": 0.0001
    },
    "Z_hat": 3.168530988894052e-25,
    "underline_Z": 1e-10,
    "c_scaling_factor": 2.0
  },
  "true_risk": {
    "L_mc": 2.093780487445048,
    "L_mc_std": 0.030320035790965927,
    "R": 10
  },
  "performance": {
    "total_solver_calls": 0,
    "timings": {
      "data_generation": {
        "total": 9.918212890625e-05,
        "mean": 9.918212890625e-05,
        "std": 0.0,
        "count": 1
      },
      "mcmc": {
        "total": 0.015367984771728516,
        "mean": 0.015367984771728516,
        "std": 0.0,
        "count": 1
      },
      "certificate": {
        "total": 0.0008981227874755859,
        "mean": 0.0008981227874755859,
        "std": 0.0,
        "count": 1
      }
    },
    "memory_peak_mb": {}
  }
}