{
  "config": {
    "s": 3,
    "sensor_positions": [
      0.25,
      0.5,
      0.75
    ],
    "placement_type": "fixed",
    "sigma": 0.1,
    "n_x": 100,
    "n_t": 50,
    "T": 0.5,
    "lambda": 0.5,
    "c": 0.5,
    "m": 5,
    "seed": 303,
    "delta": 0.05,
    "alpha": 0.001,
    "M": 200,
    "R": 10,
    "n": 150,
    "Delta_x": 0.01,
    "Delta_t": 0.01020408163265306,
    "mcmc_n_steps": 2000,
    "mcmc_n_burn": 500,
    "is_baseline": false,
    "is_extended": true
  },
  "reproducibility": {
    "seed": 303,
    "data_hash": "5012f51be9a81fc3b8ba3b343ba285d6fbacf3de6f1bb69bb6f014de23e167ed",
    "experiment_id": "exp_20250916_202016",
    "rng_usage": {
      "data": 1,
      "prior": 1,
      "mcmc": 1
    }
  },
  "dataset": {
    "kappa_star": [
      0.8,
      1.2,
      1.6,
      2.0,
      2.4
    ],
    "sigma": 0.1,
    "n": 150
  },
  "mcmc": {
    "acceptance_rate": 0.022,
    "ess": [
      400,
      400,
      400,
      400,
      400
    ],
    "converged": false,
    "n_forward_evals": 1500
  },
  "posterior_summary": {
    "mean": [
      0.5954674337781245,
      1.0522016549713542,
      1.5633521333061429,
      2.0052301110926494,
      1.6648651976671762
    ],
    "std": [
      0.08507603632360011,
      0.032630505834617976,
      0.06926184565278701,
      0.08714522132190437,
      0.04328745105487765
    ],
    "quantiles": {
      "2.5%": [
        0.3736556298590594,
        0.9109842737495869,
        1.3349794847401995,
        1.9630688768256717,
        1.5389602606788615
      ],
      "50%": [
        0.6136563958821308,
        1.0604706191272304,
        1.5936270725131996,
        1.9630688768256717,
        1.669490942142272
      ],
      "97.5%": [
        0.8271780578451434,
        1.1024482923202341,
        1.5936270725131996,
        2.2952163091846747,
        1.780966197271026
      ]
    }
  },
  "certificate": {
    "B_lambda": 0.3243116502501028,
    "L_hat": 0.07630402918935836,
    "KL": 18.593071579555833,
    "eta_h": 0.0001,
    "components": {
      "empirical_term": 0.07630402918935836,
      "kl_term": 0.24790762106074443,
      "discretization_term": 0.0001
    },
    "Z_hat": 2.8593710362982154e-06,
    "underline_Z": 2.5734339326683938e-06,
    "c_scaling_factor": 0.5
  },
  "true_risk": {
    "L_mc": 0.18175352962319685,
    "L_mc_std": 0.006738104390650416,
    "R": 10
  },
  "performance": {
    "total_solver_calls": 0,
    "timings": {
      "data_generation": {
        "total": 8.225440979003906e-05,
        "mean": 8.225440979003906e-05,
        "std": 0.0,
        "count": 1
      },
      "mcmc": {
        "total": 0.015824079513549805,
        "mean": 0.015824079513549805,
        "std": 0.0,
        "count": 1
      },
      "certificate": {
        "total": 0.0008859634399414062,
        "mean": 0.0008859634399414062,
        "std": 0.0,
        "count": 1
      }
    },
    "memory_peak_mb": {}
  }
}