{
  "config": {
    "s": 3,
    "sensor_positions": [
      0.25,
      0.5,
      0.75
    ],
    "placement_type": "fixed",
    "sigma": 0.1,
    "n_x": 100,
    "n_t": 50,
    "T": 0.5,
    "lambda": 1.0,
    "c": 1.0,
    "m": 5,
    "seed": 303,
    "delta": 0.05,
    "alpha": 0.001,
    "M": 200,
    "R": 10,
    "n": 150,
    "Delta_x": 0.01,
    "Delta_t": 0.01020408163265306,
    "mcmc_n_steps": 2000,
    "mcmc_n_burn": 500,
    "is_baseline": false,
    "is_extended": true
  },
  "reproducibility": {
    "seed": 303,
    "data_hash": "5012f51be9a81fc3b8ba3b343ba285d6fbacf3de6f1bb69bb6f014de23e167ed",
    "experiment_id": "exp_20250916_202017",
    "rng_usage": {
      "data": 1,
      "prior": 1,
      "mcmc": 1
    }
  },
  "dataset": {
    "kappa_star": [
      0.8,
      1.2,
      1.6,
      2.0,
      2.4
    ],
    "sigma": 0.1,
    "n": 150
  },
  "mcmc": {
    "acceptance_rate": 0.0045,
    "ess": [
      400,
      400,
      400,
      400,
      400
    ],
    "converged": false,
    "n_forward_evals": 1500
  },
  "posterior_summary": {
    "mean": [
      1.2261577774777257,
      0.7292920635212895,
      1.1005160108423317,
      1.034139073858645,
      1.2832857282544698
    ],
    "std": [
      0.08578459176008486,
      0.0183257804843253,
      0.041396303189264946,
      0.08270197333685982,
      0.04529462958077594
    ],
    "quantiles": {
      "2.5%": [
        1.0340098036503036,
        0.6860726153168387,
        1.0036817493568335,
        0.9923297751948327,
        1.1771214490765534
      ],
      "50%": [
        1.274010569673375,
        0.7390865287108599,
        1.1228297731333388,
        0.9923297751948327,
        1.3076521305399638
      ],
      "97.5%": [
        1.274010569673375,
        0.7390865287108599,
        1.1228297731333388,
        1.2368675384976267,
        1.3076521305399638
      ]
    }
  },
  "certificate": {
    "B_lambda": 0.4602245195650224,
    "L_hat": 0.1694322576077075,
    "KL": 43.60383929359725,
    "eta_h": 0.0001,
    "components": {
      "empirical_term": 0.1694322576077075,
      "kl_term": 0.29069226195731496,
      "discretization_term": 0.0001
    },
    "Z_hat": 1.4007959449413976e-08,
    "underline_Z": 1.2607163504472578e-08,
    "c_scaling_factor": 1.0
  },
  "true_risk": {
    "L_mc": 1.510436737448512,
    "L_mc_std": 0.027343198489244092,
    "R": 10
  },
  "performance": {
    "total_solver_calls": 0,
    "timings": {
      "data_generation": {
        "total": 9.298324584960938e-05,
        "mean": 9.298324584960938e-05,
        "std": 0.0,
        "count": 1
      },
      "mcmc": {
        "total": 0.015479087829589844,
        "mean": 0.015479087829589844,
        "std": 0.0,
        "count": 1
      },
      "certificate": {
        "total": 0.0009410381317138672,
        "mean": 0.0009410381317138672,
        "std": 0.0,
        "count": 1
      }
    },
    "memory_peak_mb": {}
  }
}