{
  "config": {
    "s": 3,
    "sensor_positions": [
      0.25,
      0.5,
      0.75
    ],
    "placement_type": "fixed",
    "sigma": 0.1,
    "n_x": 100,
    "n_t": 50,
    "T": 0.5,
    "lambda": 1.0,
    "c": 0.5,
    "m": 3,
    "seed": 202,
    "delta": 0.05,
    "alpha": 0.001,
    "M": 200,
    "R": 10,
    "n": 150,
    "Delta_x": 0.01,
    "Delta_t": 0.01020408163265306,
    "mcmc_n_steps": 2000,
    "mcmc_n_burn": 500,
    "is_baseline": false,
    "is_extended": true
  },
  "reproducibility": {
    "seed": 202,
    "data_hash": "a8227edfb2c5613596bad84d03d4405c0b57e7f8ea74a9557b01f8ebcd4c4eb7",
    "experiment_id": "exp_20250916_202017",
    "rng_usage": {
      "data": 1,
      "prior": 1,
      "mcmc": 1
    }
  },
  "dataset": {
    "kappa_star": [
      1.0,
      1.5,
      2.0
    ],
    "sigma": 0.1,
    "n": 150
  },
  "mcmc": {
    "acceptance_rate": 0.004,
    "ess": [
      400,
      400,
      400
    ],
    "converged": false,
    "n_forward_evals": 1500
  },
  "posterior_summary": {
    "mean": [
      0.7588820297186496,
      1.1043534067147533,
      0.9312787638805771
    ],
    "std": [
      0.07070878908397832,
      0.004143342759257165,
      0.030101721199914756
    ],
    "quantiles": {
      "2.5%": [
        0.6839321447323787,
        1.1002216868078638,
        0.8987637589812731
      ],
      "50%": [
        0.7071023202442691,
        1.105042134575122,
        0.9194995976635211
      ],
      "97.5%": [
        0.8409900113629275,
        1.1145031540110495,
        0.9897417239842725
      ]
    }
  },
  "certificate": {
    "B_lambda": 0.2477229684125083,
    "L_hat": 0.09139068661935475,
    "KL": 23.434842268973036,
    "eta_h": 0.0001,
    "components": {
      "empirical_term": 0.09139068661935475,
      "kl_term": 0.15623228179315357,
      "discretization_term": 0.0001
    },
    "Z_hat": 6.632930446824922e-05,
    "underline_Z": 5.96963740214243e-05,
    "c_scaling_factor": 0.5
  },
  "true_risk": {
    "L_mc": 0.2949122282905373,
    "L_mc_std": 0.006438521634550717,
    "R": 10
  },
  "performance": {
    "total_solver_calls": 0,
    "timings": {
      "data_generation": {
        "total": 0.00010323524475097656,
        "mean": 0.00010323524475097656,
        "std": 0.0,
        "count": 1
      },
      "mcmc": {
        "total": 0.01706099510192871,
        "mean": 0.01706099510192871,
        "std": 0.0,
        "count": 1
      },
      "certificate": {
        "total": 0.00102996826171875,
        "mean": 0.00102996826171875,
        "std": 0.0,
        "count": 1
      }
    },
    "memory_peak_mb": {}
  }
}