{
  "config": {
    "s": 5,
    "sensor_positions": [
      0.15,
      0.3,
      0.5,
      0.7,
      0.85
    ],
    "placement_type": "fixed",
    "sigma": 0.1,
    "n_x": 100,
    "n_t": 50,
    "T": 0.5,
    "lambda": 0.5,
    "c": 0.5,
    "m": 3,
    "seed": 202,
    "delta": 0.05,
    "alpha": 0.001,
    "M": 200,
    "R": 10,
    "n": 250,
    "Delta_x": 0.01,
    "Delta_t": 0.01020408163265306,
    "mcmc_n_steps": 2000,
    "mcmc_n_burn": 500,
    "is_baseline": false,
    "is_extended": true
  },
  "reproducibility": {
    "seed": 202,
    "data_hash": "c470f4d2bfa5c6e1b01c539741da626fdb3713e2a8a8aabb2914752bb0f0a7ef",
    "experiment_id": "exp_20250916_202021",
    "rng_usage": {
      "data": 1,
      "prior": 1,
      "mcmc": 1
    }
  },
  "dataset": {
    "kappa_star": [
      1.0,
      1.5,
      2.0
    ],
    "sigma": 0.1,
    "n": 250
  },
  "mcmc": {
    "acceptance_rate": 0.0055,
    "ess": [
      400,
      400,
      400
    ],
    "converged": false,
    "n_forward_evals": 1500
  },
  "posterior_summary": {
    "mean": [
      0.6791414433214691,
      1.2529126260848902,
      0.9476223338612036
    ],
    "std": [
      0.08016236160334946,
      0.14675863711684692,
      0.03168113863630561
    ],
    "quantiles": {
      "2.5%": [
        0.45265146761506203,
        1.105042134575122,
        0.891283117002192
      ],
      "50%": [
        0.7038711042545223,
        1.1782929949133834,
        0.9583584626736822
      ],
      "97.5%": [
        0.7877035172849902,
        1.4130562998311036,
        0.9897417239842725
      ]
    }
  },
  "certificate": {
    "B_lambda": 0.24800243050216458,
    "L_hat": 0.09521781863988962,
    "KL": 19.085576482784372,
    "eta_h": 0.0001,
    "components": {
      "empirical_term": 0.09521781863988962,
      "kl_term": 0.15268461186227497,
      "discretization_term": 0.0001
    },
    "Z_hat": 0.0008434679634981723,
    "underline_Z": 0.000759121167148355,
    "c_scaling_factor": 0.5
  },
  "true_risk": {
    "L_mc": 0.2355952124190365,
    "L_mc_std": 0.003378716389358957,
    "R": 10
  },
  "performance": {
    "total_solver_calls": 0,
    "timings": {
      "data_generation": {
        "total": 9.989738464355469e-05,
        "mean": 9.989738464355469e-05,
        "std": 0.0,
        "count": 1
      },
      "mcmc": {
        "total": 0.01510310173034668,
        "mean": 0.01510310173034668,
        "std": 0.0,
        "count": 1
      },
      "certificate": {
        "total": 0.0009860992431640625,
        "mean": 0.0009860992431640625,
        "std": 0.0,
        "count": 1
      }
    },
    "memory_peak_mb": {}
  }
}