{
  "config": {
    "s": 5,
    "sensor_positions": [
      0.15,
      0.3,
      0.5,
      0.7,
      0.85
    ],
    "placement_type": "fixed",
    "sigma": 0.1,
    "n_x": 100,
    "n_t": 50,
    "T": 0.5,
    "lambda": 2.0,
    "c": 0.5,
    "m": 3,
    "seed": 303,
    "delta": 0.05,
    "alpha": 0.001,
    "M": 200,
    "R": 10,
    "n": 250,
    "Delta_x": 0.01,
    "Delta_t": 0.01020408163265306,
    "mcmc_n_steps": 2000,
    "mcmc_n_burn": 500,
    "is_baseline": false,
    "is_extended": true
  },
  "reproducibility": {
    "seed": 303,
    "data_hash": "f2003253fffd064114653b4d7729711f4ba542ea0ca4e64c8ded6d77296ef919",
    "experiment_id": "exp_20250916_202024",
    "rng_usage": {
      "data": 1,
      "prior": 1,
      "mcmc": 1
    }
  },
  "dataset": {
    "kappa_star": [
      1.0,
      1.5,
      2.0
    ],
    "sigma": 0.1,
    "n": 250
  },
  "mcmc": {
    "acceptance_rate": 0.004,
    "ess": [
      400,
      400,
      400
    ],
    "converged": false,
    "n_forward_evals": 1500
  },
  "posterior_summary": {
    "mean": [
      1.053775300308425,
      0.8203635821873404,
      0.9607348380610766
    ],
    "std": [
      0.030308988180445966,
      0.08690770713123973,
      0.0327694564160739
    ],
    "quantiles": {
      "2.5%": [
        1.0108174763917082,
        0.7287010416461452,
        0.9185563811480395
      ],
      "50%": [
        1.067469381085462,
        0.8975095933600492,
        0.9545702923492235
      ],
      "97.5%": [
        1.077890069165126,
        0.9108191450584608,
        0.9926544627158824
      ]
    }
  },
  "certificate": {
    "B_lambda": 0.26171670492773447,
    "L_hat": 0.1077825015339268,
    "KL": 76.91710169690386,
    "eta_h": 0.0001,
    "components": {
      "empirical_term": 0.1077825015339268,
      "kl_term": 0.1538342033938077,
      "discretization_term": 0.0001
    },
    "Z_hat": 1.871601207616381e-12,
    "underline_Z": 1e-10,
    "c_scaling_factor": 0.5
  },
  "true_risk": {
    "L_mc": 0.560706129097678,
    "L_mc_std": 0.007848285978698966,
    "R": 10
  },
  "performance": {
    "total_solver_calls": 0,
    "timings": {
      "data_generation": {
        "total": 9.799003601074219e-05,
        "mean": 9.799003601074219e-05,
        "std": 0.0,
        "count": 1
      },
      "mcmc": {
        "total": 0.015305042266845703,
        "mean": 0.015305042266845703,
        "std": 0.0,
        "count": 1
      },
      "certificate": {
        "total": 0.0009317398071289062,
        "mean": 0.0009317398071289062,
        "std": 0.0,
        "count": 1
      }
    },
    "memory_peak_mb": {}
  }
}