{
  "config": {
    "s": 3,
    "sensor_positions": [
      0.25,
      0.5,
      0.75
    ],
    "placement_type": "fixed",
    "sigma": 0.1,
    "n_x": 100,
    "n_t": 50,
    "T": 0.5,
    "lambda": 1.0,
    "c": 0.5,
    "m": 5,
    "seed": 101,
    "delta": 0.05,
    "alpha": 0.001,
    "M": 200,
    "R": 10,
    "n": 150,
    "Delta_x": 0.01,
    "Delta_t": 0.01020408163265306,
    "mcmc_n_steps": 2000,
    "mcmc_n_burn": 500,
    "is_baseline": false,
    "is_extended": true
  },
  "reproducibility": {
    "seed": 101,
    "data_hash": "f9b15eebb7461825356a6493c60bc607832347f1d972f9997367b39f21cee5f6",
    "experiment_id": "exp_20250916_202017",
    "rng_usage": {
      "data": 1,
      "prior": 1,
      "mcmc": 1
    }
  },
  "dataset": {
    "kappa_star": [
      0.8,
      1.2,
      1.6,
      2.0,
      2.4
    ],
    "sigma": 0.1,
    "n": 150
  },
  "mcmc": {
    "acceptance_rate": 0.0055,
    "ess": [
      400,
      400,
      400,
      400,
      400
    ],
    "converged": false,
    "n_forward_evals": 1500
  },
  "posterior_summary": {
    "mean": [
      0.9534009435455226,
      0.8911083924253778,
      1.3733447411507362,
      1.3917695476102379,
      0.8200982640207708
    ],
    "std": [
      2.142730437526552e-14,
      1.6986412276764895e-14,
      2.0872192862952943e-14,
      1.3322676295501878e-15,
      5.10702591327572e-15
    ],
    "quantiles": {
      "2.5%": [
        0.9534009435455012,
        0.8911083924253608,
        1.373344741150757,
        1.3917695476102365,
        0.8200982640207657
      ],
      "50%": [
        0.9534009435455012,
        0.8911083924253608,
        1.373344741150757,
        1.3917695476102365,
        0.8200982640207657
      ],
      "97.5%": [
        0.9534009435455012,
        0.8911083924253608,
        1.373344741150757,
        1.3917695476102365,
        0.8200982640207657
      ]
    }
  },
  "certificate": {
    "B_lambda": 0.26409139820665006,
    "L_hat": 0.10089311443946494,
    "KL": 24.464742565077767,
    "eta_h": 0.0001,
    "components": {
      "empirical_term": 0.10089311443946494,
      "kl_term": 0.1630982837671851,
      "discretization_term": 0.0001
    },
    "Z_hat": 9.850385401457041e-05,
    "underline_Z": 8.865346861311337e-05,
    "c_scaling_factor": 0.5
  },
  "true_risk": {
    "L_mc": 0.45896971807860154,
    "L_mc_std": 0.0041133352691165815,
    "R": 10
  },
  "performance": {
    "total_solver_calls": 0,
    "timings": {
      "data_generation": {
        "total": 0.00010204315185546875,
        "mean": 0.00010204315185546875,
        "std": 0.0,
        "count": 1
      },
      "mcmc": {
        "total": 0.0177762508392334,
        "mean": 0.0177762508392334,
        "std": 0.0,
        "count": 1
      },
      "certificate": {
        "total": 0.0010788440704345703,
        "mean": 0.0010788440704345703,
        "std": 0.0,
        "count": 1
      }
    },
    "memory_peak_mb": {}
  }
}