{
  "config": {
    "s": 3,
    "sensor_positions": [
      0.25,
      0.5,
      0.75
    ],
    "placement_type": "fixed",
    "sigma": 0.1,
    "n_x": 100,
    "n_t": 50,
    "T": 0.5,
    "lambda": 0.5,
    "c": 1.0,
    "m": 3,
    "seed": 101,
    "delta": 0.05,
    "alpha": 0.001,
    "M": 200,
    "R": 10,
    "n": 150,
    "Delta_x": 0.01,
    "Delta_t": 0.01020408163265306,
    "mcmc_n_steps": 2000,
    "mcmc_n_burn": 500,
    "is_baseline": false,
    "is_extended": true
  },
  "reproducibility": {
    "seed": 101,
    "data_hash": "f9b15eebb7461825356a6493c60bc607832347f1d972f9997367b39f21cee5f6",
    "experiment_id": "exp_20250916_202016",
    "rng_usage": {
      "data": 1,
      "prior": 1,
      "mcmc": 1
    }
  },
  "dataset": {
    "kappa_star": [
      1.0,
      1.5,
      2.0
    ],
    "sigma": 0.1,
    "n": 150
  },
  "mcmc": {
    "acceptance_rate": 0.0185,
    "ess": [
      400,
      400,
      400
    ],
    "converged": false,
    "n_forward_evals": 1500
  },
  "posterior_summary": {
    "mean": [
      0.41984955128317264,
      0.04955076931597225,
      1.5493869719545321
    ],
    "std": [
      0.09362730950494032,
      0.31809178813100975,
      0.04729957798764441
    ],
    "quantiles": {
      "2.5%": [
        0.2614704627260316,
        -0.15321734800569445,
        1.5041114644250395
      ],
      "50%": [
        0.41509903964777295,
        -0.15321734800569445,
        1.550474582862308
      ],
      "97.5%": [
        0.6908031098766233,
        0.8836127480827463,
        1.705219395511905
      ]
    }
  },
  "certificate": {
    "B_lambda": 0.7330766600202057,
    "L_hat": 0.2510410027678136,
    "KL": 36.1451742939294,
    "eta_h": 0.0001,
    "components": {
      "empirical_term": 0.2510410027678136,
      "kl_term": 0.481935657252392,
      "discretization_term": 0.0001
    },
    "Z_hat": 3.3499391224431236e-08,
    "underline_Z": 3.014945210198811e-08,
    "c_scaling_factor": 1.0
  },
  "true_risk": {
    "L_mc": 0.18623346538057034,
    "L_mc_std": 0.0036663956335622866,
    "R": 10
  },
  "performance": {
    "total_solver_calls": 0,
    "timings": {
      "data_generation": {
        "total": 9.703636169433594e-05,
        "mean": 9.703636169433594e-05,
        "std": 0.0,
        "count": 1
      },
      "mcmc": {
        "total": 0.01520991325378418,
        "mean": 0.01520991325378418,
        "std": 0.0,
        "count": 1
      },
      "certificate": {
        "total": 0.0008678436279296875,
        "mean": 0.0008678436279296875,
        "std": 0.0,
        "count": 1
      }
    },
    "memory_peak_mb": {}
  }
}