{
  "config": {
    "s": 5,
    "sensor_positions": [
      0.15,
      0.3,
      0.5,
      0.7,
      0.85
    ],
    "placement_type": "fixed",
    "sigma": 0.1,
    "n_x": 100,
    "n_t": 50,
    "T": 0.5,
    "lambda": 2.0,
    "c": 2.0,
    "m": 5,
    "seed": 101,
    "delta": 0.05,
    "alpha": 0.001,
    "M": 200,
    "R": 10,
    "n": 250,
    "Delta_x": 0.01,
    "Delta_t": 0.01020408163265306,
    "mcmc_n_steps": 2000,
    "mcmc_n_burn": 500,
    "is_baseline": false,
    "is_extended": true
  },
  "reproducibility": {
    "seed": 101,
    "data_hash": "6cc493502b49a1e0da54e1e37dd8e2e4566f06c9594f1906a200ec16094b6ef1",
    "experiment_id": "exp_20250916_202024",
    "rng_usage": {
      "data": 1,
      "prior": 1,
      "mcmc": 1
    }
  },
  "dataset": {
    "kappa_star": [
      0.8,
      1.2,
      1.6,
      2.0,
      2.4
    ],
    "sigma": 0.1,
    "n": 250
  },
  "mcmc": {
    "acceptance_rate": 0.0045,
    "ess": [
      400,
      400,
      400,
      400,
      400
    ],
    "converged": false,
    "n_forward_evals": 1500
  },
  "posterior_summary": {
    "mean": [
      0.8866519330790869,
      0.7978219973840562,
      1.428697292070397,
      1.3902517922899782,
      1.0519236114098465
    ],
    "std": [
      3.11972669919669e-14,
      2.1094237467877974e-14,
      3.530509218307998e-14,
      8.215650382226158e-15,
      1.1324274851176597e-14
    ],
    "quantiles": {
      "2.5%": [
        0.886651933079118,
        0.7978219973840351,
        1.4286972920703618,
        1.3902517922899864,
        1.0519236114098351
      ],
      "50%": [
        0.886651933079118,
        0.7978219973840351,
        1.4286972920703618,
        1.3902517922899864,
        1.0519236114098351
      ],
      "97.5%": [
        0.886651933079118,
        0.7978219973840351,
        1.4286972920703618,
        1.3902517922899864,
        1.0519236114098351
      ]
    }
  },
  "certificate": {
    "B_lambda": 0.8273506528827703,
    "L_hat": 0.3905994755114447,
    "KL": 218.32558868566278,
    "eta_h": 0.0001,
    "components": {
      "empirical_term": 0.3905994755114447,
      "kl_term": 0.4366511773713256,
      "discretization_term": 0.0001
    },
    "Z_hat": 2.1498277653640335e-68,
    "underline_Z": 1e-10,
    "c_scaling_factor": 2.0
  },
  "true_risk": {
    "L_mc": 1.577744696713178,
    "L_mc_std": 0.014783166874954377,
    "R": 10
  },
  "performance": {
    "total_solver_calls": 0,
    "timings": {
      "data_generation": {
        "total": 9.965896606445312e-05,
        "mean": 9.965896606445312e-05,
        "std": 0.0,
        "count": 1
      },
      "mcmc": {
        "total": 0.01566791534423828,
        "mean": 0.01566791534423828,
        "std": 0.0,
        "count": 1
      },
      "certificate": {
        "total": 0.0009338855743408203,
        "mean": 0.0009338855743408203,
        "std": 0.0,
        "count": 1
      }
    },
    "memory_peak_mb": {}
  }
}