{
  "config": {
    "s": 5,
    "sensor_positions": [
      0.15,
      0.3,
      0.5,
      0.7,
      0.85
    ],
    "placement_type": "fixed",
    "sigma": 0.1,
    "n_x": 100,
    "n_t": 50,
    "T": 0.5,
    "lambda": 0.5,
    "c": 2.0,
    "m": 3,
    "seed": 202,
    "delta": 0.05,
    "alpha": 0.001,
    "M": 200,
    "R": 10,
    "n": 250,
    "Delta_x": 0.01,
    "Delta_t": 0.01020408163265306,
    "mcmc_n_steps": 2000,
    "mcmc_n_burn": 500,
    "is_baseline": false,
    "is_extended": true
  },
  "reproducibility": {
    "seed": 202,
    "data_hash": "c470f4d2bfa5c6e1b01c539741da626fdb3713e2a8a8aabb2914752bb0f0a7ef",
    "experiment_id": "exp_20250916_202022",
    "rng_usage": {
      "data": 1,
      "prior": 1,
      "mcmc": 1
    }
  },
  "dataset": {
    "kappa_star": [
      1.0,
      1.5,
      2.0
    ],
    "sigma": 0.1,
    "n": 250
  },
  "mcmc": {
    "acceptance_rate": 0.004,
    "ess": [
      400,
      400,
      400
    ],
    "converged": false,
    "n_forward_evals": 1500
  },
  "posterior_summary": {
    "mean": [
      0.6832457913549954,
      1.0489773928802792,
      1.1275534443136117
    ],
    "std": [
      0.09418765886582196,
      0.0037039061253106805,
      0.0362936727647972
    ],
    "quantiles": {
      "2.5%": [
        0.5586185783486464,
        1.0436215417174455,
        1.1083995185541187
      ],
      "50%": [
        0.6392197753893675,
        1.047411605379234,
        1.110102480968791
      ],
      "97.5%": [
        0.7962776420199162,
        1.053082561153373,
        1.199377483557118
      ]
    }
  },
  "certificate": {
    "B_lambda": 0.8732572896987671,
    "L_hat": 0.34447524112962175,
    "KL": 66.08525607114318,
    "eta_h": 0.0001,
    "components": {
      "empirical_term": 0.34447524112962175,
      "kl_term": 0.5286820485691455,
      "discretization_term": 0.0001
    },
    "Z_hat": 1.0507635259644529e-12,
    "underline_Z": 1e-10,
    "c_scaling_factor": 2.0
  },
  "true_risk": {
    "L_mc": 0.953562638369084,
    "L_mc_std": 0.013599686739239725,
    "R": 10
  },
  "performance": {
    "total_solver_calls": 0,
    "timings": {
      "data_generation": {
        "total": 9.322166442871094e-05,
        "mean": 9.322166442871094e-05,
        "std": 0.0,
        "count": 1
      },
      "mcmc": {
        "total": 0.015325307846069336,
        "mean": 0.015325307846069336,
        "std": 0.0,
        "count": 1
      },
      "certificate": {
        "total": 0.0008578300476074219,
        "mean": 0.0008578300476074219,
        "std": 0.0,
        "count": 1
      }
    },
    "memory_peak_mb": {}
  }
}