{
  "config": {
    "s": 3,
    "sensor_positions": [
      0.25,
      0.5,
      0.75
    ],
    "placement_type": "fixed",
    "sigma": 0.1,
    "n_x": 100,
    "n_t": 50,
    "T": 0.5,
    "lambda": 2.0,
    "c": 1.0,
    "m": 3,
    "seed": 101,
    "delta": 0.05,
    "alpha": 0.001,
    "M": 200,
    "R": 10,
    "n": 150,
    "Delta_x": 0.01,
    "Delta_t": 0.01020408163265306,
    "mcmc_n_steps": 2000,
    "mcmc_n_burn": 500,
    "is_baseline": false,
    "is_extended": true
  },
  "reproducibility": {
    "seed": 101,
    "data_hash": "f9b15eebb7461825356a6493c60bc607832347f1d972f9997367b39f21cee5f6",
    "experiment_id": "exp_20250916_202018",
    "rng_usage": {
      "data": 1,
      "prior": 1,
      "mcmc": 1
    }
  },
  "dataset": {
    "kappa_star": [
      1.0,
      1.5,
      2.0
    ],
    "sigma": 0.1,
    "n": 150
  },
  "mcmc": {
    "acceptance_rate": 0.0055,
    "ess": [
      400,
      400,
      400
    ],
    "converged": false,
    "n_forward_evals": 1500
  },
  "posterior_summary": {
    "mean": [
      0.9427482184218071,
      0.7579424475918417,
      1.0767116414269735
    ],
    "std": [
      0.07056997556438308,
      0.14536893647630503,
      0.020709136068471926
    ],
    "quantiles": {
      "2.5%": [
        0.8327909996130232,
        0.6465121351851585,
        1.0445713834125332
      ],
      "50%": [
        0.9864195765347645,
        0.6465121351851585,
        1.0909345018498018
      ],
      "97.5%": [
        0.9968596466975289,
        0.9723416616296189,
        1.0909345018498018
      ]
    }
  },
  "certificate": {
    "B_lambda": 0.5345586534139679,
    "L_hat": 0.22885290849041656,
    "KL": 91.68172347706543,
    "eta_h": 0.0001,
    "components": {
      "empirical_term": 0.22885290849041656,
      "kl_term": 0.3056057449235514,
      "discretization_term": 0.0001
    },
    "Z_hat": 2.1881597854227693e-14,
    "underline_Z": 1e-10,
    "c_scaling_factor": 1.0
  },
  "true_risk": {
    "L_mc": 0.8977601211055566,
    "L_mc_std": 0.008134683057341894,
    "R": 10
  },
  "performance": {
    "total_solver_calls": 0,
    "timings": {
      "data_generation": {
        "total": 8.511543273925781e-05,
        "mean": 8.511543273925781e-05,
        "std": 0.0,
        "count": 1
      },
      "mcmc": {
        "total": 0.01523900032043457,
        "mean": 0.01523900032043457,
        "std": 0.0,
        "count": 1
      },
      "certificate": {
        "total": 0.0009160041809082031,
        "mean": 0.0009160041809082031,
        "std": 0.0,
        "count": 1
      }
    },
    "memory_peak_mb": {}
  }
}