{
  "config": {
    "s": 5,
    "sensor_positions": [
      0.15,
      0.3,
      0.5,
      0.7,
      0.85
    ],
    "placement_type": "fixed",
    "sigma": 0.1,
    "n_x": 100,
    "n_t": 50,
    "T": 0.5,
    "lambda": 2.0,
    "c": 0.5,
    "m": 3,
    "seed": 202,
    "delta": 0.05,
    "alpha": 0.001,
    "M": 200,
    "R": 10,
    "n": 250,
    "Delta_x": 0.01,
    "Delta_t": 0.01020408163265306,
    "mcmc_n_steps": 2000,
    "mcmc_n_burn": 500,
    "is_baseline": false,
    "is_extended": true
  },
  "reproducibility": {
    "seed": 202,
    "data_hash": "c470f4d2bfa5c6e1b01c539741da626fdb3713e2a8a8aabb2914752bb0f0a7ef",
    "experiment_id": "exp_20250916_202024",
    "rng_usage": {
      "data": 1,
      "prior": 1,
      "mcmc": 1
    }
  },
  "dataset": {
    "kappa_star": [
      1.0,
      1.5,
      2.0
    ],
    "sigma": 0.1,
    "n": 250
  },
  "mcmc": {
    "acceptance_rate": 0.003,
    "ess": [
      400,
      400,
      400
    ],
    "converged": false,
    "n_forward_evals": 1500
  },
  "posterior_summary": {
    "mean": [
      0.8706615378716311,
      1.047411384476913,
      0.9455877978869208
    ],
    "std": [
      0.09418765886582173,
      0.003703906125310753,
      0.036293672764797655
    ],
    "quantiles": {
      "2.5%": [
        0.7460343248653231,
        1.0420555333140817,
        0.9264338721274776
      ],
      "50%": [
        0.8266355219060442,
        1.0458455969758702,
        0.92813683454215
      ],
      "97.5%": [
        0.9836933885365929,
        1.0515165527500092,
        1.017411837130477
      ]
    }
  },
  "certificate": {
    "B_lambda": 0.1958292829687593,
    "L_hat": 0.08746097213888165,
    "KL": 54.13415541493883,
    "eta_h": 0.0001,
    "components": {
      "empirical_term": 0.08746097213888165,
      "kl_term": 0.10826831082987766,
      "discretization_term": 0.0001
    },
    "Z_hat": 3.3690022596080556e-05,
    "underline_Z": 3.03210203364725e-05,
    "c_scaling_factor": 0.5
  },
  "true_risk": {
    "L_mc": 0.38398535694715447,
    "L_mc_std": 0.004370138214133262,
    "R": 10
  },
  "performance": {
    "total_solver_calls": 0,
    "timings": {
      "data_generation": {
        "total": 9.584426879882812e-05,
        "mean": 9.584426879882812e-05,
        "std": 0.0,
        "count": 1
      },
      "mcmc": {
        "total": 0.015739917755126953,
        "mean": 0.015739917755126953,
        "std": 0.0,
        "count": 1
      },
      "certificate": {
        "total": 0.0012798309326171875,
        "mean": 0.0012798309326171875,
        "std": 0.0,
        "count": 1
      }
    },
    "memory_peak_mb": {}
  }
}