{
  "config": {
    "s": 5,
    "sensor_positions": [
      0.15,
      0.3,
      0.5,
      0.7,
      0.85
    ],
    "placement_type": "fixed",
    "sigma": 0.1,
    "n_x": 100,
    "n_t": 50,
    "T": 0.5,
    "lambda": 1.0,
    "c": 2.0,
    "m": 5,
    "seed": 202,
    "delta": 0.05,
    "alpha": 0.001,
    "M": 200,
    "R": 10,
    "n": 250,
    "Delta_x": 0.01,
    "Delta_t": 0.01020408163265306,
    "mcmc_n_steps": 2000,
    "mcmc_n_burn": 500,
    "is_baseline": false,
    "is_extended": true
  },
  "reproducibility": {
    "seed": 202,
    "data_hash": "c470f4d2bfa5c6e1b01c539741da626fdb3713e2a8a8aabb2914752bb0f0a7ef",
    "experiment_id": "exp_20250916_202023",
    "rng_usage": {
      "data": 1,
      "prior": 1,
      "mcmc": 1
    }
  },
  "dataset": {
    "kappa_star": [
      0.8,
      1.2,
      1.6,
      2.0,
      2.4
    ],
    "sigma": 0.1,
    "n": 250
  },
  "mcmc": {
    "acceptance_rate": 0.004,
    "ess": [
      400,
      400,
      400,
      400,
      400
    ],
    "converged": false,
    "n_forward_evals": 1500
  },
  "posterior_summary": {
    "mean": [
      1.0539936853877387,
      1.1383756545506787,
      0.94804243336818,
      1.1093979022607907,
      0.7323050470216257
    ],
    "std": [
      0.03537813512177019,
      0.020154788065776762,
      0.00023140325263667005,
      0.016624827432572303,
      0.01852637360157218
    ],
    "quantiles": {
      "2.5%": [
        1.0424205964711992,
        1.0767638566389548,
        0.9473350495747684,
        1.0585769506958012,
        0.7262445984351218
      ],
      "50%": [
        1.0424205964711992,
        1.1449687989766744,
        0.9481181312649026,
        1.1148363066717912,
        0.7262445984351218
      ],
      "97.5%": [
        1.1621422059528566,
        1.1449687989766744,
        0.9481181312649026,
        1.1148363066717912,
        0.7889388941577311
      ]
    }
  },
  "certificate": {
    "B_lambda": 0.9333685494159867,
    "L_hat": 0.4205825728481124,
    "KL": 128.17149414196857,
    "eta_h": 0.0001,
    "components": {
      "empirical_term": 0.4205825728481124,
      "kl_term": 0.5126859765678743,
      "discretization_term": 0.0001
    },
    "Z_hat": 1.7663232358907844e-42,
    "underline_Z": 1e-10,
    "c_scaling_factor": 2.0
  },
  "true_risk": {
    "L_mc": 2.241570789356712,
    "L_mc_std": 0.021286117501762528,
    "R": 10
  },
  "performance": {
    "total_solver_calls": 0,
    "timings": {
      "data_generation": {
        "total": 9.894371032714844e-05,
        "mean": 9.894371032714844e-05,
        "std": 0.0,
        "count": 1
      },
      "mcmc": {
        "total": 0.0161898136138916,
        "mean": 0.0161898136138916,
        "std": 0.0,
        "count": 1
      },
      "certificate": {
        "total": 0.0009112358093261719,
        "mean": 0.0009112358093261719,
        "std": 0.0,
        "count": 1
      }
    },
    "memory_peak_mb": {}
  }
}