{
  "config": {
    "s": 3,
    "sensor_positions": [
      0.25,
      0.5,
      0.75
    ],
    "placement_type": "fixed",
    "sigma": 0.1,
    "n_x": 100,
    "n_t": 50,
    "T": 0.5,
    "lambda": 0.5,
    "c": 0.5,
    "m": 5,
    "seed": 202,
    "delta": 0.05,
    "alpha": 0.001,
    "M": 200,
    "R": 10,
    "n": 150,
    "Delta_x": 0.01,
    "Delta_t": 0.01020408163265306,
    "mcmc_n_steps": 2000,
    "mcmc_n_burn": 500,
    "is_baseline": false,
    "is_extended": true
  },
  "reproducibility": {
    "seed": 202,
    "data_hash": "a8227edfb2c5613596bad84d03d4405c0b57e7f8ea74a9557b01f8ebcd4c4eb7",
    "experiment_id": "exp_20250916_202016",
    "rng_usage": {
      "data": 1,
      "prior": 1,
      "mcmc": 1
    }
  },
  "dataset": {
    "kappa_star": [
      0.8,
      1.2,
      1.6,
      2.0,
      2.4
    ],
    "sigma": 0.1,
    "n": 150
  },
  "mcmc": {
    "acceptance_rate": 0.022,
    "ess": [
      400,
      400,
      400,
      400,
      400
    ],
    "converged": false,
    "n_forward_evals": 1500
  },
  "posterior_summary": {
    "mean": [
      1.9759289230094454,
      0.5713973102265295,
      1.6550318443152985,
      1.1630032328561146,
      1.2290401346578659
    ],
    "std": [
      0.13336095738848683,
      0.11304438511322186,
      0.14221124527915782,
      0.05565592145245651,
      0.10962504445674674
    ],
    "quantiles": {
      "2.5%": [
        1.6408341542105025,
        0.41232670285815515,
        1.1169908219098919,
        1.0058508184393742,
        0.8440428617876281
      ],
      "50%": [
        2.043027990401597,
        0.5559175057656617,
        1.709356503111824,
        1.1695641844066607,
        1.2605276234341123
      ],
      "97.5%": [
        2.070751894117266,
        0.8857072403842863,
        1.7924996250345022,
        1.2609786363745445,
        1.335571585153442
      ]
    }
  },
  "certificate": {
    "B_lambda": 0.3717442387133958,
    "L_hat": 0.11784599319252372,
    "KL": 19.034868414065407,
    "eta_h": 0.0001,
    "components": {
      "empirical_term": 0.11784599319252372,
      "kl_term": 0.2537982455208721,
      "discretization_term": 0.0001
    },
    "Z_hat": 4.144851891079969e-05,
    "underline_Z": 3.730366701971972e-05,
    "c_scaling_factor": 0.5
  },
  "true_risk": {
    "L_mc": 1.9621833334673568,
    "L_mc_std": 0.017066759655272504,
    "R": 10
  },
  "performance": {
    "total_solver_calls": 0,
    "timings": {
      "data_generation": {
        "total": 7.891654968261719e-05,
        "mean": 7.891654968261719e-05,
        "std": 0.0,
        "count": 1
      },
      "mcmc": {
        "total": 0.01546478271484375,
        "mean": 0.01546478271484375,
        "std": 0.0,
        "count": 1
      },
      "certificate": {
        "total": 0.0010151863098144531,
        "mean": 0.0010151863098144531,
        "std": 0.0,
        "count": 1
      }
    },
    "memory_peak_mb": {}
  }
}