{
  "config": {
    "s": 5,
    "sensor_positions": [
      0.15,
      0.3,
      0.5,
      0.7,
      0.85
    ],
    "placement_type": "fixed",
    "sigma": 0.1,
    "n_x": 100,
    "n_t": 50,
    "T": 0.5,
    "lambda": 2.0,
    "c": 0.5,
    "m": 5,
    "seed": 303,
    "delta": 0.05,
    "alpha": 0.001,
    "M": 200,
    "R": 10,
    "n": 250,
    "Delta_x": 0.01,
    "Delta_t": 0.01020408163265306,
    "mcmc_n_steps": 2000,
    "mcmc_n_burn": 500,
    "is_baseline": false,
    "is_extended": true
  },
  "reproducibility": {
    "seed": 303,
    "data_hash": "f2003253fffd064114653b4d7729711f4ba542ea0ca4e64c8ded6d77296ef919",
    "experiment_id": "exp_20250916_202024",
    "rng_usage": {
      "data": 1,
      "prior": 1,
      "mcmc": 1
    }
  },
  "dataset": {
    "kappa_star": [
      0.8,
      1.2,
      1.6,
      2.0,
      2.4
    ],
    "sigma": 0.1,
    "n": 250
  },
  "mcmc": {
    "acceptance_rate": 0.0045,
    "ess": [
      400,
      400,
      400,
      400,
      400
    ],
    "converged": false,
    "n_forward_evals": 1500
  },
  "posterior_summary": {
    "mean": [
      1.2261577774777257,
      0.7292920635212895,
      1.1005160108423317,
      1.034139073858645,
      1.2832857282544698
    ],
    "std": [
      0.08578459176008486,
      0.0183257804843253,
      0.041396303189264946,
      0.08270197333685982,
      0.04529462958077594
    ],
    "quantiles": {
      "2.5%": [
        1.0340098036503036,
        0.6860726153168387,
        1.0036817493568335,
        0.9923297751948327,
        1.1771214490765534
      ],
      "50%": [
        1.274010569673375,
        0.7390865287108599,
        1.1228297731333388,
        0.9923297751948327,
        1.3076521305399638
      ],
      "97.5%": [
        1.274010569673375,
        0.7390865287108599,
        1.1228297731333388,
        1.2368675384976267,
        1.3076521305399638
      ]
    }
  },
  "certificate": {
    "B_lambda": 0.2155839594675884,
    "L_hat": 0.08471612880385375,
    "KL": 65.38391533186733,
    "eta_h": 0.0001,
    "components": {
      "empirical_term": 0.08471612880385375,
      "kl_term": 0.13076783066373465,
      "discretization_term": 0.0001
    },
    "Z_hat": 1.9679358541560548e-28,
    "underline_Z": 1e-10,
    "c_scaling_factor": 0.5
  },
  "true_risk": {
    "L_mc": 0.757292542352254,
    "L_mc_std": 0.009134751836131296,
    "R": 10
  },
  "performance": {
    "total_solver_calls": 0,
    "timings": {
      "data_generation": {
        "total": 0.00017786026000976562,
        "mean": 0.00017786026000976562,
        "std": 0.0,
        "count": 1
      },
      "mcmc": {
        "total": 0.01591014862060547,
        "mean": 0.01591014862060547,
        "std": 0.0,
        "count": 1
      },
      "certificate": {
        "total": 0.0015361309051513672,
        "mean": 0.0015361309051513672,
        "std": 0.0,
        "count": 1
      }
    },
    "memory_peak_mb": {}
  }
}