{
  "config": {
    "s": 5,
    "sensor_positions": [
      0.15,
      0.3,
      0.5,
      0.7,
      0.85
    ],
    "placement_type": "fixed",
    "sigma": 0.1,
    "n_x": 100,
    "n_t": 50,
    "T": 0.5,
    "lambda": 0.5,
    "c": 0.5,
    "m": 5,
    "seed": 303,
    "delta": 0.05,
    "alpha": 0.001,
    "M": 200,
    "R": 10,
    "n": 250,
    "Delta_x": 0.01,
    "Delta_t": 0.01020408163265306,
    "mcmc_n_steps": 2000,
    "mcmc_n_burn": 500,
    "is_baseline": false,
    "is_extended": true
  },
  "reproducibility": {
    "seed": 303,
    "data_hash": "f2003253fffd064114653b4d7729711f4ba542ea0ca4e64c8ded6d77296ef919",
    "experiment_id": "exp_20250916_202022",
    "rng_usage": {
      "data": 1,
      "prior": 1,
      "mcmc": 1
    }
  },
  "dataset": {
    "kappa_star": [
      0.8,
      1.2,
      1.6,
      2.0,
      2.4
    ],
    "sigma": 0.1,
    "n": 250
  },
  "mcmc": {
    "acceptance_rate": 0.0075,
    "ess": [
      400,
      400,
      400,
      400,
      400
    ],
    "converged": false,
    "n_forward_evals": 1500
  },
  "posterior_summary": {
    "mean": [
      0.8777393530963348,
      0.8740066607772378,
      1.4490497801935471,
      1.0134510009159865,
      1.3091969588354666
    ],
    "std": [
      0.07081276080766655,
      0.013360062783695304,
      0.029179490558890034,
      0.10194521378986741,
      0.03055564192396743
    ],
    "quantiles": {
      "2.5%": [
        0.6765458275303775,
        0.826201759902454,
        1.3423858390991619,
        0.9647987112382134,
        1.1935961036179044
      ],
      "50%": [
        0.916546593553449,
        0.8792156732964752,
        1.4615338628756671,
        0.9647987112382134,
        1.3241267850813148
      ],
      "97.5%": [
        0.916546593553449,
        0.8998770186137296,
        1.4850449523417242,
        1.354877601156054,
        1.3241267850813148
      ]
    }
  },
  "certificate": {
    "B_lambda": 0.27429271702673697,
    "L_hat": 0.08308814730159346,
    "KL": 23.888071215642942,
    "eta_h": 0.0001,
    "components": {
      "empirical_term": 0.08308814730159346,
      "kl_term": 0.19110456972514353,
      "discretization_term": 0.0001
    },
    "Z_hat": 1.5201640713010642e-06,
    "underline_Z": 1.3681476641709577e-06,
    "c_scaling_factor": 0.5
  },
  "true_risk": {
    "L_mc": 0.3906203518466558,
    "L_mc_std": 0.006535239388899195,
    "R": 10
  },
  "performance": {
    "total_solver_calls": 0,
    "timings": {
      "data_generation": {
        "total": 0.0001800060272216797,
        "mean": 0.0001800060272216797,
        "std": 0.0,
        "count": 1
      },
      "mcmc": {
        "total": 0.016588211059570312,
        "mean": 0.016588211059570312,
        "std": 0.0,
        "count": 1
      },
      "certificate": {
        "total": 0.0008802413940429688,
        "mean": 0.0008802413940429688,
        "std": 0.0,
        "count": 1
      }
    },
    "memory_peak_mb": {}
  }
}