{
  "experiment_id": "s5_sigma0.2_nx50_T0.3_lam0.5_m3_seed101",
  "config": {
    "s": 5,
    "sensor_positions": [
      0.1,
      0.3,
      0.5,
      0.7,
      0.9
    ],
    "placement_type": "fixed",
    "sigma": 0.2,
    "n_x": 50,
    "T": 0.3,
    "lambda": 0.5,
    "c": 1.0,
    "m": 3,
    "n_t": 100,
    "seed": 101,
    "delta": 0.05,
    "alpha": 0.001,
    "M": 2000,
    "R": 100,
    "n": 500,
    "Delta_x": 0.02,
    "Delta_t": 0.0030303030303030303,
    "mcmc_n_steps": 10000,
    "mcmc_n_burn": 2000,
    "is_baseline": false
  },
  "status": "success",
  "dataset": {
    "kappa_star": [
      2.3073951969585615,
      2.4973365540384895,
      0.5996597926733394
    ],
    "n_observations": 500
  },
  "mcmc": {
    "acceptance_rate": 0.5361,
    "ess_min": 470.9380373810706,
    "ess_mean": 616.7398127025285,
    "ess_per_coord": [
      695.7862725073359,
      470.9380373810706,
      683.4951282191792
    ],
    "n_chunks": 2,
    "total_steps": 10000,
    "converged": true,
    "efficiency": 0.04709380373810706,
    "n_forward_evals": 10000
  },
  "certificate": {
    "L_hat": 341.2040152522305,
    "KL": 0.0,
    "eta_h": 0.0002,
    "delta_term": 0.011982929094215963,
    "B_lambda": 341.21619818132467,
    "components": {
      "empirical_term": 341.2040152522305,
      "kl_term": 0.0,
      "discretization_term": 0.0002,
      "confidence_term": 0.011982929094215963
    },
    "valid": true
  },
  "posterior_summary": {
    "mean": [
      2.565601426072644,
      3.461562944698138,
      1.0729593824587584
    ],
    "std": [
      0.06834292369754358,
      0.05993751346950264,
      0.04468286507367076
    ]
  },
  "performance": {
    "runtime": 79.51237487792969,
    "test_log_posterior": -515.4733712446625
  }
}