{
  "experiment_id": "s3_sigma0.1_nx100_T0.3_lam1.0_m3_seed303",
  "config": {
    "s": 3,
    "sensor_positions": [
      0.2,
      0.5,
      0.8
    ],
    "placement_type": "shifted",
    "sigma": 0.1,
    "n_x": 100,
    "T": 0.3,
    "lambda": 1.0,
    "c": 1.0,
    "m": 3,
    "n_t": 50,
    "seed": 303,
    "delta": 0.05,
    "alpha": 0.001,
    "M": 2000,
    "R": 100,
    "n": 150,
    "Delta_x": 0.01,
    "Delta_t": 0.006122448979591836,
    "mcmc_n_steps": 10000,
    "mcmc_n_burn": 2000,
    "is_baseline": false
  },
  "status": "success",
  "dataset": {
    "kappa_star": [
      3.12551948199565,
      1.4836227496566199,
      2.427779995862962
    ],
    "n_observations": 150
  },
  "mcmc": {
    "acceptance_rate": 0.5408,
    "ess_min": 547.9890386986219,
    "ess_mean": 635.1542625445853,
    "ess_per_coord": [
      547.9890386986219,
      621.921818296407,
      735.551930638727
    ],
    "n_chunks": 2,
    "total_steps": 10000,
    "converged": true,
    "efficiency": 0.05479890386986219,
    "n_forward_evals": 10000
  },
  "certificate": {
    "L_hat": 206.3880835293793,
    "KL": 0.0,
    "eta_h": 5e-05,
    "delta_term": 0.01997154849035994,
    "B_lambda": 206.40810507786964,
    "components": {
      "empirical_term": 206.3880835293793,
      "kl_term": 0.0,
      "discretization_term": 5e-05,
      "confidence_term": 0.01997154849035994
    },
    "valid": true
  },
  "posterior_summary": {
    "mean": [
      3.5722227397548725,
      3.1701949259639743,
      2.888571797065332
    ],
    "std": [
      0.04693319189335008,
      0.027791110536996802,
      0.04954663675642845
    ]
  },
  "performance": {
    "runtime": 24.881232023239136,
    "test_log_posterior": -2941.8912134964644
  }
}