{
  "experiment_id": "s3_sigma0.1_nx50_T0.3_lam1.0_m5_seed101",
  "config": {
    "s": 3,
    "sensor_positions": [
      0.25,
      0.5,
      0.75
    ],
    "placement_type": "fixed",
    "sigma": 0.1,
    "n_x": 50,
    "T": 0.3,
    "lambda": 1.0,
    "c": 1.0,
    "m": 5,
    "n_t": 100,
    "seed": 101,
    "delta": 0.05,
    "alpha": 0.001,
    "M": 2000,
    "R": 100,
    "n": 300,
    "Delta_x": 0.02,
    "Delta_t": 0.0030303030303030303,
    "mcmc_n_steps": 10000,
    "mcmc_n_burn": 2000,
    "is_baseline": false
  },
  "status": "success",
  "dataset": {
    "kappa_star": [
      2.3073951969585615,
      2.4973365540384895,
      0.5996597926733394,
      1.1003257967878608,
      2.898469435940594
    ],
    "n_observations": 300
  },
  "mcmc": {
    "acceptance_rate": 0.5464333333333333,
    "ess_min": 188.38169494276727,
    "ess_mean": 369.5608590165821,
    "ess_per_coord": [
      546.530180442975,
      556.6297770802126,
      367.45713352636824,
      188.38169494276727,
      188.80550909058744
    ],
    "n_chunks": 8,
    "total_steps": 40000,
    "converged": false,
    "efficiency": 0.004709542373569181,
    "n_forward_evals": 40000
  },
  "certificate": {
    "L_hat": 326.9053598386266,
    "KL": 0.0,
    "eta_h": 0.0002,
    "delta_term": 0.00998577424517997,
    "B_lambda": 326.9155456128718,
    "components": {
      "empirical_term": 326.9053598386266,
      "kl_term": 0.0,
      "discretization_term": 0.0002,
      "confidence_term": 0.00998577424517997
    },
    "valid": true
  },
  "posterior_summary": {
    "mean": [
      3.0360067992972146,
      2.7989728129666105,
      2.2949148186429444,
      2.2673323441715567,
      2.3981590917443767
    ],
    "std": [
      0.09028481580740585,
      0.05598098389988578,
      0.03405764095570582,
      0.07582623888226797,
      0.135211187640579
    ]
  },
  "performance": {
    "runtime": 463.28463888168335,
    "test_log_posterior": -14499.458330804862
  }
}