{
  "experiment_id": "s3_sigma0.2_nx100_T0.3_lam2.0_m3_seed101",
  "config": {
    "s": 3,
    "sensor_positions": [
      0.25,
      0.5,
      0.75
    ],
    "placement_type": "fixed",
    "sigma": 0.2,
    "n_x": 100,
    "T": 0.3,
    "lambda": 2.0,
    "c": 1.0,
    "m": 3,
    "n_t": 50,
    "seed": 101,
    "delta": 0.05,
    "alpha": 0.001,
    "M": 2000,
    "R": 100,
    "n": 150,
    "Delta_x": 0.01,
    "Delta_t": 0.006122448979591836,
    "mcmc_n_steps": 10000,
    "mcmc_n_burn": 2000,
    "is_baseline": false
  },
  "status": "success",
  "dataset": {
    "kappa_star": [
      2.3073951969585615,
      2.4973365540384895,
      0.5996597926733394
    ],
    "n_observations": 150
  },
  "mcmc": {
    "acceptance_rate": 0.50975,
    "ess_min": 490.5907256096504,
    "ess_mean": 663.5043224773992,
    "ess_per_coord": [
      732.4525562832287,
      490.5907256096504,
      767.4696855393186
    ],
    "n_chunks": 2,
    "total_steps": 10000,
    "converged": true,
    "efficiency": 0.04905907256096504,
    "n_forward_evals": 10000
  },
  "certificate": {
    "L_hat": 115.57864940202231,
    "KL": 0.0,
    "eta_h": 5e-05,
    "delta_term": 0.00998577424517997,
    "B_lambda": 115.58868517626749,
    "components": {
      "empirical_term": 115.57864940202231,
      "kl_term": 0.0,
      "discretization_term": 5e-05,
      "confidence_term": 0.00998577424517997
    },
    "valid": true
  },
  "posterior_summary": {
    "mean": [
      3.012355088379693,
      3.4742769350516762,
      1.3005196237286083
    ],
    "std": [
      0.06248797289689837,
      0.048562480676328575,
      0.04397500754427057
    ]
  },
  "performance": {
    "runtime": 25.15091300010681,
    "test_log_posterior": -1031.4861088824844
  }
}