{
  "experiment_id": "s3_sigma0.2_nx50_T0.3_lam2.0_m3_seed202",
  "config": {
    "s": 3,
    "sensor_positions": [
      0.2,
      0.5,
      0.8
    ],
    "placement_type": "shifted",
    "sigma": 0.2,
    "n_x": 50,
    "T": 0.3,
    "lambda": 2.0,
    "c": 1.0,
    "m": 3,
    "n_t": 100,
    "seed": 202,
    "delta": 0.05,
    "alpha": 0.001,
    "M": 2000,
    "R": 100,
    "n": 300,
    "Delta_x": 0.02,
    "Delta_t": 0.0030303030303030303,
    "mcmc_n_steps": 10000,
    "mcmc_n_burn": 2000,
    "is_baseline": false
  },
  "status": "success",
  "dataset": {
    "kappa_star": [
      1.2847216299636934,
      1.4241900884838463,
      3.920764034845088
    ],
    "n_observations": 300
  },
  "mcmc": {
    "acceptance_rate": 0.5415000000000001,
    "ess_min": 637.4627064571673,
    "ess_mean": 678.8777609181649,
    "ess_per_coord": [
      637.4627064571673,
      652.4838077797178,
      746.6867685176095
    ],
    "n_chunks": 2,
    "total_steps": 10000,
    "converged": true,
    "efficiency": 0.06374627064571674,
    "n_forward_evals": 10000
  },
  "certificate": {
    "L_hat": 175.50829601020544,
    "KL": 0.0,
    "eta_h": 0.0002,
    "delta_term": 0.004992887122589985,
    "B_lambda": 175.51348889732805,
    "components": {
      "empirical_term": 175.50829601020544,
      "kl_term": 0.0,
      "discretization_term": 0.0002,
      "confidence_term": 0.004992887122589985
    },
    "valid": true
  },
  "posterior_summary": {
    "mean": [
      1.7330738748031913,
      2.9281684757993465,
      4.232152732007971
    ],
    "std": [
      0.03314741889073719,
      0.028612450497723926,
      0.05382282389313593
    ]
  },
  "performance": {
    "runtime": 47.34773898124695,
    "test_log_posterior": -2621.0794310537362
  }
}