{
  "experiment_id": "s5_sigma0.05_nx50_T0.5_lam2.0_m3_seed303",
  "config": {
    "s": 5,
    "sensor_positions": [
      0.1,
      0.3,
      0.5,
      0.7,
      0.9
    ],
    "placement_type": "fixed",
    "sigma": 0.05,
    "n_x": 50,
    "T": 0.5,
    "lambda": 2.0,
    "c": 1.0,
    "m": 3,
    "n_t": 50,
    "seed": 303,
    "delta": 0.05,
    "alpha": 0.001,
    "M": 2000,
    "R": 100,
    "n": 250,
    "Delta_x": 0.02,
    "Delta_t": 0.01020408163265306,
    "mcmc_n_steps": 10000,
    "mcmc_n_burn": 2000,
    "is_baseline": false
  },
  "status": "success",
  "dataset": {
    "kappa_star": [
      3.12551948199565,
      1.4836227496566199,
      2.427779995862962
    ],
    "n_observations": 250
  },
  "mcmc": {
    "acceptance_rate": 0.54825,
    "ess_min": 579.7791252836969,
    "ess_mean": 611.922185312561,
    "ess_per_coord": [
      604.0043929131672,
      579.7791252836969,
      651.9830377408192
    ],
    "n_chunks": 2,
    "total_steps": 10000,
    "converged": true,
    "efficiency": 0.05797791252836969,
    "n_forward_evals": 10000
  },
  "certificate": {
    "L_hat": 1191.1178659684413,
    "KL": 0.0,
    "eta_h": 0.0002,
    "delta_term": 0.0059914645471079815,
    "B_lambda": 1191.1240574329884,
    "components": {
      "empirical_term": 1191.1178659684413,
      "kl_term": 0.0,
      "discretization_term": 0.0002,
      "confidence_term": 0.0059914645471079815
    },
    "valid": true
  },
  "posterior_summary": {
    "mean": [
      2.745033257808769,
      3.128387402886296,
      2.2486007072780883
    ],
    "std": [
      0.014601861164239048,
      0.0114553534412764,
      0.01356611129165244
    ]
  },
  "performance": {
    "runtime": 28.294827938079834,
    "test_log_posterior": -15689.961184760316
  }
}