{
  "experiment_id": "s3_sigma0.1_nx100_T0.5_lam1.0_m3_seed101",
  "config": {
    "s": 3,
    "sensor_positions": [
      0.25,
      0.5,
      0.75
    ],
    "placement_type": "fixed",
    "sigma": 0.1,
    "n_x": 100,
    "T": 0.5,
    "lambda": 1.0,
    "c": 1.0,
    "m": 3,
    "n_t": 50,
    "seed": 101,
    "delta": 0.05,
    "alpha": 0.001,
    "M": 2000,
    "R": 100,
    "n": 150,
    "Delta_x": 0.01,
    "Delta_t": 0.01020408163265306,
    "mcmc_n_steps": 10000,
    "mcmc_n_burn": 2000,
    "is_baseline": false
  },
  "status": "success",
  "dataset": {
    "kappa_star": [
      2.3073951969585615,
      2.4973365540384895,
      0.5996597926733394
    ],
    "n_observations": 150
  },
  "mcmc": {
    "acceptance_rate": 0.52045,
    "ess_min": 660.1341517193929,
    "ess_mean": 696.2032849360083,
    "ess_per_coord": [
      671.1438687249408,
      660.1341517193929,
      757.3318343636911
    ],
    "n_chunks": 2,
    "total_steps": 10000,
    "converged": true,
    "efficiency": 0.06601341517193929,
    "n_forward_evals": 10000
  },
  "certificate": {
    "L_hat": 387.9798183059559,
    "KL": 0.0,
    "eta_h": 5e-05,
    "delta_term": 0.01997154849035994,
    "B_lambda": 387.99983985444624,
    "components": {
      "empirical_term": 387.9798183059559,
      "kl_term": 0.0,
      "discretization_term": 5e-05,
      "confidence_term": 0.01997154849035994
    },
    "valid": true
  },
  "posterior_summary": {
    "mean": [
      2.979631311461914,
      3.3402608940482406,
      1.336139550773983
    ],
    "std": [
      0.04942942583358266,
      0.0323968049617368,
      0.03804846925910107
    ]
  },
  "performance": {
    "runtime": 18.195850133895874,
    "test_log_posterior": -1346.1083768714443
  }
}