{
  "experiment_id": "s5_sigma0.2_nx50_T0.3_lam2.0_m5_seed202",
  "config": {
    "s": 5,
    "sensor_positions": [
      0.2,
      0.35,
      0.5,
      0.65,
      0.8
    ],
    "placement_type": "shifted",
    "sigma": 0.2,
    "n_x": 50,
    "T": 0.3,
    "lambda": 2.0,
    "c": 1.0,
    "m": 5,
    "n_t": 50,
    "seed": 202,
    "delta": 0.05,
    "alpha": 0.001,
    "M": 2000,
    "R": 100,
    "n": 250,
    "Delta_x": 0.02,
    "Delta_t": 0.006122448979591836,
    "mcmc_n_steps": 10000,
    "mcmc_n_burn": 2000,
    "is_baseline": false
  },
  "status": "success",
  "dataset": {
    "kappa_star": [
      1.2847216299636934,
      1.4241900884838463,
      3.920764034845088,
      3.9752807832159958,
      3.9824723567684557
    ],
    "n_observations": 250
  },
  "mcmc": {
    "acceptance_rate": 0.22373333333333334,
    "ess_min": 448.49340612347066,
    "ess_mean": 925.4019950894137,
    "ess_per_coord": [
      670.868693995176,
      448.49340612347066,
      753.1357294448235,
      747.6094083030243,
      2006.9027375805745
    ],
    "n_chunks": 4,
    "total_steps": 20000,
    "converged": true,
    "efficiency": 0.02242467030617353,
    "n_forward_evals": 20000
  },
  "certificate": {
    "L_hat": 1308.571692497529,
    "KL": 0.0,
    "eta_h": 0.0002,
    "delta_term": 0.0059914645471079815,
    "B_lambda": 1308.5778839620762,
    "components": {
      "empirical_term": 1308.571692497529,
      "kl_term": 0.0,
      "discretization_term": 0.0002,
      "confidence_term": 0.0059914645471079815
    },
    "valid": true
  },
  "posterior_summary": {
    "mean": [
      0.678860949895245,
      4.0878935054132,
      4.998175930095356,
      4.99771572910069,
      4.275186105714375
    ],
    "std": [
      0.04298287540646561,
      0.054661367383560054,
      0.0017332673583817907,
      0.0020743201012921484,
      0.07344351975123951
    ]
  },
  "performance": {
    "runtime": 115.41615509986877,
    "test_log_posterior": -9481.8478890736
  }
}