{
  "experiment_id": "s5_sigma0.2_nx100_T0.3_lam2.0_m3_seed101",
  "config": {
    "s": 5,
    "sensor_positions": [
      0.2,
      0.35,
      0.5,
      0.65,
      0.8
    ],
    "placement_type": "shifted",
    "sigma": 0.2,
    "n_x": 100,
    "T": 0.3,
    "lambda": 2.0,
    "c": 1.0,
    "m": 3,
    "n_t": 50,
    "seed": 101,
    "delta": 0.05,
    "alpha": 0.001,
    "M": 2000,
    "R": 100,
    "n": 250,
    "Delta_x": 0.01,
    "Delta_t": 0.006122448979591836,
    "mcmc_n_steps": 10000,
    "mcmc_n_burn": 2000,
    "is_baseline": false
  },
  "status": "success",
  "dataset": {
    "kappa_star": [
      2.3073951969585615,
      2.4973365540384895,
      0.5996597926733394
    ],
    "n_observations": 250
  },
  "mcmc": {
    "acceptance_rate": 0.5122,
    "ess_min": 508.41220792899554,
    "ess_mean": 541.7600693914251,
    "ess_per_coord": [
      549.0934411526471,
      508.41220792899554,
      567.7745590926328
    ],
    "n_chunks": 2,
    "total_steps": 10000,
    "converged": true,
    "efficiency": 0.05084122079289955,
    "n_forward_evals": 10000
  },
  "certificate": {
    "L_hat": 329.63931815747577,
    "KL": 0.0,
    "eta_h": 5e-05,
    "delta_term": 0.0059914645471079815,
    "B_lambda": 329.64535962202285,
    "components": {
      "empirical_term": 329.63931815747577,
      "kl_term": 0.0,
      "discretization_term": 5e-05,
      "confidence_term": 0.0059914645471079815
    },
    "valid": true
  },
  "posterior_summary": {
    "mean": [
      3.0678306182834763,
      2.795933943000798,
      0.9253011994431556
    ],
    "std": [
      0.05464162068174996,
      0.028050699023888077,
      0.04067236910012774
    ]
  },
  "performance": {
    "runtime": 40.66320776939392,
    "test_log_posterior": -1008.4347148228458
  }
}