{
  "experiment_id": "s3_sigma0.05_nx100_T0.5_lam1.0_m3_seed303",
  "config": {
    "s": 3,
    "sensor_positions": [
      0.25,
      0.5,
      0.75
    ],
    "placement_type": "fixed",
    "sigma": 0.05,
    "n_x": 100,
    "T": 0.5,
    "lambda": 1.0,
    "c": 1.0,
    "m": 3,
    "n_t": 100,
    "seed": 303,
    "delta": 0.05,
    "alpha": 0.001,
    "M": 2000,
    "R": 100,
    "n": 300,
    "Delta_x": 0.01,
    "Delta_t": 0.005050505050505051,
    "mcmc_n_steps": 10000,
    "mcmc_n_burn": 2000,
    "is_baseline": false
  },
  "status": "success",
  "dataset": {
    "kappa_star": [
      3.12551948199565,
      1.4836227496566199,
      2.427779995862962
    ],
    "n_observations": 300
  },
  "mcmc": {
    "acceptance_rate": 0.4832,
    "ess_min": 576.1008177207657,
    "ess_mean": 769.585956291298,
    "ess_per_coord": [
      576.1008177207657,
      700.1564846530976,
      1032.500566500031
    ],
    "n_chunks": 2,
    "total_steps": 10000,
    "converged": true,
    "efficiency": 0.05761008177207657,
    "n_forward_evals": 10000
  },
  "certificate": {
    "L_hat": 2580.5262083785597,
    "KL": 0.0,
    "eta_h": 5e-05,
    "delta_term": 0.00998577424517997,
    "B_lambda": 2580.536244152805,
    "components": {
      "empirical_term": 2580.5262083785597,
      "kl_term": 0.0,
      "discretization_term": 5e-05,
      "confidence_term": 0.00998577424517997
    },
    "valid": true
  },
  "posterior_summary": {
    "mean": [
      3.2330408033990583,
      3.1178612725743697,
      2.6509217948106585
    ],
    "std": [
      0.017765962831067152,
      0.0109986762716093,
      0.015766627092889403
    ]
  },
  "performance": {
    "runtime": 48.1191611289978,
    "test_log_posterior": -16527.72570705154
  }
}