{
  "experiment_id": "s3_sigma0.2_nx50_T0.3_lam2.0_m5_seed101",
  "config": {
    "s": 3,
    "sensor_positions": [
      0.25,
      0.5,
      0.75
    ],
    "placement_type": "fixed",
    "sigma": 0.2,
    "n_x": 50,
    "T": 0.3,
    "lambda": 2.0,
    "c": 1.0,
    "m": 5,
    "n_t": 100,
    "seed": 101,
    "delta": 0.05,
    "alpha": 0.001,
    "M": 2000,
    "R": 100,
    "n": 300,
    "Delta_x": 0.02,
    "Delta_t": 0.0030303030303030303,
    "mcmc_n_steps": 10000,
    "mcmc_n_burn": 2000,
    "is_baseline": false
  },
  "status": "success",
  "dataset": {
    "kappa_star": [
      2.3073951969585615,
      2.4973365540384895,
      0.5996597926733394,
      1.1003257967878608,
      2.898469435940594
    ],
    "n_observations": 300
  },
  "mcmc": {
    "acceptance_rate": 0.4042666666666667,
    "ess_min": 265.5861723111576,
    "ess_mean": 534.7846994526444,
    "ess_per_coord": [
      1051.8009422957696,
      749.8842868001213,
      330.5258658823067,
      265.5861723111576,
      276.1262299738667
    ],
    "n_chunks": 8,
    "total_steps": 40000,
    "converged": false,
    "efficiency": 0.00663965430777894,
    "n_forward_evals": 40000
  },
  "certificate": {
    "L_hat": 189.68940346199,
    "KL": 0.0,
    "eta_h": 0.0002,
    "delta_term": 0.004992887122589985,
    "B_lambda": 189.6945963491126,
    "components": {
      "empirical_term": 189.68940346199,
      "kl_term": 0.0,
      "discretization_term": 0.0002,
      "confidence_term": 0.004992887122589985
    },
    "valid": true
  },
  "posterior_summary": {
    "mean": [
      3.0169811144189014,
      2.832866572037698,
      2.295765522679188,
      2.260842742088448,
      2.3977748533712737
    ],
    "std": [
      0.1403967348350542,
      0.08190311354606232,
      0.04666561953088129,
      0.0950367628200055,
      0.16784199648076722
    ]
  },
  "performance": {
    "runtime": 474.422404050827,
    "test_log_posterior": -7493.205883128104
  }
}