{
  "experiment_id": "s3_sigma0.2_nx100_T0.5_lam2.0_m3_seed101",
  "config": {
    "s": 3,
    "sensor_positions": [
      0.25,
      0.5,
      0.75
    ],
    "placement_type": "fixed",
    "sigma": 0.2,
    "n_x": 100,
    "T": 0.5,
    "lambda": 2.0,
    "c": 1.0,
    "m": 3,
    "n_t": 50,
    "seed": 101,
    "delta": 0.05,
    "alpha": 0.001,
    "M": 2000,
    "R": 100,
    "n": 150,
    "Delta_x": 0.01,
    "Delta_t": 0.01020408163265306,
    "mcmc_n_steps": 10000,
    "mcmc_n_burn": 2000,
    "is_baseline": false
  },
  "status": "success",
  "dataset": {
    "kappa_star": [
      2.3073951969585615,
      2.4973365540384895,
      0.5996597926733394
    ],
    "n_observations": 150
  },
  "mcmc": {
    "acceptance_rate": 0.5562,
    "ess_min": 513.5752366040675,
    "ess_mean": 638.9357422676948,
    "ess_per_coord": [
      513.5752366040675,
      709.6059352222228,
      693.6260549767939
    ],
    "n_chunks": 2,
    "total_steps": 10000,
    "converged": true,
    "efficiency": 0.05135752366040675,
    "n_forward_evals": 10000
  },
  "certificate": {
    "L_hat": 154.88072251661413,
    "KL": 0.0,
    "eta_h": 5e-05,
    "delta_term": 0.00998577424517997,
    "B_lambda": 154.89075829085928,
    "components": {
      "empirical_term": 154.88072251661413,
      "kl_term": 0.0,
      "discretization_term": 5e-05,
      "confidence_term": 0.00998577424517997
    },
    "valid": true
  },
  "posterior_summary": {
    "mean": [
      2.986273944437846,
      3.3410064185657276,
      1.3559424980115762
    ],
    "std": [
      0.06467174279576358,
      0.054006095125006676,
      0.047352433287365624
    ]
  },
  "performance": {
    "runtime": 24.93691062927246,
    "test_log_posterior": -802.9075387775671
  }
}