{
  "experiment_id": "s3_sigma0.05_nx50_T0.3_lam1.0_m3_seed303",
  "config": {
    "s": 3,
    "sensor_positions": [
      0.2,
      0.5,
      0.8
    ],
    "placement_type": "shifted",
    "sigma": 0.05,
    "n_x": 50,
    "T": 0.3,
    "lambda": 1.0,
    "c": 1.0,
    "m": 3,
    "n_t": 100,
    "seed": 303,
    "delta": 0.05,
    "alpha": 0.001,
    "M": 2000,
    "R": 100,
    "n": 300,
    "Delta_x": 0.02,
    "Delta_t": 0.0030303030303030303,
    "mcmc_n_steps": 10000,
    "mcmc_n_burn": 2000,
    "is_baseline": false
  },
  "status": "success",
  "dataset": {
    "kappa_star": [
      3.12551948199565,
      1.4836227496566199,
      2.427779995862962
    ],
    "n_observations": 300
  },
  "mcmc": {
    "acceptance_rate": 0.56055,
    "ess_min": 503.49307860621553,
    "ess_mean": 599.3219832257299,
    "ess_per_coord": [
      615.1891538524129,
      503.49307860621553,
      679.283717218561
    ],
    "n_chunks": 2,
    "total_steps": 10000,
    "converged": true,
    "efficiency": 0.050349307860621556,
    "n_forward_evals": 10000
  },
  "certificate": {
    "L_hat": 1437.4245578137243,
    "KL": 0.0,
    "eta_h": 0.0002,
    "delta_term": 0.00998577424517997,
    "B_lambda": 1437.4347435879695,
    "components": {
      "empirical_term": 1437.4245578137243,
      "kl_term": 0.0,
      "discretization_term": 0.0002,
      "confidence_term": 0.00998577424517997
    },
    "valid": true
  },
  "posterior_summary": {
    "mean": [
      3.5812354673171973,
      3.1597293629310883,
      2.900721534029321
    ],
    "std": [
      0.019419661658279012,
      0.010284537582466642,
      0.016889925489874617
    ]
  },
  "performance": {
    "runtime": 47.423651933670044,
    "test_log_posterior": -23191.970276003045
  }
}