{
  "experiment_id": "s3_sigma0.2_nx100_T0.5_lam1.0_m5_seed101",
  "config": {
    "s": 3,
    "sensor_positions": [
      0.2,
      0.5,
      0.8
    ],
    "placement_type": "shifted",
    "sigma": 0.2,
    "n_x": 100,
    "T": 0.5,
    "lambda": 1.0,
    "c": 1.0,
    "m": 5,
    "n_t": 100,
    "seed": 101,
    "delta": 0.05,
    "alpha": 0.001,
    "M": 2000,
    "R": 100,
    "n": 300,
    "Delta_x": 0.01,
    "Delta_t": 0.005050505050505051,
    "mcmc_n_steps": 10000,
    "mcmc_n_burn": 2000,
    "is_baseline": false
  },
  "status": "success",
  "dataset": {
    "kappa_star": [
      2.3073951969585615,
      2.4973365540384895,
      0.5996597926733394,
      1.1003257967878608,
      2.898469435940594
    ],
    "n_observations": 300
  },
  "mcmc": {
    "acceptance_rate": 0.4436857142857143,
    "ess_min": 413.05096112629315,
    "ess_mean": 477.12504824552735,
    "ess_per_coord": [
      581.5660053000067,
      532.7970315879741,
      416.53254328036627,
      413.05096112629315,
      441.6786999329965
    ],
    "n_chunks": 7,
    "total_steps": 35000,
    "converged": true,
    "efficiency": 0.011801456032179804,
    "n_forward_evals": 35000
  },
  "certificate": {
    "L_hat": 197.56240665268533,
    "KL": 0.0,
    "eta_h": 5e-05,
    "delta_term": 0.00998577424517997,
    "B_lambda": 197.57244242693048,
    "components": {
      "empirical_term": 197.56240665268533,
      "kl_term": 0.0,
      "discretization_term": 5e-05,
      "confidence_term": 0.00998577424517997
    },
    "valid": true
  },
  "posterior_summary": {
    "mean": [
      2.078935107284896,
      2.4189748915863416,
      2.411988117557323,
      2.4888737677218,
      1.2375405946120654
    ],
    "std": [
      0.16449006982727046,
      0.16030690285709961,
      0.06872731312449383,
      0.14056259957800366,
      0.1071195188602387
    ]
  },
  "performance": {
    "runtime": 382.88426899909973,
    "test_log_posterior": -2234.4026875231516
  }
}