{
  "experiment_id": "s3_sigma0.2_nx100_T0.3_lam1.0_m5_seed101",
  "config": {
    "s": 3,
    "sensor_positions": [
      0.25,
      0.5,
      0.75
    ],
    "placement_type": "fixed",
    "sigma": 0.2,
    "n_x": 100,
    "T": 0.3,
    "lambda": 1.0,
    "c": 1.0,
    "m": 5,
    "n_t": 100,
    "seed": 101,
    "delta": 0.05,
    "alpha": 0.001,
    "M": 2000,
    "R": 100,
    "n": 300,
    "Delta_x": 0.01,
    "Delta_t": 0.0030303030303030303,
    "mcmc_n_steps": 10000,
    "mcmc_n_burn": 2000,
    "is_baseline": false
  },
  "status": "success",
  "dataset": {
    "kappa_star": [
      2.3073951969585615,
      2.4973365540384895,
      0.5996597926733394,
      1.1003257967878608,
      2.898469435940594
    ],
    "n_observations": 300
  },
  "mcmc": {
    "acceptance_rate": 0.43293333333333334,
    "ess_min": 282.7753202610787,
    "ess_mean": 506.96513180318595,
    "ess_per_coord": [
      827.1247184558348,
      728.9228541975008,
      404.09191286908543,
      282.7753202610787,
      291.9108532324305
    ],
    "n_chunks": 8,
    "total_steps": 40000,
    "converged": false,
    "efficiency": 0.007069383006526968,
    "n_forward_evals": 40000
  },
  "certificate": {
    "L_hat": 190.97992279548038,
    "KL": 0.0,
    "eta_h": 5e-05,
    "delta_term": 0.00998577424517997,
    "B_lambda": 190.98995856972553,
    "components": {
      "empirical_term": 190.97992279548038,
      "kl_term": 0.0,
      "discretization_term": 5e-05,
      "confidence_term": 0.00998577424517997
    },
    "valid": true
  },
  "posterior_summary": {
    "mean": [
      3.0913691225179,
      2.8015990304386174,
      2.29080097648585,
      2.3031977297663744,
      2.3370515356879267
    ],
    "std": [
      0.18657684528539314,
      0.1054883505966496,
      0.069556508583904,
      0.1769903234593091,
      0.3003201739462401
    ]
  },
  "performance": {
    "runtime": 459.0328230857849,
    "test_log_posterior": -3750.5760295768437
  }
}