{
  "experiment_id": "s3_sigma0.2_nx50_T0.5_lam1.0_m3_seed101",
  "config": {
    "s": 3,
    "sensor_positions": [
      0.25,
      0.5,
      0.75
    ],
    "placement_type": "fixed",
    "sigma": 0.2,
    "n_x": 50,
    "T": 0.5,
    "lambda": 1.0,
    "c": 1.0,
    "m": 3,
    "n_t": 100,
    "seed": 101,
    "delta": 0.05,
    "alpha": 0.001,
    "M": 2000,
    "R": 100,
    "n": 300,
    "Delta_x": 0.02,
    "Delta_t": 0.005050505050505051,
    "mcmc_n_steps": 10000,
    "mcmc_n_burn": 2000,
    "is_baseline": false
  },
  "status": "success",
  "dataset": {
    "kappa_star": [
      2.3073951969585615,
      2.4973365540384895,
      0.5996597926733394
    ],
    "n_observations": 300
  },
  "mcmc": {
    "acceptance_rate": 0.5613,
    "ess_min": 526.5191086892152,
    "ess_mean": 594.0564887134313,
    "ess_per_coord": [
      628.7635366058195,
      526.5191086892152,
      626.8868208452593
    ],
    "n_chunks": 2,
    "total_steps": 10000,
    "converged": true,
    "efficiency": 0.052651910868921514,
    "n_forward_evals": 10000
  },
  "certificate": {
    "L_hat": 293.52445530223054,
    "KL": 0.0,
    "eta_h": 0.0002,
    "delta_term": 0.00998577424517997,
    "B_lambda": 293.53464107647574,
    "components": {
      "empirical_term": 293.52445530223054,
      "kl_term": 0.0,
      "discretization_term": 0.0002,
      "confidence_term": 0.00998577424517997
    },
    "valid": true
  },
  "posterior_summary": {
    "mean": [
      2.9942142119910584,
      3.3610454113246884,
      1.3015071922900174
    ],
    "std": [
      0.06199282022525221,
      0.049321630017582906,
      0.0525097589348986
    ]
  },
  "performance": {
    "runtime": 50.284322023391724,
    "test_log_posterior": -764.2947926820443
  }
}