{
  "experiment_id": "s3_sigma0.1_nx50_T0.5_lam1.0_m5_seed202",
  "config": {
    "s": 3,
    "sensor_positions": [
      0.2,
      0.5,
      0.8
    ],
    "placement_type": "shifted",
    "sigma": 0.1,
    "n_x": 50,
    "T": 0.5,
    "lambda": 1.0,
    "c": 1.0,
    "m": 5,
    "n_t": 50,
    "seed": 202,
    "delta": 0.05,
    "alpha": 0.001,
    "M": 2000,
    "R": 100,
    "n": 150,
    "Delta_x": 0.02,
    "Delta_t": 0.01020408163265306,
    "mcmc_n_steps": 10000,
    "mcmc_n_burn": 2000,
    "is_baseline": false
  },
  "status": "success",
  "dataset": {
    "kappa_star": [
      1.2847216299636934,
      1.4241900884838463,
      3.920764034845088,
      3.9752807832159958,
      3.9824723567684557
    ],
    "n_observations": 150
  },
  "mcmc": {
    "acceptance_rate": 0.5408111111111111,
    "ess_min": 456.5906742170316,
    "ess_mean": 1407.384990867417,
    "ess_per_coord": [
      1886.7260750966157,
      1785.989843984919,
      1489.8940383315494,
      456.5906742170316,
      1417.7243227069682
    ],
    "n_chunks": 6,
    "total_steps": 30000,
    "converged": true,
    "efficiency": 0.01521968914056772,
    "n_forward_evals": 30000
  },
  "certificate": {
    "L_hat": 2345.5862681680383,
    "KL": 0.0,
    "eta_h": 0.0002,
    "delta_term": 0.01997154849035994,
    "B_lambda": 2345.6064397165287,
    "components": {
      "empirical_term": 2345.5862681680383,
      "kl_term": 0.0,
      "discretization_term": 0.0002,
      "confidence_term": 0.01997154849035994
    },
    "valid": true
  },
  "posterior_summary": {
    "mean": [
      0.8213272340520874,
      3.913897922964094,
      4.993462577714058,
      4.959390608609733,
      3.694324093106693
    ],
    "std": [
      0.03401533628497436,
      0.05668388341682696,
      0.007323682719956124,
      0.04236748815898305,
      0.07354736077886923
    ]
  },
  "performance": {
    "runtime": 173.93406176567078,
    "test_log_posterior": -5774.035808966459
  }
}