{
  "experiment_id": "s3_sigma0.1_nx100_T0.3_lam1.0_m5_seed303",
  "config": {
    "s": 3,
    "sensor_positions": [
      0.25,
      0.5,
      0.75
    ],
    "placement_type": "fixed",
    "sigma": 0.1,
    "n_x": 100,
    "T": 0.3,
    "lambda": 1.0,
    "c": 1.0,
    "m": 5,
    "n_t": 100,
    "seed": 303,
    "delta": 0.05,
    "alpha": 0.001,
    "M": 2000,
    "R": 100,
    "n": 300,
    "Delta_x": 0.01,
    "Delta_t": 0.0030303030303030303,
    "mcmc_n_steps": 10000,
    "mcmc_n_burn": 2000,
    "is_baseline": false
  },
  "status": "success",
  "dataset": {
    "kappa_star": [
      3.12551948199565,
      1.4836227496566199,
      2.427779995862962,
      3.3381215081208255,
      2.6741059937440994
    ],
    "n_observations": 300
  },
  "mcmc": {
    "acceptance_rate": 0.5346888888888889,
    "ess_min": 440.7886205527784,
    "ess_mean": 554.1839689489759,
    "ess_per_coord": [
      757.7506789597861,
      595.8307648979571,
      501.923943322906,
      440.7886205527784,
      474.62583701145235
    ],
    "n_chunks": 3,
    "total_steps": 15000,
    "converged": true,
    "efficiency": 0.029385908036851895,
    "n_forward_evals": 15000
  },
  "certificate": {
    "L_hat": 3455.9225775279983,
    "KL": 0.0,
    "eta_h": 5e-05,
    "delta_term": 0.00998577424517997,
    "B_lambda": 3455.9326133022437,
    "components": {
      "empirical_term": 3455.9225775279983,
      "kl_term": 0.0,
      "discretization_term": 5e-05,
      "confidence_term": 0.00998577424517997
    },
    "valid": true
  },
  "posterior_summary": {
    "mean": [
      2.830518303567034,
      3.6606226472432617,
      4.328538498071916,
      4.206416665720385,
      4.035519439593111
    ],
    "std": [
      0.06485789472102535,
      0.03767416597949527,
      0.028940790993632247,
      0.03695074834044898,
      0.06637140495442136
    ]
  },
  "performance": {
    "runtime": 112.33664393424988,
    "test_log_posterior": -23015.506748572207
  }
}