{
  "experiment_id": "s3_sigma0.2_nx50_T0.5_lam2.0_m3_seed101",
  "config": {
    "s": 3,
    "sensor_positions": [
      0.25,
      0.5,
      0.75
    ],
    "placement_type": "fixed",
    "sigma": 0.2,
    "n_x": 50,
    "T": 0.5,
    "lambda": 2.0,
    "c": 1.0,
    "m": 3,
    "n_t": 100,
    "seed": 101,
    "delta": 0.05,
    "alpha": 0.001,
    "M": 2000,
    "R": 100,
    "n": 300,
    "Delta_x": 0.02,
    "Delta_t": 0.005050505050505051,
    "mcmc_n_steps": 10000,
    "mcmc_n_burn": 2000,
    "is_baseline": false
  },
  "status": "success",
  "dataset": {
    "kappa_star": [
      2.3073951969585615,
      2.4973365540384895,
      0.5996597926733394
    ],
    "n_observations": 300
  },
  "mcmc": {
    "acceptance_rate": 0.53765,
    "ess_min": 564.4518399369772,
    "ess_mean": 679.1681067438014,
    "ess_per_coord": [
      651.5305772464438,
      564.4518399369772,
      821.5219030479832
    ],
    "n_chunks": 2,
    "total_steps": 10000,
    "converged": true,
    "efficiency": 0.05644518399369772,
    "n_forward_evals": 10000
  },
  "certificate": {
    "L_hat": 292.8216266141767,
    "KL": 0.0,
    "eta_h": 0.0002,
    "delta_term": 0.004992887122589985,
    "B_lambda": 292.82681950129927,
    "components": {
      "empirical_term": 292.8216266141767,
      "kl_term": 0.0,
      "discretization_term": 0.0002,
      "confidence_term": 0.004992887122589985
    },
    "valid": true
  },
  "posterior_summary": {
    "mean": [
      2.996024549582056,
      3.3583439800898236,
      1.3033289969316024
    ],
    "std": [
      0.046544259208828716,
      0.03828990682875303,
      0.03443814979450832
    ]
  },
  "performance": {
    "runtime": 47.48882985115051,
    "test_log_posterior": -1523.8218797487389
  }
}