{
  "experiment_id": "s3_sigma0.05_nx100_T0.5_lam2.0_m5_seed303",
  "config": {
    "s": 3,
    "sensor_positions": [
      0.2,
      0.5,
      0.8
    ],
    "placement_type": "shifted",
    "sigma": 0.05,
    "n_x": 100,
    "T": 0.5,
    "lambda": 2.0,
    "c": 1.0,
    "m": 5,
    "n_t": 50,
    "seed": 303,
    "delta": 0.05,
    "alpha": 0.001,
    "M": 2000,
    "R": 100,
    "n": 150,
    "Delta_x": 0.01,
    "Delta_t": 0.01020408163265306,
    "mcmc_n_steps": 10000,
    "mcmc_n_burn": 2000,
    "is_baseline": false
  },
  "status": "success",
  "dataset": {
    "kappa_star": [
      3.12551948199565,
      1.4836227496566199,
      2.427779995862962,
      3.3381215081208255,
      2.6741059937440994
    ],
    "n_observations": 150
  },
  "mcmc": {
    "acceptance_rate": 0.5209666666666667,
    "ess_min": 457.81796352341814,
    "ess_mean": 676.9771174906884,
    "ess_per_coord": [
      846.1117322561812,
      912.2922433865145,
      700.8829524183619,
      457.81796352341814,
      467.78069586896675
    ],
    "n_chunks": 4,
    "total_steps": 20000,
    "converged": true,
    "efficiency": 0.022890898176170908,
    "n_forward_evals": 20000
  },
  "certificate": {
    "L_hat": 6976.172415544684,
    "KL": 0.0,
    "eta_h": 5e-05,
    "delta_term": 0.00998577424517997,
    "B_lambda": 6976.1824513189285,
    "components": {
      "empirical_term": 6976.172415544684,
      "kl_term": 0.0,
      "discretization_term": 5e-05,
      "confidence_term": 0.00998577424517997
    },
    "valid": true
  },
  "posterior_summary": {
    "mean": [
      1.740075778802818,
      3.5853684882654546,
      4.186841904411583,
      3.8174611806705467,
      2.581438424153843
    ],
    "std": [
      0.019116075227848972,
      0.02316923375095408,
      0.015269101110037025,
      0.024740743712971285,
      0.025229452431810843
    ]
  },
  "performance": {
    "runtime": 70.32586598396301,
    "test_log_posterior": -44813.63196556781
  }
}