{
  "experiment_id": "s5_sigma0.05_nx100_T0.5_lam0.5_m5_seed303",
  "config": {
    "s": 5,
    "sensor_positions": [
      0.2,
      0.35,
      0.5,
      0.65,
      0.8
    ],
    "placement_type": "shifted",
    "sigma": 0.05,
    "n_x": 100,
    "T": 0.5,
    "lambda": 0.5,
    "c": 1.0,
    "m": 5,
    "n_t": 100,
    "seed": 303,
    "delta": 0.05,
    "alpha": 0.001,
    "M": 2000,
    "R": 100,
    "n": 500,
    "Delta_x": 0.01,
    "Delta_t": 0.005050505050505051,
    "mcmc_n_steps": 10000,
    "mcmc_n_burn": 2000,
    "is_baseline": false
  },
  "status": "success",
  "dataset": {
    "kappa_star": [
      3.12551948199565,
      1.4836227496566199,
      2.427779995862962,
      3.3381215081208255,
      2.6741059937440994
    ],
    "n_observations": 500
  },
  "mcmc": {
    "acceptance_rate": 0.5357999999999999,
    "ess_min": 543.9592055666842,
    "ess_mean": 671.5233887545021,
    "ess_per_coord": [
      777.6806524820408,
      747.3031713433298,
      665.41263662165,
      543.9592055666842,
      623.2612777588058
    ],
    "n_chunks": 3,
    "total_steps": 15000,
    "converged": true,
    "efficiency": 0.036263947037778944,
    "n_forward_evals": 15000
  },
  "certificate": {
    "L_hat": 30531.394302315144,
    "KL": 0.0,
    "eta_h": 5e-05,
    "delta_term": 0.011982929094215963,
    "B_lambda": 30531.406335244235,
    "components": {
      "empirical_term": 30531.394302315144,
      "kl_term": 0.0,
      "discretization_term": 5e-05,
      "confidence_term": 0.011982929094215963
    },
    "valid": true
  },
  "posterior_summary": {
    "mean": [
      2.0502498657378276,
      3.457082370329981,
      4.139897281574869,
      4.065172770359843,
      2.7536602013863205
    ],
    "std": [
      0.02259331540764404,
      0.01692471799936117,
      0.017785123738886233,
      0.02207153108173114,
      0.029995601295717267
    ]
  },
  "performance": {
    "runtime": 170.60176992416382,
    "test_log_posterior": -48407.64446936076
  }
}