{
  "experiment_id": "s3_sigma0.05_nx100_T0.5_lam0.5_m3_seed303",
  "config": {
    "s": 3,
    "sensor_positions": [
      0.2,
      0.5,
      0.8
    ],
    "placement_type": "shifted",
    "sigma": 0.05,
    "n_x": 100,
    "T": 0.5,
    "lambda": 0.5,
    "c": 1.0,
    "m": 3,
    "n_t": 50,
    "seed": 303,
    "delta": 0.05,
    "alpha": 0.001,
    "M": 2000,
    "R": 100,
    "n": 150,
    "Delta_x": 0.01,
    "Delta_t": 0.01020408163265306,
    "mcmc_n_steps": 10000,
    "mcmc_n_burn": 2000,
    "is_baseline": false
  },
  "status": "success",
  "dataset": {
    "kappa_star": [
      3.12551948199565,
      1.4836227496566199,
      2.427779995862962
    ],
    "n_observations": 150
  },
  "mcmc": {
    "acceptance_rate": 0.53215,
    "ess_min": 580.5692628414147,
    "ess_mean": 682.5884852274004,
    "ess_per_coord": [
      727.587631619439,
      580.5692628414147,
      739.6085612213477
    ],
    "n_chunks": 2,
    "total_steps": 10000,
    "converged": true,
    "efficiency": 0.05805692628414147,
    "n_forward_evals": 10000
  },
  "certificate": {
    "L_hat": 1239.8453438932224,
    "KL": 0.0,
    "eta_h": 5e-05,
    "delta_term": 0.03994309698071988,
    "B_lambda": 1239.8853369902033,
    "components": {
      "empirical_term": 1239.8453438932224,
      "kl_term": 0.0,
      "discretization_term": 5e-05,
      "confidence_term": 0.03994309698071988
    },
    "valid": true
  },
  "posterior_summary": {
    "mean": [
      3.5023160749801274,
      3.1023971231950553,
      2.886416827319493
    ],
    "std": [
      0.04131411552600658,
      0.021267351284272817,
      0.040566898639310095
    ]
  },
  "performance": {
    "runtime": 16.04845118522644,
    "test_log_posterior": -4122.12939572732
  }
}