{
  "experiment_id": "s3_sigma0.2_nx50_T0.5_lam2.0_m5_seed303",
  "config": {
    "s": 3,
    "sensor_positions": [
      0.2,
      0.5,
      0.8
    ],
    "placement_type": "shifted",
    "sigma": 0.2,
    "n_x": 50,
    "T": 0.5,
    "lambda": 2.0,
    "c": 1.0,
    "m": 5,
    "n_t": 100,
    "seed": 303,
    "delta": 0.05,
    "alpha": 0.001,
    "M": 2000,
    "R": 100,
    "n": 300,
    "Delta_x": 0.02,
    "Delta_t": 0.005050505050505051,
    "mcmc_n_steps": 10000,
    "mcmc_n_burn": 2000,
    "is_baseline": false
  },
  "status": "success",
  "dataset": {
    "kappa_star": [
      3.12551948199565,
      1.4836227496566199,
      2.427779995862962,
      3.3381215081208255,
      2.6741059937440994
    ],
    "n_observations": 300
  },
  "mcmc": {
    "acceptance_rate": 0.5219333333333334,
    "ess_min": 410.3107148928161,
    "ess_mean": 467.7339181619585,
    "ess_per_coord": [
      532.7547303744352,
      410.3107148928161,
      413.08610813551957,
      464.1072541484787,
      518.4107832585431
    ],
    "n_chunks": 3,
    "total_steps": 15000,
    "converged": true,
    "efficiency": 0.027354047659521076,
    "n_forward_evals": 15000
  },
  "certificate": {
    "L_hat": 992.3914468888768,
    "KL": 0.0,
    "eta_h": 0.0002,
    "delta_term": 0.004992887122589985,
    "B_lambda": 992.3966397759993,
    "components": {
      "empirical_term": 992.3914468888768,
      "kl_term": 0.0,
      "discretization_term": 0.0002,
      "confidence_term": 0.004992887122589985
    },
    "valid": true
  },
  "posterior_summary": {
    "mean": [
      1.7176703237881557,
      3.602780909934844,
      4.201102873648999,
      3.7254792117370705,
      2.585551709826124
    ],
    "std": [
      0.05902217503498817,
      0.06548975911763906,
      0.04202620232722627,
      0.07206916878734743,
      0.0731095854951518
    ]
  },
  "performance": {
    "runtime": 101.17388415336609,
    "test_log_posterior": -5717.1654761989
  }
}