{
  "experiment_id": "s5_sigma0.2_nx100_T0.5_lam0.5_m5_seed101",
  "config": {
    "s": 5,
    "sensor_positions": [
      0.1,
      0.3,
      0.5,
      0.7,
      0.9
    ],
    "placement_type": "fixed",
    "sigma": 0.2,
    "n_x": 100,
    "T": 0.5,
    "lambda": 0.5,
    "c": 1.0,
    "m": 5,
    "n_t": 100,
    "seed": 101,
    "delta": 0.05,
    "alpha": 0.001,
    "M": 2000,
    "R": 100,
    "n": 500,
    "Delta_x": 0.01,
    "Delta_t": 0.005050505050505051,
    "mcmc_n_steps": 10000,
    "mcmc_n_burn": 2000,
    "is_baseline": false
  },
  "status": "success",
  "dataset": {
    "kappa_star": [
      2.3073951969585615,
      2.4973365540384895,
      0.5996597926733394,
      1.1003257967878608,
      2.898469435940594
    ],
    "n_observations": 500
  },
  "mcmc": {
    "acceptance_rate": 0.5271333333333333,
    "ess_min": 514.2373233406213,
    "ess_mean": 772.0239696701772,
    "ess_per_coord": [
      1023.2874549732094,
      906.489525702295,
      824.8672882295153,
      514.2373233406213,
      591.2382561052444
    ],
    "n_chunks": 4,
    "total_steps": 20000,
    "converged": true,
    "efficiency": 0.025711866167031066,
    "n_forward_evals": 20000
  },
  "certificate": {
    "L_hat": 434.3917895532899,
    "KL": 0.0,
    "eta_h": 5e-05,
    "delta_term": 0.011982929094215963,
    "B_lambda": 434.4038224823841,
    "components": {
      "empirical_term": 434.3917895532899,
      "kl_term": 0.0,
      "discretization_term": 5e-05,
      "confidence_term": 0.011982929094215963
    },
    "valid": true
  },
  "posterior_summary": {
    "mean": [
      3.2400333556667413,
      2.875742808814691,
      2.3181162556783144,
      2.1836680542426903,
      2.944338453579176
    ],
    "std": [
      0.19358812771245587,
      0.0961126331390564,
      0.07629071636281494,
      0.09027173445307138,
      0.17260219756666104
    ]
  },
  "performance": {
    "runtime": 230.98431086540222,
    "test_log_posterior": -1821.759114804852
  }
}