{
  "experiment_id": "s3_sigma0.05_nx50_T0.3_lam0.5_m3_seed303",
  "config": {
    "s": 3,
    "sensor_positions": [
      0.2,
      0.5,
      0.8
    ],
    "placement_type": "shifted",
    "sigma": 0.05,
    "n_x": 50,
    "T": 0.3,
    "lambda": 0.5,
    "c": 1.0,
    "m": 3,
    "n_t": 50,
    "seed": 303,
    "delta": 0.05,
    "alpha": 0.001,
    "M": 2000,
    "R": 100,
    "n": 150,
    "Delta_x": 0.02,
    "Delta_t": 0.006122448979591836,
    "mcmc_n_steps": 10000,
    "mcmc_n_burn": 2000,
    "is_baseline": false
  },
  "status": "success",
  "dataset": {
    "kappa_star": [
      3.12551948199565,
      1.4836227496566199,
      2.427779995862962
    ],
    "n_observations": 150
  },
  "mcmc": {
    "acceptance_rate": 0.49105,
    "ess_min": 666.8607806982725,
    "ess_mean": 728.0005946147008,
    "ess_per_coord": [
      666.8607806982725,
      689.056767525024,
      828.0842356208063
    ],
    "n_chunks": 2,
    "total_steps": 10000,
    "converged": true,
    "efficiency": 0.06668607806982725,
    "n_forward_evals": 10000
  },
  "certificate": {
    "L_hat": 674.9614178751935,
    "KL": 0.0,
    "eta_h": 0.0002,
    "delta_term": 0.03994309698071988,
    "B_lambda": 675.0015609721742,
    "components": {
      "empirical_term": 674.9614178751935,
      "kl_term": 0.0,
      "discretization_term": 0.0002,
      "confidence_term": 0.03994309698071988
    },
    "valid": true
  },
  "posterior_summary": {
    "mean": [
      3.5713124885158964,
      3.16542586732324,
      2.8991058186005616
    ],
    "std": [
      0.038365094192087085,
      0.0205632111214047,
      0.03115298076913918
    ]
  },
  "performance": {
    "runtime": 25.199130058288574,
    "test_log_posterior": -5820.936020875655
  }
}