{
  "experiment_id": "s3_sigma0.2_nx50_T0.3_lam2.0_m5_seed202",
  "config": {
    "s": 3,
    "sensor_positions": [
      0.2,
      0.5,
      0.8
    ],
    "placement_type": "shifted",
    "sigma": 0.2,
    "n_x": 50,
    "T": 0.3,
    "lambda": 2.0,
    "c": 1.0,
    "m": 5,
    "n_t": 100,
    "seed": 202,
    "delta": 0.05,
    "alpha": 0.001,
    "M": 2000,
    "R": 100,
    "n": 300,
    "Delta_x": 0.02,
    "Delta_t": 0.0030303030303030303,
    "mcmc_n_steps": 10000,
    "mcmc_n_burn": 2000,
    "is_baseline": false
  },
  "status": "success",
  "dataset": {
    "kappa_star": [
      1.2847216299636934,
      1.4241900884838463,
      3.920764034845088,
      3.9752807832159958,
      3.9824723567684557
    ],
    "n_observations": 300
  },
  "mcmc": {
    "acceptance_rate": 0.3184222222222222,
    "ess_min": 407.82932781808654,
    "ess_mean": 729.4273438147891,
    "ess_per_coord": [
      474.54707173374175,
      407.82932781808654,
      833.1263496261333,
      737.4610932255256,
      1194.1728766704584
    ],
    "n_chunks": 3,
    "total_steps": 15000,
    "converged": true,
    "efficiency": 0.027188621854539102,
    "n_forward_evals": 15000
  },
  "certificate": {
    "L_hat": 1167.885617323456,
    "KL": 0.0,
    "eta_h": 0.0002,
    "delta_term": 0.004992887122589985,
    "B_lambda": 1167.8908102105786,
    "components": {
      "empirical_term": 1167.885617323456,
      "kl_term": 0.0,
      "discretization_term": 0.0002,
      "confidence_term": 0.004992887122589985
    },
    "valid": true
  },
  "posterior_summary": {
    "mean": [
      0.45542757055213345,
      4.455432489849568,
      4.997991124309342,
      4.9924333479787135,
      3.654248166201402
    ],
    "std": [
      0.029461675282356957,
      0.056045936456161724,
      0.0019655908682170253,
      0.007814799249093122,
      0.04987714696899504
    ]
  },
  "performance": {
    "runtime": 101.12471771240234,
    "test_log_posterior": -8324.849316506998
  }
}