{
  "experiment_id": "s5_sigma0.2_nx100_T0.5_lam2.0_m3_seed202",
  "config": {
    "s": 5,
    "sensor_positions": [
      0.2,
      0.35,
      0.5,
      0.65,
      0.8
    ],
    "placement_type": "shifted",
    "sigma": 0.2,
    "n_x": 100,
    "T": 0.5,
    "lambda": 2.0,
    "c": 1.0,
    "m": 3,
    "n_t": 100,
    "seed": 202,
    "delta": 0.05,
    "alpha": 0.001,
    "M": 2000,
    "R": 100,
    "n": 500,
    "Delta_x": 0.01,
    "Delta_t": 0.005050505050505051,
    "mcmc_n_steps": 10000,
    "mcmc_n_burn": 2000,
    "is_baseline": false
  },
  "status": "success",
  "dataset": {
    "kappa_star": [
      1.2847216299636934,
      1.4241900884838463,
      3.920764034845088
    ],
    "n_observations": 500
  },
  "mcmc": {
    "acceptance_rate": 0.51255,
    "ess_min": 493.93833825059056,
    "ess_mean": 627.8946591721424,
    "ess_per_coord": [
      662.8175202373451,
      493.93833825059056,
      726.9281190284913
    ],
    "n_chunks": 2,
    "total_steps": 10000,
    "converged": true,
    "efficiency": 0.049393833825059054,
    "n_forward_evals": 10000
  },
  "certificate": {
    "L_hat": 480.2177446108424,
    "KL": 0.0,
    "eta_h": 5e-05,
    "delta_term": 0.0029957322735539907,
    "B_lambda": 480.22079034311594,
    "components": {
      "empirical_term": 480.2177446108424,
      "kl_term": 0.0,
      "discretization_term": 5e-05,
      "confidence_term": 0.0029957322735539907
    },
    "valid": true
  },
  "posterior_summary": {
    "mean": [
      1.447855996564242,
      2.365362876475867,
      4.238409049472315
    ],
    "std": [
      0.036014004803111746,
      0.024290678005915202,
      0.06235117529639734
    ]
  },
  "performance": {
    "runtime": 79.12347912788391,
    "test_log_posterior": -2589.368010657265
  }
}