{
  "experiment_id": "s5_sigma0.2_nx100_T0.5_lam2.0_m5_seed303",
  "config": {
    "s": 5,
    "sensor_positions": [
      0.1,
      0.3,
      0.5,
      0.7,
      0.9
    ],
    "placement_type": "fixed",
    "sigma": 0.2,
    "n_x": 100,
    "T": 0.5,
    "lambda": 2.0,
    "c": 1.0,
    "m": 5,
    "n_t": 100,
    "seed": 303,
    "delta": 0.05,
    "alpha": 0.001,
    "M": 2000,
    "R": 100,
    "n": 500,
    "Delta_x": 0.01,
    "Delta_t": 0.005050505050505051,
    "mcmc_n_steps": 10000,
    "mcmc_n_burn": 2000,
    "is_baseline": false
  },
  "status": "success",
  "dataset": {
    "kappa_star": [
      3.12551948199565,
      1.4836227496566199,
      2.427779995862962,
      3.3381215081208255,
      2.6741059937440994
    ],
    "n_observations": 500
  },
  "mcmc": {
    "acceptance_rate": 0.5528444444444444,
    "ess_min": 536.168459977934,
    "ess_mean": 660.2029303275536,
    "ess_per_coord": [
      536.168459977934,
      644.5205750461862,
      646.6016073545974,
      657.1285339426792,
      816.5954753163717
    ],
    "n_chunks": 3,
    "total_steps": 15000,
    "converged": true,
    "efficiency": 0.03574456399852893,
    "n_forward_evals": 15000
  },
  "certificate": {
    "L_hat": 1943.7203411841026,
    "KL": 0.0,
    "eta_h": 5e-05,
    "delta_term": 0.0029957322735539907,
    "B_lambda": 1943.7233869163763,
    "components": {
      "empirical_term": 1943.7203411841026,
      "kl_term": 0.0,
      "discretization_term": 5e-05,
      "confidence_term": 0.0029957322735539907
    },
    "valid": true
  },
  "posterior_summary": {
    "mean": [
      3.3457159450771194,
      3.547920261261447,
      3.9931760593598025,
      4.173820375484574,
      4.170026937278327
    ],
    "std": [
      0.09591815942377613,
      0.0482328212439256,
      0.0356065047402726,
      0.04971401873051568,
      0.08145480213099328
    ]
  },
  "performance": {
    "runtime": 175.99198269844055,
    "test_log_posterior": -11263.088140179505
  }
}