{
  "experiment_id": "s3_sigma0.2_nx100_T0.3_lam0.5_m3_seed101",
  "config": {
    "s": 3,
    "sensor_positions": [
      0.2,
      0.5,
      0.8
    ],
    "placement_type": "shifted",
    "sigma": 0.2,
    "n_x": 100,
    "T": 0.3,
    "lambda": 0.5,
    "c": 1.0,
    "m": 3,
    "n_t": 50,
    "seed": 101,
    "delta": 0.05,
    "alpha": 0.001,
    "M": 2000,
    "R": 100,
    "n": 150,
    "Delta_x": 0.01,
    "Delta_t": 0.006122448979591836,
    "mcmc_n_steps": 10000,
    "mcmc_n_burn": 2000,
    "is_baseline": false
  },
  "status": "success",
  "dataset": {
    "kappa_star": [
      2.3073951969585615,
      2.4973365540384895,
      0.5996597926733394
    ],
    "n_observations": 150
  },
  "mcmc": {
    "acceptance_rate": 0.5441,
    "ess_min": 531.3069290548754,
    "ess_mean": 656.0858434926171,
    "ess_per_coord": [
      605.6606787739872,
      531.3069290548754,
      831.2899226489884
    ],
    "n_chunks": 2,
    "total_steps": 10000,
    "converged": true,
    "efficiency": 0.05313069290548753,
    "n_forward_evals": 10000
  },
  "certificate": {
    "L_hat": 116.33482058837637,
    "KL": 0.0,
    "eta_h": 5e-05,
    "delta_term": 0.03994309698071988,
    "B_lambda": 116.3748136853571,
    "components": {
      "empirical_term": 116.33482058837637,
      "kl_term": 0.0,
      "discretization_term": 5e-05,
      "confidence_term": 0.03994309698071988
    },
    "valid": true
  },
  "posterior_summary": {
    "mean": [
      3.166774427893431,
      3.468814152286689,
      1.3407336907670913
    ],
    "std": [
      0.1333173518018059,
      0.08986427238859818,
      0.1017085817781166
    ]
  },
  "performance": {
    "runtime": 15.550837993621826,
    "test_log_posterior": -231.03215412731703
  }
}