{
  "experiment_id": "s3_sigma0.1_nx50_T0.5_lam2.0_m5_seed303",
  "config": {
    "s": 3,
    "sensor_positions": [
      0.25,
      0.5,
      0.75
    ],
    "placement_type": "fixed",
    "sigma": 0.1,
    "n_x": 50,
    "T": 0.5,
    "lambda": 2.0,
    "c": 1.0,
    "m": 5,
    "n_t": 100,
    "seed": 303,
    "delta": 0.05,
    "alpha": 0.001,
    "M": 2000,
    "R": 100,
    "n": 300,
    "Delta_x": 0.02,
    "Delta_t": 0.005050505050505051,
    "mcmc_n_steps": 10000,
    "mcmc_n_burn": 2000,
    "is_baseline": false
  },
  "status": "success",
  "dataset": {
    "kappa_star": [
      3.12551948199565,
      1.4836227496566199,
      2.427779995862962,
      3.3381215081208255,
      2.6741059937440994
    ],
    "n_observations": 300
  },
  "mcmc": {
    "acceptance_rate": 0.5482444444444444,
    "ess_min": 453.2019045710703,
    "ess_mean": 581.411643166223,
    "ess_per_coord": [
      881.2389805197621,
      607.2477336989748,
      467.5570720844342,
      453.2019045710703,
      497.81252495687454
    ],
    "n_chunks": 3,
    "total_steps": 15000,
    "converged": true,
    "efficiency": 0.03021346030473802,
    "n_forward_evals": 15000
  },
  "certificate": {
    "L_hat": 4971.640227677815,
    "KL": 0.0,
    "eta_h": 0.0002,
    "delta_term": 0.004992887122589985,
    "B_lambda": 4971.645420564938,
    "components": {
      "empirical_term": 4971.640227677815,
      "kl_term": 0.0,
      "discretization_term": 0.0002,
      "confidence_term": 0.004992887122589985
    },
    "valid": true
  },
  "posterior_summary": {
    "mean": [
      2.9515973378213984,
      3.529047593153067,
      4.08649701850373,
      4.026861749970256,
      3.907143665699991
    ],
    "std": [
      0.042372368481874916,
      0.025359684897345757,
      0.022424130662432824,
      0.02937927429754765,
      0.04566242490832989
    ]
  },
  "performance": {
    "runtime": 105.27577805519104,
    "test_log_posterior": -32281.957532457247
  }
}