{
  "experiment_id": "s3_sigma0.1_nx50_T0.3_lam2.0_m5_seed303",
  "config": {
    "s": 3,
    "sensor_positions": [
      0.25,
      0.5,
      0.75
    ],
    "placement_type": "fixed",
    "sigma": 0.1,
    "n_x": 50,
    "T": 0.3,
    "lambda": 2.0,
    "c": 1.0,
    "m": 5,
    "n_t": 50,
    "seed": 303,
    "delta": 0.05,
    "alpha": 0.001,
    "M": 2000,
    "R": 100,
    "n": 150,
    "Delta_x": 0.02,
    "Delta_t": 0.006122448979591836,
    "mcmc_n_steps": 10000,
    "mcmc_n_burn": 2000,
    "is_baseline": false
  },
  "status": "success",
  "dataset": {
    "kappa_star": [
      3.12551948199565,
      1.4836227496566199,
      2.427779995862962,
      3.3381215081208255,
      2.6741059937440994
    ],
    "n_observations": 150
  },
  "mcmc": {
    "acceptance_rate": 0.5332222222222223,
    "ess_min": 455.3071918113167,
    "ess_mean": 492.87467910925005,
    "ess_per_coord": [
      576.9526876363344,
      462.7651501359576,
      510.13048080306504,
      455.3071918113167,
      459.2178851595764
    ],
    "n_chunks": 3,
    "total_steps": 15000,
    "converged": true,
    "efficiency": 0.030353812787421115,
    "n_forward_evals": 15000
  },
  "certificate": {
    "L_hat": 1640.1448764466393,
    "KL": 0.0,
    "eta_h": 0.0002,
    "delta_term": 0.00998577424517997,
    "B_lambda": 1640.1550622208845,
    "components": {
      "empirical_term": 1640.1448764466393,
      "kl_term": 0.0,
      "discretization_term": 0.0002,
      "confidence_term": 0.00998577424517997
    },
    "valid": true
  },
  "posterior_summary": {
    "mean": [
      2.814499100801977,
      3.6581972281029813,
      4.333512297592536,
      4.217974793059663,
      4.039612580432575
    ],
    "std": [
      0.07413165183020598,
      0.04369942132474116,
      0.029368165047736743,
      0.03789911211872115,
      0.06144667929641513
    ]
  },
  "performance": {
    "runtime": 265.77877140045166,
    "test_log_posterior": -23060.162367683395
  }
}