{
  "experiment_id": "s3_sigma0.2_nx100_T0.3_lam0.5_m3_seed303",
  "config": {
    "s": 3,
    "sensor_positions": [
      0.2,
      0.5,
      0.8
    ],
    "placement_type": "shifted",
    "sigma": 0.2,
    "n_x": 100,
    "T": 0.3,
    "lambda": 0.5,
    "c": 1.0,
    "m": 3,
    "n_t": 50,
    "seed": 303,
    "delta": 0.05,
    "alpha": 0.001,
    "M": 2000,
    "R": 100,
    "n": 150,
    "Delta_x": 0.01,
    "Delta_t": 0.006122448979591836,
    "mcmc_n_steps": 10000,
    "mcmc_n_burn": 2000,
    "is_baseline": false
  },
  "status": "success",
  "dataset": {
    "kappa_star": [
      3.12551948199565,
      1.4836227496566199,
      2.427779995862962
    ],
    "n_observations": 150
  },
  "mcmc": {
    "acceptance_rate": 0.49795,
    "ess_min": 543.2955907232495,
    "ess_mean": 722.1245332184347,
    "ess_per_coord": [
      543.2955907232495,
      804.5025143710798,
      818.5754945609751
    ],
    "n_chunks": 2,
    "total_steps": 10000,
    "converged": true,
    "efficiency": 0.054329559072324944,
    "n_forward_evals": 10000
  },
  "certificate": {
    "L_hat": 99.2709784500336,
    "KL": 0.0,
    "eta_h": 5e-05,
    "delta_term": 0.03994309698071988,
    "B_lambda": 99.31097154701432,
    "components": {
      "empirical_term": 99.2709784500336,
      "kl_term": 0.0,
      "discretization_term": 5e-05,
      "confidence_term": 0.03994309698071988
    },
    "valid": true
  },
  "posterior_summary": {
    "mean": [
      3.5749369591579256,
      3.170389843361863,
      2.8517735131109982
    ],
    "std": [
      0.1379005991885938,
      0.08345329863316707,
      0.13733184780586263
    ]
  },
  "performance": {
    "runtime": 15.658355951309204,
    "test_log_posterior": -392.4574878140898
  }
}