{
  "experiment_id": "s5_sigma0.1_nx50_T0.5_lam2.0_m3_seed101",
  "config": {
    "s": 5,
    "sensor_positions": [
      0.1,
      0.3,
      0.5,
      0.7,
      0.9
    ],
    "placement_type": "fixed",
    "sigma": 0.1,
    "n_x": 50,
    "T": 0.5,
    "lambda": 2.0,
    "c": 1.0,
    "m": 3,
    "n_t": 50,
    "seed": 101,
    "delta": 0.05,
    "alpha": 0.001,
    "M": 2000,
    "R": 100,
    "n": 250,
    "Delta_x": 0.02,
    "Delta_t": 0.01020408163265306,
    "mcmc_n_steps": 10000,
    "mcmc_n_burn": 2000,
    "is_baseline": false
  },
  "status": "success",
  "dataset": {
    "kappa_star": [
      2.3073951969585615,
      2.4973365540384895,
      0.5996597926733394
    ],
    "n_observations": 250
  },
  "mcmc": {
    "acceptance_rate": 0.5610999999999999,
    "ess_min": 623.0035327670377,
    "ess_mean": 689.7617119798384,
    "ess_per_coord": [
      662.8797300943118,
      623.0035327670377,
      783.4018730781656
    ],
    "n_chunks": 2,
    "total_steps": 10000,
    "converged": true,
    "efficiency": 0.06230035327670377,
    "n_forward_evals": 10000
  },
  "certificate": {
    "L_hat": 422.3453569841849,
    "KL": 0.0,
    "eta_h": 0.0002,
    "delta_term": 0.0059914645471079815,
    "B_lambda": 422.351548448732,
    "components": {
      "empirical_term": 422.3453569841849,
      "kl_term": 0.0,
      "discretization_term": 0.0002,
      "confidence_term": 0.0059914645471079815
    },
    "valid": true
  },
  "posterior_summary": {
    "mean": [
      2.593940164532498,
      3.347664258647418,
      1.1170495634535194
    ],
    "std": [
      0.026618874969743064,
      0.0250766780591277,
      0.019163458407031462
    ]
  },
  "performance": {
    "runtime": 40.058929204940796,
    "test_log_posterior": -2589.944156633233
  }
}