{
  "experiment_id": "s5_sigma0.05_nx100_T0.5_lam0.5_m5_seed101",
  "config": {
    "s": 5,
    "sensor_positions": [
      0.2,
      0.35,
      0.5,
      0.65,
      0.8
    ],
    "placement_type": "shifted",
    "sigma": 0.05,
    "n_x": 100,
    "T": 0.5,
    "lambda": 0.5,
    "c": 1.0,
    "m": 5,
    "n_t": 50,
    "seed": 101,
    "delta": 0.05,
    "alpha": 0.001,
    "M": 2000,
    "R": 100,
    "n": 250,
    "Delta_x": 0.01,
    "Delta_t": 0.01020408163265306,
    "mcmc_n_steps": 10000,
    "mcmc_n_burn": 2000,
    "is_baseline": false
  },
  "status": "success",
  "dataset": {
    "kappa_star": [
      2.3073951969585615,
      2.4973365540384895,
      0.5996597926733394,
      1.1003257967878608,
      2.898469435940594
    ],
    "n_observations": 250
  },
  "mcmc": {
    "acceptance_rate": 0.49245,
    "ess_min": 415.40613826439164,
    "ess_mean": 566.0002306268194,
    "ess_per_coord": [
      856.9287007064144,
      440.99196936632103,
      415.40613826439164,
      504.0010506185,
      612.6732941784697
    ],
    "n_chunks": 4,
    "total_steps": 20000,
    "converged": true,
    "efficiency": 0.020770306913219582,
    "n_forward_evals": 20000
  },
  "certificate": {
    "L_hat": 1420.905486727127,
    "KL": 0.0,
    "eta_h": 5e-05,
    "delta_term": 0.023965858188431926,
    "B_lambda": 1420.9295025853155,
    "components": {
      "empirical_term": 1420.905486727127,
      "kl_term": 0.0,
      "discretization_term": 5e-05,
      "confidence_term": 0.023965858188431926
    },
    "valid": true
  },
  "posterior_summary": {
    "mean": [
      1.8200834394503593,
      2.822895620069862,
      2.418833431934286,
      2.2288931580657114,
      1.4733310821370194
    ],
    "std": [
      0.044223555068502715,
      0.03232550989097371,
      0.025159777156395603,
      0.03218386181955552,
      0.042414226927525445
    ]
  },
  "performance": {
    "runtime": 185.32611203193665,
    "test_log_posterior": -15907.893809281335
  }
}