{
  "experiment_id": "s5_sigma0.05_nx50_T0.5_lam2.0_m5_seed202",
  "config": {
    "s": 5,
    "sensor_positions": [
      0.1,
      0.3,
      0.5,
      0.7,
      0.9
    ],
    "placement_type": "fixed",
    "sigma": 0.05,
    "n_x": 50,
    "T": 0.5,
    "lambda": 2.0,
    "c": 1.0,
    "m": 5,
    "n_t": 100,
    "seed": 202,
    "delta": 0.05,
    "alpha": 0.001,
    "M": 2000,
    "R": 100,
    "n": 500,
    "Delta_x": 0.02,
    "Delta_t": 0.005050505050505051,
    "mcmc_n_steps": 10000,
    "mcmc_n_burn": 2000,
    "is_baseline": false
  },
  "status": "success",
  "dataset": {
    "kappa_star": [
      1.2847216299636934,
      1.4241900884838463,
      3.920764034845088,
      3.9752807832159958,
      3.9824723567684557
    ],
    "n_observations": 500
  },
  "mcmc": {
    "acceptance_rate": 0.011791666666666666,
    "ess_min": 15.173649877055325,
    "ess_mean": 146.05286006759337,
    "ess_per_coord": [
      327.38298762455486,
      338.80919190256924,
      15.173649877055325,
      25.738171717163212,
      23.160299216624086
    ],
    "n_chunks": 8,
    "total_steps": 40000,
    "converged": false,
    "efficiency": 0.00037934124692638315,
    "n_forward_evals": 40000
  },
  "certificate": {
    "L_hat": 35775.291776743274,
    "KL": 0.0,
    "eta_h": 0.0002,
    "delta_term": 0.0029957322735539907,
    "B_lambda": 35775.29497247555,
    "components": {
      "empirical_term": 35775.291776743274,
      "kl_term": 0.0,
      "discretization_term": 0.0002,
      "confidence_term": 0.0029957322735539907
    },
    "valid": true
  },
  "posterior_summary": {
    "mean": [
      2.2248162910191684,
      3.6652443828469723,
      4.998901104562749,
      4.999686751558833,
      4.999695579336209
    ],
    "std": [
      0.018042348560526486,
      0.009419791096410291,
      0.001674406611688273,
      0.0008633117814266644,
      0.00010146854658436792
    ]
  },
  "performance": {
    "runtime": 511.6326298713684,
    "test_log_posterior": -184183.369955513
  }
}