{
  "experiment_id": "s3_sigma0.05_nx100_T0.5_lam1.0_m3_seed101",
  "config": {
    "s": 3,
    "sensor_positions": [
      0.25,
      0.5,
      0.75
    ],
    "placement_type": "fixed",
    "sigma": 0.05,
    "n_x": 100,
    "T": 0.5,
    "lambda": 1.0,
    "c": 1.0,
    "m": 3,
    "n_t": 50,
    "seed": 101,
    "delta": 0.05,
    "alpha": 0.001,
    "M": 2000,
    "R": 100,
    "n": 150,
    "Delta_x": 0.01,
    "Delta_t": 0.01020408163265306,
    "mcmc_n_steps": 10000,
    "mcmc_n_burn": 2000,
    "is_baseline": false
  },
  "status": "success",
  "dataset": {
    "kappa_star": [
      2.3073951969585615,
      2.4973365540384895,
      0.5996597926733394
    ],
    "n_observations": 150
  },
  "mcmc": {
    "acceptance_rate": 0.53445,
    "ess_min": 584.2700135848394,
    "ess_mean": 695.4377392044324,
    "ess_per_coord": [
      730.8168385958262,
      584.2700135848394,
      771.2263654326317
    ],
    "n_chunks": 2,
    "total_steps": 10000,
    "converged": true,
    "efficiency": 0.058427001358483936,
    "n_forward_evals": 10000
  },
  "certificate": {
    "L_hat": 1290.675765137471,
    "KL": 0.0,
    "eta_h": 5e-05,
    "delta_term": 0.01997154849035994,
    "B_lambda": 1290.6957866859614,
    "components": {
      "empirical_term": 1290.675765137471,
      "kl_term": 0.0,
      "discretization_term": 5e-05,
      "confidence_term": 0.01997154849035994
    },
    "valid": true
  },
  "posterior_summary": {
    "mean": [
      2.974930346874095,
      3.3347234250243503,
      1.3326312254503723
    ],
    "std": [
      0.023113169227363266,
      0.01866122052778353,
      0.017294416227245736
    ]
  },
  "performance": {
    "runtime": 28.690794944763184,
    "test_log_posterior": -5064.244025175229
  }
}