{
  "experiment_id": "s3_sigma0.05_nx100_T0.5_lam2.0_m3_seed303",
  "config": {
    "s": 3,
    "sensor_positions": [
      0.2,
      0.5,
      0.8
    ],
    "placement_type": "shifted",
    "sigma": 0.05,
    "n_x": 100,
    "T": 0.5,
    "lambda": 2.0,
    "c": 1.0,
    "m": 3,
    "n_t": 50,
    "seed": 303,
    "delta": 0.05,
    "alpha": 0.001,
    "M": 2000,
    "R": 100,
    "n": 150,
    "Delta_x": 0.01,
    "Delta_t": 0.01020408163265306,
    "mcmc_n_steps": 10000,
    "mcmc_n_burn": 2000,
    "is_baseline": false
  },
  "status": "success",
  "dataset": {
    "kappa_star": [
      3.12551948199565,
      1.4836227496566199,
      2.427779995862962
    ],
    "n_observations": 150
  },
  "mcmc": {
    "acceptance_rate": 0.509,
    "ess_min": 591.2914262038507,
    "ess_mean": 711.4732915682233,
    "ess_per_coord": [
      685.8846384526547,
      591.2914262038507,
      857.2438100481645
    ],
    "n_chunks": 2,
    "total_steps": 10000,
    "converged": true,
    "efficiency": 0.05912914262038507,
    "n_forward_evals": 10000
  },
  "certificate": {
    "L_hat": 1237.9648829367316,
    "KL": 0.0,
    "eta_h": 5e-05,
    "delta_term": 0.00998577424517997,
    "B_lambda": 1237.974918710977,
    "components": {
      "empirical_term": 1237.9648829367316,
      "kl_term": 0.0,
      "discretization_term": 5e-05,
      "confidence_term": 0.00998577424517997
    },
    "valid": true
  },
  "posterior_summary": {
    "mean": [
      3.5034914880170134,
      3.101429805718368,
      2.890426891446079
    ],
    "std": [
      0.02303613414910598,
      0.013199106595417549,
      0.019997825545152094
    ]
  },
  "performance": {
    "runtime": 15.559696912765503,
    "test_log_posterior": -16474.21446606323
  }
}