{
  "experiment_id": "s3_sigma0.1_nx100_T0.5_lam0.5_m5_seed202",
  "config": {
    "s": 3,
    "sensor_positions": [
      0.25,
      0.5,
      0.75
    ],
    "placement_type": "fixed",
    "sigma": 0.1,
    "n_x": 100,
    "T": 0.5,
    "lambda": 0.5,
    "c": 1.0,
    "m": 5,
    "n_t": 50,
    "seed": 202,
    "delta": 0.05,
    "alpha": 0.001,
    "M": 2000,
    "R": 100,
    "n": 150,
    "Delta_x": 0.01,
    "Delta_t": 0.01020408163265306,
    "mcmc_n_steps": 10000,
    "mcmc_n_burn": 2000,
    "is_baseline": false
  },
  "status": "success",
  "dataset": {
    "kappa_star": [
      1.2847216299636934,
      1.4241900884838463,
      3.920764034845088,
      3.9752807832159958,
      3.9824723567684557
    ],
    "n_observations": 150
  },
  "mcmc": {
    "acceptance_rate": 0.2715714285714286,
    "ess_min": 409.39324816960357,
    "ess_mean": 1811.407283933182,
    "ess_per_coord": [
      2771.2052018614227,
      2352.5057416052578,
      1988.7614704138591,
      1535.1707576157683,
      409.39324816960357
    ],
    "n_chunks": 7,
    "total_steps": 35000,
    "converged": true,
    "efficiency": 0.01169694994770296,
    "n_forward_evals": 35000
  },
  "certificate": {
    "L_hat": 3273.2567125402256,
    "KL": 0.0,
    "eta_h": 5e-05,
    "delta_term": 0.03994309698071988,
    "B_lambda": 3273.2967056372063,
    "components": {
      "empirical_term": 3273.2567125402256,
      "kl_term": 0.0,
      "discretization_term": 5e-05,
      "confidence_term": 0.03994309698071988
    },
    "valid": true
  },
  "posterior_summary": {
    "mean": [
      1.7685786132624246,
      3.723743746993421,
      4.989694781338019,
      4.991356501687596,
      4.973882582055473
    ],
    "std": [
      0.09841141445088782,
      0.07136459555903917,
      0.00942472499037453,
      0.007757306547569695,
      0.027784162118888994
    ]
  },
  "performance": {
    "runtime": 142.2615110874176,
    "test_log_posterior": -4366.727345098969
  }
}