{
  "experiment_id": "s3_sigma0.1_nx50_T0.5_lam2.0_m3_seed101",
  "config": {
    "s": 3,
    "sensor_positions": [
      0.25,
      0.5,
      0.75
    ],
    "placement_type": "fixed",
    "sigma": 0.1,
    "n_x": 50,
    "T": 0.5,
    "lambda": 2.0,
    "c": 1.0,
    "m": 3,
    "n_t": 50,
    "seed": 101,
    "delta": 0.05,
    "alpha": 0.001,
    "M": 2000,
    "R": 100,
    "n": 150,
    "Delta_x": 0.02,
    "Delta_t": 0.01020408163265306,
    "mcmc_n_steps": 10000,
    "mcmc_n_burn": 2000,
    "is_baseline": false
  },
  "status": "success",
  "dataset": {
    "kappa_star": [
      2.3073951969585615,
      2.4973365540384895,
      0.5996597926733394
    ],
    "n_observations": 150
  },
  "mcmc": {
    "acceptance_rate": 0.5559499999999999,
    "ess_min": 495.52723098819297,
    "ess_mean": 571.5107584935482,
    "ess_per_coord": [
      495.52723098819297,
      545.4981302240908,
      673.506914268361
    ],
    "n_chunks": 2,
    "total_steps": 10000,
    "converged": true,
    "efficiency": 0.0495527230988193,
    "n_forward_evals": 10000
  },
  "certificate": {
    "L_hat": 387.23749110369835,
    "KL": 0.0,
    "eta_h": 0.0002,
    "delta_term": 0.00998577424517997,
    "B_lambda": 387.24767687794355,
    "components": {
      "empirical_term": 387.23749110369835,
      "kl_term": 0.0,
      "discretization_term": 0.0002,
      "confidence_term": 0.00998577424517997
    },
    "valid": true
  },
  "posterior_summary": {
    "mean": [
      2.974901489401679,
      3.3340393470199325,
      1.3399534163258675
    ],
    "std": [
      0.03544991664676935,
      0.023492121716713957,
      0.027858598774922277
    ]
  },
  "performance": {
    "runtime": 15.770313024520874,
    "test_log_posterior": -2687.449048127539
  }
}