{
  "experiment_id": "s3_sigma0.2_nx50_T0.5_lam0.5_m3_seed101",
  "config": {
    "s": 3,
    "sensor_positions": [
      0.2,
      0.5,
      0.8
    ],
    "placement_type": "shifted",
    "sigma": 0.2,
    "n_x": 50,
    "T": 0.5,
    "lambda": 0.5,
    "c": 1.0,
    "m": 3,
    "n_t": 50,
    "seed": 101,
    "delta": 0.05,
    "alpha": 0.001,
    "M": 2000,
    "R": 100,
    "n": 150,
    "Delta_x": 0.02,
    "Delta_t": 0.01020408163265306,
    "mcmc_n_steps": 10000,
    "mcmc_n_burn": 2000,
    "is_baseline": false
  },
  "status": "success",
  "dataset": {
    "kappa_star": [
      2.3073951969585615,
      2.4973365540384895,
      0.5996597926733394
    ],
    "n_observations": 150
  },
  "mcmc": {
    "acceptance_rate": 0.5081500000000001,
    "ess_min": 575.7443099556923,
    "ess_mean": 766.1693484664191,
    "ess_per_coord": [
      575.7443099556923,
      769.837145529367,
      952.9265899141978
    ],
    "n_chunks": 2,
    "total_steps": 10000,
    "converged": true,
    "efficiency": 0.05757443099556923,
    "n_forward_evals": 10000
  },
  "certificate": {
    "L_hat": 154.56365027997734,
    "KL": 0.0,
    "eta_h": 0.0002,
    "delta_term": 0.03994309698071988,
    "B_lambda": 154.60379337695807,
    "components": {
      "empirical_term": 154.56365027997734,
      "kl_term": 0.0,
      "discretization_term": 0.0002,
      "confidence_term": 0.03994309698071988
    },
    "valid": true
  },
  "posterior_summary": {
    "mean": [
      3.1058644372076833,
      3.3355682675101472,
      1.3797607982347984
    ],
    "std": [
      0.1637305110208861,
      0.10014413001446786,
      0.11803014727407395
    ]
  },
  "performance": {
    "runtime": 15.661257982254028,
    "test_log_posterior": -182.9534143354604
  }
}