{
  "experiment_id": "s3_sigma0.2_nx100_T0.5_lam1.0_m5_seed303",
  "config": {
    "s": 3,
    "sensor_positions": [
      0.2,
      0.5,
      0.8
    ],
    "placement_type": "shifted",
    "sigma": 0.2,
    "n_x": 100,
    "T": 0.5,
    "lambda": 1.0,
    "c": 1.0,
    "m": 5,
    "n_t": 50,
    "seed": 303,
    "delta": 0.05,
    "alpha": 0.001,
    "M": 2000,
    "R": 100,
    "n": 150,
    "Delta_x": 0.01,
    "Delta_t": 0.01020408163265306,
    "mcmc_n_steps": 10000,
    "mcmc_n_burn": 2000,
    "is_baseline": false
  },
  "status": "success",
  "dataset": {
    "kappa_star": [
      3.12551948199565,
      1.4836227496566199,
      2.427779995862962,
      3.3381215081208255,
      2.6741059937440994
    ],
    "n_observations": 150
  },
  "mcmc": {
    "acceptance_rate": 0.5215333333333333,
    "ess_min": 424.58439669706644,
    "ess_mean": 634.269696815851,
    "ess_per_coord": [
      833.0904253212431,
      726.5344857799358,
      588.9840708117674,
      424.58439669706644,
      598.155105469242
    ],
    "n_chunks": 4,
    "total_steps": 20000,
    "converged": true,
    "efficiency": 0.021229219834853322,
    "n_forward_evals": 20000
  },
  "certificate": {
    "L_hat": 476.5864069264241,
    "KL": 0.0,
    "eta_h": 5e-05,
    "delta_term": 0.01997154849035994,
    "B_lambda": 476.6064284749144,
    "components": {
      "empirical_term": 476.5864069264241,
      "kl_term": 0.0,
      "discretization_term": 5e-05,
      "confidence_term": 0.01997154849035994
    },
    "valid": true
  },
  "posterior_summary": {
    "mean": [
      1.7042679002903725,
      3.5805141312843314,
      4.213576975059433,
      3.883379554334945,
      2.5605367792598486
    ],
    "std": [
      0.09689063863944951,
      0.1252620382229394,
      0.0896629225930416,
      0.15696053555686101,
      0.15552986525271734
    ]
  },
  "performance": {
    "runtime": 113.43900418281555,
    "test_log_posterior": -1466.7391918567182
  }
}