{
  "experiment_id": "s5_sigma0.1_nx50_T0.5_lam2.0_m3_seed303",
  "config": {
    "s": 5,
    "sensor_positions": [
      0.1,
      0.3,
      0.5,
      0.7,
      0.9
    ],
    "placement_type": "fixed",
    "sigma": 0.1,
    "n_x": 50,
    "T": 0.5,
    "lambda": 2.0,
    "c": 1.0,
    "m": 3,
    "n_t": 50,
    "seed": 303,
    "delta": 0.05,
    "alpha": 0.001,
    "M": 2000,
    "R": 100,
    "n": 250,
    "Delta_x": 0.02,
    "Delta_t": 0.01020408163265306,
    "mcmc_n_steps": 10000,
    "mcmc_n_burn": 2000,
    "is_baseline": false
  },
  "status": "success",
  "dataset": {
    "kappa_star": [
      3.12551948199565,
      1.4836227496566199,
      2.427779995862962
    ],
    "n_observations": 250
  },
  "mcmc": {
    "acceptance_rate": 0.52645,
    "ess_min": 570.2155228031348,
    "ess_mean": 627.5620874667228,
    "ess_per_coord": [
      610.7623211958269,
      570.2155228031348,
      701.7084184012065
    ],
    "n_chunks": 2,
    "total_steps": 10000,
    "converged": true,
    "efficiency": 0.057021552280313484,
    "n_forward_evals": 10000
  },
  "certificate": {
    "L_hat": 358.6715404746433,
    "KL": 0.0,
    "eta_h": 0.0002,
    "delta_term": 0.0059914645471079815,
    "B_lambda": 358.6777319391904,
    "components": {
      "empirical_term": 358.6715404746433,
      "kl_term": 0.0,
      "discretization_term": 0.0002,
      "confidence_term": 0.0059914645471079815
    },
    "valid": true
  },
  "posterior_summary": {
    "mean": [
      2.7474997162205193,
      3.1380758422268116,
      2.250324990331519
    ],
    "std": [
      0.030185089599518607,
      0.02266638236567955,
      0.025701786324465934
    ]
  },
  "performance": {
    "runtime": 40.81186103820801,
    "test_log_posterior": -4052.4508613554353
  }
}