{
  "experiment_id": "s3_sigma0.1_nx50_T0.3_lam1.0_m3_seed202",
  "config": {
    "s": 3,
    "sensor_positions": [
      0.2,
      0.5,
      0.8
    ],
    "placement_type": "shifted",
    "sigma": 0.1,
    "n_x": 50,
    "T": 0.3,
    "lambda": 1.0,
    "c": 1.0,
    "m": 3,
    "n_t": 100,
    "seed": 202,
    "delta": 0.05,
    "alpha": 0.001,
    "M": 2000,
    "R": 100,
    "n": 300,
    "Delta_x": 0.02,
    "Delta_t": 0.0030303030303030303,
    "mcmc_n_steps": 10000,
    "mcmc_n_burn": 2000,
    "is_baseline": false
  },
  "status": "success",
  "dataset": {
    "kappa_star": [
      1.2847216299636934,
      1.4241900884838463,
      3.920764034845088
    ],
    "n_observations": 300
  },
  "mcmc": {
    "acceptance_rate": 0.5038,
    "ess_min": 665.5353593330907,
    "ess_mean": 752.161352314497,
    "ess_per_coord": [
      708.0332830061811,
      665.5353593330907,
      882.9154146042194
    ],
    "n_chunks": 2,
    "total_steps": 10000,
    "converged": true,
    "efficiency": 0.06655353593330907,
    "n_forward_evals": 10000
  },
  "certificate": {
    "L_hat": 303.48543150851134,
    "KL": 0.0,
    "eta_h": 0.0002,
    "delta_term": 0.00998577424517997,
    "B_lambda": 303.49561728275654,
    "components": {
      "empirical_term": 303.48543150851134,
      "kl_term": 0.0,
      "discretization_term": 0.0002,
      "confidence_term": 0.00998577424517997
    },
    "valid": true
  },
  "posterior_summary": {
    "mean": [
      1.7316090658194272,
      2.930649126982295,
      4.276486433767473
    ],
    "std": [
      0.02707915251500419,
      0.020043724761407655,
      0.03742227824524565
    ]
  },
  "performance": {
    "runtime": 30.200331211090088,
    "test_log_posterior": -4885.217799676745
  }
}