{
  "experiment_id": "s3_sigma0.2_nx100_T0.5_lam1.0_m5_seed303",
  "config": {
    "s": 3,
    "sensor_positions": [
      0.2,
      0.5,
      0.8
    ],
    "placement_type": "shifted",
    "sigma": 0.2,
    "n_x": 100,
    "T": 0.5,
    "lambda": 1.0,
    "c": 1.0,
    "m": 5,
    "n_t": 100,
    "seed": 303,
    "delta": 0.05,
    "alpha": 0.001,
    "M": 2000,
    "R": 100,
    "n": 300,
    "Delta_x": 0.01,
    "Delta_t": 0.005050505050505051,
    "mcmc_n_steps": 10000,
    "mcmc_n_burn": 2000,
    "is_baseline": false
  },
  "status": "success",
  "dataset": {
    "kappa_star": [
      3.12551948199565,
      1.4836227496566199,
      2.427779995862962,
      3.3381215081208255,
      2.6741059937440994
    ],
    "n_observations": 300
  },
  "mcmc": {
    "acceptance_rate": 0.5519,
    "ess_min": 475.0624425762523,
    "ess_mean": 695.4936818709136,
    "ess_per_coord": [
      988.9553230451211,
      706.4029566704253,
      736.1842675159301,
      475.0624425762523,
      570.8634195468399
    ],
    "n_chunks": 4,
    "total_steps": 20000,
    "converged": true,
    "efficiency": 0.023753122128812615,
    "n_forward_evals": 20000
  },
  "certificate": {
    "L_hat": 993.4100823932542,
    "KL": 0.0,
    "eta_h": 5e-05,
    "delta_term": 0.00998577424517997,
    "B_lambda": 993.4201181674994,
    "components": {
      "empirical_term": 993.4100823932542,
      "kl_term": 0.0,
      "discretization_term": 5e-05,
      "confidence_term": 0.00998577424517997
    },
    "valid": true
  },
  "posterior_summary": {
    "mean": [
      1.7140542558863547,
      3.5996071301287436,
      4.197385716863454,
      3.7327083995621266,
      2.578057374502113
    ],
    "std": [
      0.0812390597585359,
      0.09155387104350145,
      0.06138896863337534,
      0.09177912605947204,
      0.09620563507690326
    ]
  },
  "performance": {
    "runtime": 216.46098709106445,
    "test_log_posterior": -2862.555826112242
  }
}