{
  "experiment_id": "s5_sigma0.1_nx100_T0.5_lam0.5_m3_seed101",
  "config": {
    "s": 5,
    "sensor_positions": [
      0.2,
      0.35,
      0.5,
      0.65,
      0.8
    ],
    "placement_type": "shifted",
    "sigma": 0.1,
    "n_x": 100,
    "T": 0.5,
    "lambda": 0.5,
    "c": 1.0,
    "m": 3,
    "n_t": 100,
    "seed": 101,
    "delta": 0.05,
    "alpha": 0.001,
    "M": 2000,
    "R": 100,
    "n": 500,
    "Delta_x": 0.01,
    "Delta_t": 0.005050505050505051,
    "mcmc_n_steps": 10000,
    "mcmc_n_burn": 2000,
    "is_baseline": false
  },
  "status": "success",
  "dataset": {
    "kappa_star": [
      2.3073951969585615,
      2.4973365540384895,
      0.5996597926733394
    ],
    "n_observations": 500
  },
  "mcmc": {
    "acceptance_rate": 0.5058499999999999,
    "ess_min": 472.3218021016116,
    "ess_mean": 548.153694168421,
    "ess_per_coord": [
      472.3218021016116,
      479.75633233909883,
      692.3829480645526
    ],
    "n_chunks": 2,
    "total_steps": 10000,
    "converged": true,
    "efficiency": 0.04723218021016116,
    "n_forward_evals": 10000
  },
  "certificate": {
    "L_hat": 1598.6479927375153,
    "KL": 0.0,
    "eta_h": 5e-05,
    "delta_term": 0.011982929094215963,
    "B_lambda": 1598.6600256666097,
    "components": {
      "empirical_term": 1598.6479927375153,
      "kl_term": 0.0,
      "discretization_term": 5e-05,
      "confidence_term": 0.011982929094215963
    },
    "valid": true
  },
  "posterior_summary": {
    "mean": [
      3.0222978207396443,
      2.752987559604964,
      1.0242073932123004
    ],
    "std": [
      0.05497003292534053,
      0.024918481576015724,
      0.035220804966820604
    ]
  },
  "performance": {
    "runtime": 48.35846495628357,
    "test_log_posterior": -1241.238040085163
  }
}