{
  "experiment_id": "s5_sigma0.05_nx50_T0.3_lam2.0_m5_seed202",
  "config": {
    "s": 5,
    "sensor_positions": [
      0.2,
      0.35,
      0.5,
      0.65,
      0.8
    ],
    "placement_type": "shifted",
    "sigma": 0.05,
    "n_x": 50,
    "T": 0.3,
    "lambda": 2.0,
    "c": 1.0,
    "m": 5,
    "n_t": 50,
    "seed": 202,
    "delta": 0.05,
    "alpha": 0.001,
    "M": 2000,
    "R": 100,
    "n": 250,
    "Delta_x": 0.02,
    "Delta_t": 0.006122448979591836,
    "mcmc_n_steps": 10000,
    "mcmc_n_burn": 2000,
    "is_baseline": false
  },
  "status": "success",
  "dataset": {
    "kappa_star": [
      1.2847216299636934,
      1.4241900884838463,
      3.920764034845088,
      3.9752807832159958,
      3.9824723567684557
    ],
    "n_observations": 250
  },
  "mcmc": {
    "acceptance_rate": 0.033558333333333336,
    "ess_min": 3.483562985252244,
    "ess_mean": 294.7401621132889,
    "ess_per_coord": [
      185.45025711150123,
      142.23405992777762,
      11.687771484694052,
      3.483562985252244,
      1130.8451590572192
    ],
    "n_chunks": 8,
    "total_steps": 40000,
    "converged": false,
    "efficiency": 8.708907463130609e-05,
    "n_forward_evals": 40000
  },
  "certificate": {
    "L_hat": 19759.22398410269,
    "KL": 0.0,
    "eta_h": 0.0002,
    "delta_term": 0.0059914645471079815,
    "B_lambda": 19759.230175567234,
    "components": {
      "empirical_term": 19759.22398410269,
      "kl_term": 0.0,
      "discretization_term": 0.0002,
      "confidence_term": 0.0059914645471079815
    },
    "valid": true
  },
  "posterior_summary": {
    "mean": [
      0.7203107984301256,
      4.007904610108185,
      4.999858638645294,
      4.999632890355886,
      4.325077027008618
    ],
    "std": [
      0.014420030784318267,
      0.010786037621590404,
      0.0003223464914841587,
      0.0004776428009662257,
      0.018908537232317883
    ]
  },
  "performance": {
    "runtime": 386.78972005844116,
    "test_log_posterior": -148460.75703768246
  }
}