{
  "experiment_id": "s5_sigma0.05_nx50_T0.3_lam0.5_m5_seed101",
  "config": {
    "s": 5,
    "sensor_positions": [
      0.2,
      0.35,
      0.5,
      0.65,
      0.8
    ],
    "placement_type": "shifted",
    "sigma": 0.05,
    "n_x": 50,
    "T": 0.3,
    "lambda": 0.5,
    "c": 1.0,
    "m": 5,
    "n_t": 100,
    "seed": 101,
    "delta": 0.05,
    "alpha": 0.001,
    "M": 2000,
    "R": 100,
    "n": 500,
    "Delta_x": 0.02,
    "Delta_t": 0.0030303030303030303,
    "mcmc_n_steps": 10000,
    "mcmc_n_burn": 2000,
    "is_baseline": false
  },
  "status": "success",
  "dataset": {
    "kappa_star": [
      2.3073951969585615,
      2.4973365540384895,
      0.5996597926733394,
      1.1003257967878608,
      2.898469435940594
    ],
    "n_observations": 500
  },
  "mcmc": {
    "acceptance_rate": 0.5208555555555555,
    "ess_min": 454.2208353928689,
    "ess_mean": 555.6676791684247,
    "ess_per_coord": [
      805.5042191154588,
      547.5406314589292,
      479.2540293542229,
      454.2208353928689,
      491.8186805206431
    ],
    "n_chunks": 6,
    "total_steps": 30000,
    "converged": true,
    "efficiency": 0.01514069451309563,
    "n_forward_evals": 30000
  },
  "certificate": {
    "L_hat": 1411.605862501078,
    "KL": 0.0,
    "eta_h": 0.0002,
    "delta_term": 0.011982929094215963,
    "B_lambda": 1411.6180454301723,
    "components": {
      "empirical_term": 1411.605862501078,
      "kl_term": 0.0,
      "discretization_term": 0.0002,
      "confidence_term": 0.011982929094215963
    },
    "valid": true
  },
  "posterior_summary": {
    "mean": [
      1.6492787855392386,
      2.964774264632099,
      2.337848179570955,
      2.2477216297873603,
      1.4767096263471384
    ],
    "std": [
      0.026824216901872935,
      0.023303932190161813,
      0.020039676433134406,
      0.02402865341618221,
      0.02720569224636026
    ]
  },
  "performance": {
    "runtime": 340.7035508155823,
    "test_log_posterior": -42997.90727070082
  }
}