{
  "experiment_id": "s3_sigma0.05_nx100_T0.3_lam0.5_m3_seed101",
  "config": {
    "s": 3,
    "sensor_positions": [
      0.2,
      0.5,
      0.8
    ],
    "placement_type": "shifted",
    "sigma": 0.05,
    "n_x": 100,
    "T": 0.3,
    "lambda": 0.5,
    "c": 1.0,
    "m": 3,
    "n_t": 50,
    "seed": 101,
    "delta": 0.05,
    "alpha": 0.001,
    "M": 2000,
    "R": 100,
    "n": 150,
    "Delta_x": 0.01,
    "Delta_t": 0.006122448979591836,
    "mcmc_n_steps": 10000,
    "mcmc_n_burn": 2000,
    "is_baseline": false
  },
  "status": "success",
  "dataset": {
    "kappa_star": [
      2.3073951969585615,
      2.4973365540384895,
      0.5996597926733394
    ],
    "n_observations": 150
  },
  "mcmc": {
    "acceptance_rate": 0.53735,
    "ess_min": 607.0786972926583,
    "ess_mean": 670.5427405612555,
    "ess_per_coord": [
      647.68880528937,
      607.0786972926583,
      756.8607191017387
    ],
    "n_chunks": 2,
    "total_steps": 10000,
    "converged": true,
    "efficiency": 0.060707869729265826,
    "n_forward_evals": 10000
  },
  "certificate": {
    "L_hat": 745.7923550021744,
    "KL": 0.0,
    "eta_h": 5e-05,
    "delta_term": 0.03994309698071988,
    "B_lambda": 745.8323480991551,
    "components": {
      "empirical_term": 745.7923550021744,
      "kl_term": 0.0,
      "discretization_term": 5e-05,
      "confidence_term": 0.03994309698071988
    },
    "valid": true
  },
  "posterior_summary": {
    "mean": [
      3.16798592567587,
      3.4386296531286655,
      1.312992661446239
    ],
    "std": [
      0.03292881039512665,
      0.020246460125227385,
      0.024622469604449762
    ]
  },
  "performance": {
    "runtime": 24.96817922592163,
    "test_log_posterior": -2941.483291092182
  }
}