{
  "experiment_id": "s5_sigma0.05_nx100_T0.3_lam2.0_m5_seed101",
  "config": {
    "s": 5,
    "sensor_positions": [
      0.2,
      0.35,
      0.5,
      0.65,
      0.8
    ],
    "placement_type": "shifted",
    "sigma": 0.05,
    "n_x": 100,
    "T": 0.3,
    "lambda": 2.0,
    "c": 1.0,
    "m": 5,
    "n_t": 50,
    "seed": 101,
    "delta": 0.05,
    "alpha": 0.001,
    "M": 2000,
    "R": 100,
    "n": 250,
    "Delta_x": 0.01,
    "Delta_t": 0.006122448979591836,
    "mcmc_n_steps": 10000,
    "mcmc_n_burn": 2000,
    "is_baseline": false
  },
  "status": "success",
  "dataset": {
    "kappa_star": [
      2.3073951969585615,
      2.4973365540384895,
      0.5996597926733394,
      1.1003257967878608,
      2.898469435940594
    ],
    "n_observations": 250
  },
  "mcmc": {
    "acceptance_rate": 0.5207047619047619,
    "ess_min": 420.4510060375985,
    "ess_mean": 608.5460487105056,
    "ess_per_coord": [
      860.8747744289188,
      724.6747426556867,
      542.9778634296138,
      420.4510060375985,
      493.7518570007096
    ],
    "n_chunks": 7,
    "total_steps": 35000,
    "converged": true,
    "efficiency": 0.012012885886788529,
    "n_forward_evals": 35000
  },
  "certificate": {
    "L_hat": 688.7520714176308,
    "KL": 0.0,
    "eta_h": 5e-05,
    "delta_term": 0.0059914645471079815,
    "B_lambda": 688.7581128821779,
    "components": {
      "empirical_term": 688.7520714176308,
      "kl_term": 0.0,
      "discretization_term": 5e-05,
      "confidence_term": 0.0059914645471079815
    },
    "valid": true
  },
  "posterior_summary": {
    "mean": [
      1.6242677878006326,
      2.9912344986684998,
      2.342135996456219,
      2.241367563577151,
      1.4699011613996347
    ],
    "std": [
      0.017577747517958372,
      0.015094432580081581,
      0.012435015975534942,
      0.015084350928983102,
      0.01850102145787432
    ]
  },
  "performance": {
    "runtime": 336.77352118492126,
    "test_log_posterior": -86802.50291521125
  }
}