{
  "experiment_id": "s5_sigma0.2_nx50_T0.5_lam1.0_m5_seed101",
  "config": {
    "s": 5,
    "sensor_positions": [
      0.1,
      0.3,
      0.5,
      0.7,
      0.9
    ],
    "placement_type": "fixed",
    "sigma": 0.2,
    "n_x": 50,
    "T": 0.5,
    "lambda": 1.0,
    "c": 1.0,
    "m": 5,
    "n_t": 50,
    "seed": 101,
    "delta": 0.05,
    "alpha": 0.001,
    "M": 2000,
    "R": 100,
    "n": 250,
    "Delta_x": 0.02,
    "Delta_t": 0.01020408163265306,
    "mcmc_n_steps": 10000,
    "mcmc_n_burn": 2000,
    "is_baseline": false
  },
  "status": "success",
  "dataset": {
    "kappa_star": [
      2.3073951969585615,
      2.4973365540384895,
      0.5996597926733394,
      1.1003257967878608,
      2.898469435940594
    ],
    "n_observations": 250
  },
  "mcmc": {
    "acceptance_rate": 0.5818444444444445,
    "ess_min": 426.82113503231227,
    "ess_mean": 497.50447976208545,
    "ess_per_coord": [
      525.936332983224,
      426.82113503231227,
      514.9840026021055,
      528.8161621492701,
      490.96476604351534
    ],
    "n_chunks": 3,
    "total_steps": 15000,
    "converged": true,
    "efficiency": 0.028454742335487483,
    "n_forward_evals": 15000
  },
  "certificate": {
    "L_hat": 208.26348620441166,
    "KL": 0.0,
    "eta_h": 0.0002,
    "delta_term": 0.011982929094215963,
    "B_lambda": 208.2756691335059,
    "components": {
      "empirical_term": 208.26348620441166,
      "kl_term": 0.0,
      "discretization_term": 0.0002,
      "confidence_term": 0.011982929094215963
    },
    "valid": true
  },
  "posterior_summary": {
    "mean": [
      3.293549707758504,
      2.966973225516418,
      2.3445598473696077,
      2.176277711852431,
      2.8318734047062524
    ],
    "std": [
      0.216719579502087,
      0.10587257081591209,
      0.07529228268676359,
      0.09326150553675683,
      0.18600979963211933
    ]
  },
  "performance": {
    "runtime": 89.91648507118225,
    "test_log_posterior": -1890.5042373360295
  }
}