{
  "experiment_id": "s3_sigma0.05_nx50_T0.5_lam0.5_m5_seed202",
  "config": {
    "s": 3,
    "sensor_positions": [
      0.2,
      0.5,
      0.8
    ],
    "placement_type": "shifted",
    "sigma": 0.05,
    "n_x": 50,
    "T": 0.5,
    "lambda": 0.5,
    "c": 1.0,
    "m": 5,
    "n_t": 50,
    "seed": 202,
    "delta": 0.05,
    "alpha": 0.001,
    "M": 2000,
    "R": 100,
    "n": 150,
    "Delta_x": 0.02,
    "Delta_t": 0.01020408163265306,
    "mcmc_n_steps": 10000,
    "mcmc_n_burn": 2000,
    "is_baseline": false
  },
  "status": "success",
  "dataset": {
    "kappa_star": [
      1.2847216299636934,
      1.4241900884838463,
      3.920764034845088,
      3.9752807832159958,
      3.9824723567684557
    ],
    "n_observations": 150
  },
  "mcmc": {
    "acceptance_rate": 0.47100000000000003,
    "ess_min": 488.970609241317,
    "ess_mean": 950.8702276922164,
    "ess_per_coord": [
      1104.6285444938815,
      488.970609241317,
      1065.3901980741825,
      753.4857931835468,
      1341.875993468154
    ],
    "n_chunks": 3,
    "total_steps": 15000,
    "converged": true,
    "efficiency": 0.0325980406160878,
    "n_forward_evals": 15000
  },
  "certificate": {
    "L_hat": 9227.047235922108,
    "KL": 0.0,
    "eta_h": 0.0002,
    "delta_term": 0.03994309698071988,
    "B_lambda": 9227.087379019089,
    "components": {
      "empirical_term": 9227.047235922108,
      "kl_term": 0.0,
      "discretization_term": 0.0002,
      "confidence_term": 0.03994309698071988
    },
    "valid": true
  },
  "posterior_summary": {
    "mean": [
      0.8335809604313016,
      3.8461854905534407,
      4.996562848972673,
      4.98250455004782,
      3.6628313980464604
    ],
    "std": [
      0.023809673040142,
      0.03880061225822324,
      0.0029495870429527894,
      0.013864584260225885,
      0.042478852750702824
    ]
  },
  "performance": {
    "runtime": 52.96445298194885,
    "test_log_posterior": -11349.44154305768
  }
}