{
  "experiment_id": "s5_sigma0.2_nx100_T0.3_lam1.0_m5_seed303",
  "config": {
    "s": 5,
    "sensor_positions": [
      0.1,
      0.3,
      0.5,
      0.7,
      0.9
    ],
    "placement_type": "fixed",
    "sigma": 0.2,
    "n_x": 100,
    "T": 0.3,
    "lambda": 1.0,
    "c": 1.0,
    "m": 5,
    "n_t": 100,
    "seed": 303,
    "delta": 0.05,
    "alpha": 0.001,
    "M": 2000,
    "R": 100,
    "n": 500,
    "Delta_x": 0.01,
    "Delta_t": 0.0030303030303030303,
    "mcmc_n_steps": 10000,
    "mcmc_n_burn": 2000,
    "is_baseline": false
  },
  "status": "success",
  "dataset": {
    "kappa_star": [
      3.12551948199565,
      1.4836227496566199,
      2.427779995862962,
      3.3381215081208255,
      2.6741059937440994
    ],
    "n_observations": 500
  },
  "mcmc": {
    "acceptance_rate": 0.5400333333333333,
    "ess_min": 506.32586303114454,
    "ess_mean": 713.7654477624368,
    "ess_per_coord": [
      896.8154864490573,
      598.464002241463,
      506.32586303114454,
      652.5391741789027,
      914.6827129116161
    ],
    "n_chunks": 4,
    "total_steps": 20000,
    "converged": true,
    "efficiency": 0.025316293151557225,
    "n_forward_evals": 20000
  },
  "certificate": {
    "L_hat": 1428.362825668249,
    "KL": 0.0,
    "eta_h": 5e-05,
    "delta_term": 0.0059914645471079815,
    "B_lambda": 1428.3688671327961,
    "components": {
      "empirical_term": 1428.362825668249,
      "kl_term": 0.0,
      "discretization_term": 5e-05,
      "confidence_term": 0.0059914645471079815
    },
    "valid": true
  },
  "posterior_summary": {
    "mean": [
      3.388479029533364,
      3.6247289099467177,
      4.241822374411567,
      4.4192676537262265,
      4.366354659396629
    ],
    "std": [
      0.11593933550856621,
      0.0600842335980843,
      0.05385829519350472,
      0.05917837624849118,
      0.10394410457464319
    ]
  },
  "performance": {
    "runtime": 231.75414299964905,
    "test_log_posterior": -7968.702729094397
  }
}