{
  "experiment_id": "s3_sigma0.1_nx100_T0.3_lam1.0_m3_seed101",
  "config": {
    "s": 3,
    "sensor_positions": [
      0.2,
      0.5,
      0.8
    ],
    "placement_type": "shifted",
    "sigma": 0.1,
    "n_x": 100,
    "T": 0.3,
    "lambda": 1.0,
    "c": 1.0,
    "m": 3,
    "n_t": 100,
    "seed": 101,
    "delta": 0.05,
    "alpha": 0.001,
    "M": 2000,
    "R": 100,
    "n": 300,
    "Delta_x": 0.01,
    "Delta_t": 0.0030303030303030303,
    "mcmc_n_steps": 10000,
    "mcmc_n_burn": 2000,
    "is_baseline": false
  },
  "status": "success",
  "dataset": {
    "kappa_star": [
      2.3073951969585615,
      2.4973365540384895,
      0.5996597926733394
    ],
    "n_observations": 300
  },
  "mcmc": {
    "acceptance_rate": 0.5319499999999999,
    "ess_min": 502.5669483454276,
    "ess_mean": 679.2410251260618,
    "ess_per_coord": [
      626.1723314539081,
      502.5669483454276,
      908.9837955788497
    ],
    "n_chunks": 2,
    "total_steps": 10000,
    "converged": true,
    "efficiency": 0.05025669483454276,
    "n_forward_evals": 10000
  },
  "certificate": {
    "L_hat": 461.91926470527136,
    "KL": 0.0,
    "eta_h": 5e-05,
    "delta_term": 0.00998577424517997,
    "B_lambda": 461.92930047951654,
    "components": {
      "empirical_term": 461.91926470527136,
      "kl_term": 0.0,
      "discretization_term": 5e-05,
      "confidence_term": 0.00998577424517997
    },
    "valid": true
  },
  "posterior_summary": {
    "mean": [
      3.181898438836035,
      3.4387217132630594,
      1.295082830015434
    ],
    "std": [
      0.037096984598181136,
      0.01954310780583006,
      0.026672528917635
    ]
  },
  "performance": {
    "runtime": 47.72085785865784,
    "test_log_posterior": -2998.4921672539335
  }
}