{
  "experiment_id": "s5_sigma0.05_nx50_T0.3_lam0.5_m5_seed101",
  "config": {
    "s": 5,
    "sensor_positions": [
      0.1,
      0.3,
      0.5,
      0.7,
      0.9
    ],
    "placement_type": "fixed",
    "sigma": 0.05,
    "n_x": 50,
    "T": 0.3,
    "lambda": 0.5,
    "c": 1.0,
    "m": 5,
    "n_t": 100,
    "seed": 101,
    "delta": 0.05,
    "alpha": 0.001,
    "M": 2000,
    "R": 100,
    "n": 500,
    "Delta_x": 0.02,
    "Delta_t": 0.0030303030303030303,
    "mcmc_n_steps": 10000,
    "mcmc_n_burn": 2000,
    "is_baseline": false
  },
  "status": "success",
  "dataset": {
    "kappa_star": [
      2.3073951969585615,
      2.4973365540384895,
      0.5996597926733394,
      1.1003257967878608,
      2.898469435940594
    ],
    "n_observations": 500
  },
  "mcmc": {
    "acceptance_rate": 0.3732444444444445,
    "ess_min": 410.14271786895654,
    "ess_mean": 533.7694728325715,
    "ess_per_coord": [
      837.6376474797074,
      517.0974717335016,
      410.14271786895654,
      419.6891914601802,
      484.28033562051195
    ],
    "n_chunks": 3,
    "total_steps": 15000,
    "converged": true,
    "efficiency": 0.027342847857930435,
    "n_forward_evals": 15000
  },
  "certificate": {
    "L_hat": 1560.1010592214664,
    "KL": 0.0,
    "eta_h": 0.0002,
    "delta_term": 0.011982929094215963,
    "B_lambda": 1560.1132421505606,
    "components": {
      "empirical_term": 1560.1010592214664,
      "kl_term": 0.0,
      "discretization_term": 0.0002,
      "confidence_term": 0.011982929094215963
    },
    "valid": true
  },
  "posterior_summary": {
    "mean": [
      3.2903526218635544,
      2.917916646779635,
      2.2870286434943536,
      2.145802259549404,
      3.031878899531855
    ],
    "std": [
      0.04210612206595031,
      0.025845285724017147,
      0.017812262793367933,
      0.024096622222337365,
      0.04884477070936329
    ]
  },
  "performance": {
    "runtime": 288.2072410583496,
    "test_log_posterior": -37264.70311679529
  }
}