{
  "experiment_id": "s3_sigma0.05_nx100_T0.5_lam2.0_m5_seed101",
  "config": {
    "s": 3,
    "sensor_positions": [
      0.2,
      0.5,
      0.8
    ],
    "placement_type": "shifted",
    "sigma": 0.05,
    "n_x": 100,
    "T": 0.5,
    "lambda": 2.0,
    "c": 1.0,
    "m": 5,
    "n_t": 50,
    "seed": 101,
    "delta": 0.05,
    "alpha": 0.001,
    "M": 2000,
    "R": 100,
    "n": 150,
    "Delta_x": 0.01,
    "Delta_t": 0.01020408163265306,
    "mcmc_n_steps": 10000,
    "mcmc_n_burn": 2000,
    "is_baseline": false
  },
  "status": "success",
  "dataset": {
    "kappa_star": [
      2.3073951969585615,
      2.4973365540384895,
      0.5996597926733394,
      1.1003257967878608,
      2.898469435940594
    ],
    "n_observations": 150
  },
  "mcmc": {
    "acceptance_rate": 0.5153166666666666,
    "ess_min": 414.4052769828058,
    "ess_mean": 559.6846128921906,
    "ess_per_coord": [
      706.4805254247636,
      553.1016275213289,
      660.9342890542566,
      414.4052769828058,
      463.501345477798
    ],
    "n_chunks": 8,
    "total_steps": 40000,
    "converged": true,
    "efficiency": 0.010360131924570144,
    "n_forward_evals": 40000
  },
  "certificate": {
    "L_hat": 533.3058389574784,
    "KL": 0.0,
    "eta_h": 5e-05,
    "delta_term": 0.00998577424517997,
    "B_lambda": 533.3158747317235,
    "components": {
      "empirical_term": 533.3058389574784,
      "kl_term": 0.0,
      "discretization_term": 5e-05,
      "confidence_term": 0.00998577424517997
    },
    "valid": true
  },
  "posterior_summary": {
    "mean": [
      2.0370567682288727,
      2.408818105412452,
      2.3995626002717363,
      2.5346969609789465,
      1.2452199359956937
    ],
    "std": [
      0.03795180174864903,
      0.040580649675318416,
      0.016322828453685354,
      0.03501777909947241,
      0.026561872978057576
    ]
  },
  "performance": {
    "runtime": 149.17197680473328,
    "test_log_posterior": -33967.20018417616
  }
}