{
  "experiment_id": "s5_sigma0.05_nx100_T0.5_lam0.5_m3_seed303",
  "config": {
    "s": 5,
    "sensor_positions": [
      0.2,
      0.35,
      0.5,
      0.65,
      0.8
    ],
    "placement_type": "shifted",
    "sigma": 0.05,
    "n_x": 100,
    "T": 0.5,
    "lambda": 0.5,
    "c": 1.0,
    "m": 3,
    "n_t": 50,
    "seed": 303,
    "delta": 0.05,
    "alpha": 0.001,
    "M": 2000,
    "R": 100,
    "n": 250,
    "Delta_x": 0.01,
    "Delta_t": 0.01020408163265306,
    "mcmc_n_steps": 10000,
    "mcmc_n_burn": 2000,
    "is_baseline": false
  },
  "status": "success",
  "dataset": {
    "kappa_star": [
      3.12551948199565,
      1.4836227496566199,
      2.427779995862962
    ],
    "n_observations": 250
  },
  "mcmc": {
    "acceptance_rate": 0.51315,
    "ess_min": 542.7983876567741,
    "ess_mean": 604.9387080217612,
    "ess_per_coord": [
      623.4659121452911,
      542.7983876567741,
      648.5518242632185
    ],
    "n_chunks": 2,
    "total_steps": 10000,
    "converged": true,
    "efficiency": 0.054279838765677414,
    "n_forward_evals": 10000
  },
  "certificate": {
    "L_hat": 2398.3920006282497,
    "KL": 0.0,
    "eta_h": 5e-05,
    "delta_term": 0.023965858188431926,
    "B_lambda": 2398.4160164864384,
    "components": {
      "empirical_term": 2398.3920006282497,
      "kl_term": 0.0,
      "discretization_term": 5e-05,
      "confidence_term": 0.023965858188431926
    },
    "valid": true
  },
  "posterior_summary": {
    "mean": [
      3.2999125198864117,
      2.599678483781841,
      2.5739359785830276
    ],
    "std": [
      0.03998103515314452,
      0.01453515431708665,
      0.03333327719853762
    ]
  },
  "performance": {
    "runtime": 40.06891393661499,
    "test_log_posterior": -5387.657774959507
  }
}