{
  "experiment_id": "s5_sigma0.05_nx50_T0.5_lam1.0_m5_seed101",
  "config": {
    "s": 5,
    "sensor_positions": [
      0.1,
      0.3,
      0.5,
      0.7,
      0.9
    ],
    "placement_type": "fixed",
    "sigma": 0.05,
    "n_x": 50,
    "T": 0.5,
    "lambda": 1.0,
    "c": 1.0,
    "m": 5,
    "n_t": 100,
    "seed": 101,
    "delta": 0.05,
    "alpha": 0.001,
    "M": 2000,
    "R": 100,
    "n": 500,
    "Delta_x": 0.02,
    "Delta_t": 0.005050505050505051,
    "mcmc_n_steps": 10000,
    "mcmc_n_burn": 2000,
    "is_baseline": false
  },
  "status": "success",
  "dataset": {
    "kappa_star": [
      2.3073951969585615,
      2.4973365540384895,
      0.5996597926733394,
      1.1003257967878608,
      2.898469435940594
    ],
    "n_observations": 500
  },
  "mcmc": {
    "acceptance_rate": 0.5334166666666667,
    "ess_min": 434.06267309241883,
    "ess_mean": 707.6364737781628,
    "ess_per_coord": [
      936.1407151124412,
      885.3190546391038,
      658.2013372649731,
      434.06267309241883,
      624.458588781877
    ],
    "n_chunks": 4,
    "total_steps": 20000,
    "converged": true,
    "efficiency": 0.02170313365462094,
    "n_forward_evals": 20000
  },
  "certificate": {
    "L_hat": 3201.479752602787,
    "KL": 0.0,
    "eta_h": 0.0002,
    "delta_term": 0.0059914645471079815,
    "B_lambda": 3201.485944067334,
    "components": {
      "empirical_term": 3201.479752602787,
      "kl_term": 0.0,
      "discretization_term": 0.0002,
      "confidence_term": 0.0059914645471079815
    },
    "valid": true
  },
  "posterior_summary": {
    "mean": [
      3.214336165864115,
      2.8534379930296425,
      2.323601450600724,
      2.2078581777456296,
      2.8697886321882824
    ],
    "std": [
      0.0288360158599259,
      0.01847559426248404,
      0.013087151487618553,
      0.016518857108763725,
      0.03566812084535178
    ]
  },
  "performance": {
    "runtime": 493.91514706611633,
    "test_log_posterior": -54598.9415448038
  }
}