{
  "experiment_id": "s5_sigma0.1_nx100_T0.3_lam2.0_m3_seed202",
  "config": {
    "s": 5,
    "sensor_positions": [
      0.2,
      0.35,
      0.5,
      0.65,
      0.8
    ],
    "placement_type": "shifted",
    "sigma": 0.1,
    "n_x": 100,
    "T": 0.3,
    "lambda": 2.0,
    "c": 1.0,
    "m": 3,
    "n_t": 50,
    "seed": 202,
    "delta": 0.05,
    "alpha": 0.001,
    "M": 2000,
    "R": 100,
    "n": 250,
    "Delta_x": 0.01,
    "Delta_t": 0.006122448979591836,
    "mcmc_n_steps": 10000,
    "mcmc_n_burn": 2000,
    "is_baseline": false
  },
  "status": "success",
  "dataset": {
    "kappa_star": [
      1.2847216299636934,
      1.4241900884838463,
      3.920764034845088
    ],
    "n_observations": 250
  },
  "mcmc": {
    "acceptance_rate": 0.5215000000000001,
    "ess_min": 551.4169287062225,
    "ess_mean": 611.008165810339,
    "ess_per_coord": [
      589.7204235166357,
      551.4169287062225,
      691.8871452081589
    ],
    "n_chunks": 2,
    "total_steps": 10000,
    "converged": true,
    "efficiency": 0.055141692870622254,
    "n_forward_evals": 10000
  },
  "certificate": {
    "L_hat": 713.8033336745348,
    "KL": 0.0,
    "eta_h": 5e-05,
    "delta_term": 0.0059914645471079815,
    "B_lambda": 713.8093751390819,
    "components": {
      "empirical_term": 713.8033336745348,
      "kl_term": 0.0,
      "discretization_term": 5e-05,
      "confidence_term": 0.0059914645471079815
    },
    "valid": true
  },
  "posterior_summary": {
    "mean": [
      1.3873331067845043,
      2.393183819844944,
      4.229205022847623
    ],
    "std": [
      0.021674390206528567,
      0.014203765507100712,
      0.030283549202822727
    ]
  },
  "performance": {
    "runtime": 25.391128063201904,
    "test_log_posterior": -6579.260554908092
  }
}