{
  "experiment_id": "s5_sigma0.1_nx50_T0.5_lam2.0_m5_seed101",
  "config": {
    "s": 5,
    "sensor_positions": [
      0.1,
      0.3,
      0.5,
      0.7,
      0.9
    ],
    "placement_type": "fixed",
    "sigma": 0.1,
    "n_x": 50,
    "T": 0.5,
    "lambda": 2.0,
    "c": 1.0,
    "m": 5,
    "n_t": 50,
    "seed": 101,
    "delta": 0.05,
    "alpha": 0.001,
    "M": 2000,
    "R": 100,
    "n": 250,
    "Delta_x": 0.02,
    "Delta_t": 0.01020408163265306,
    "mcmc_n_steps": 10000,
    "mcmc_n_burn": 2000,
    "is_baseline": false
  },
  "status": "success",
  "dataset": {
    "kappa_star": [
      2.3073951969585615,
      2.4973365540384895,
      0.5996597926733394,
      1.1003257967878608,
      2.898469435940594
    ],
    "n_observations": 250
  },
  "mcmc": {
    "acceptance_rate": 0.5767833333333333,
    "ess_min": 531.3346092896081,
    "ess_mean": 624.0689282669862,
    "ess_per_coord": [
      810.4465703766415,
      658.5157683189389,
      552.4962475671947,
      531.3346092896081,
      567.5514457825482
    ],
    "n_chunks": 4,
    "total_steps": 20000,
    "converged": true,
    "efficiency": 0.026566730464480406,
    "n_forward_evals": 20000
  },
  "certificate": {
    "L_hat": 482.7630068896502,
    "KL": 0.0,
    "eta_h": 0.0002,
    "delta_term": 0.0059914645471079815,
    "B_lambda": 482.76919835419733,
    "components": {
      "empirical_term": 482.7630068896502,
      "kl_term": 0.0,
      "discretization_term": 0.0002,
      "confidence_term": 0.0059914645471079815
    },
    "valid": true
  },
  "posterior_summary": {
    "mean": [
      3.2240905334934418,
      2.898920462749789,
      2.3395298352177907,
      2.199876033018904,
      2.824166032726595
    ],
    "std": [
      0.07087425830380475,
      0.0321766293455541,
      0.02580388146589742,
      0.03466084727860928,
      0.06655088189780829
    ]
  },
  "performance": {
    "runtime": 190.10200715065002,
    "test_log_posterior": -14133.358295606069
  }
}