{
  "experiment_id": "s3_sigma0.1_nx50_T0.5_lam0.5_m5_seed202",
  "config": {
    "s": 3,
    "sensor_positions": [
      0.2,
      0.5,
      0.8
    ],
    "placement_type": "shifted",
    "sigma": 0.1,
    "n_x": 50,
    "T": 0.5,
    "lambda": 0.5,
    "c": 1.0,
    "m": 5,
    "n_t": 50,
    "seed": 202,
    "delta": 0.05,
    "alpha": 0.001,
    "M": 2000,
    "R": 100,
    "n": 150,
    "Delta_x": 0.02,
    "Delta_t": 0.01020408163265306,
    "mcmc_n_steps": 10000,
    "mcmc_n_burn": 2000,
    "is_baseline": false
  },
  "status": "success",
  "dataset": {
    "kappa_star": [
      1.2847216299636934,
      1.4241900884838463,
      3.920764034845088,
      3.9752807832159958,
      3.9824723567684557
    ],
    "n_observations": 150
  },
  "mcmc": {
    "acceptance_rate": 0.5966,
    "ess_min": 470.75299963578715,
    "ess_mean": 592.2133135415529,
    "ess_per_coord": [
      736.1525283796273,
      477.9564965413309,
      485.5232984995057,
      470.75299963578715,
      790.6812446515131
    ],
    "n_chunks": 3,
    "total_steps": 15000,
    "converged": true,
    "efficiency": 0.031383533309052476,
    "n_forward_evals": 15000
  },
  "certificate": {
    "L_hat": 2348.3642646506187,
    "KL": 0.0,
    "eta_h": 0.0002,
    "delta_term": 0.03994309698071988,
    "B_lambda": 2348.404407747599,
    "components": {
      "empirical_term": 2348.3642646506187,
      "kl_term": 0.0,
      "discretization_term": 0.0002,
      "confidence_term": 0.03994309698071988
    },
    "valid": true
  },
  "posterior_summary": {
    "mean": [
      0.8293266860680419,
      3.8963930028432814,
      4.988474230225329,
      4.952529283427224,
      3.7064609741418217
    ],
    "std": [
      0.052776439190565065,
      0.07458108298904698,
      0.011048338739046192,
      0.03525319229403914,
      0.10059702394778801
    ]
  },
  "performance": {
    "runtime": 84.8096079826355,
    "test_log_posterior": -2890.990992496021
  }
}