{
  "experiment_id": "s5_sigma0.05_nx50_T0.3_lam2.0_m5_seed101",
  "config": {
    "s": 5,
    "sensor_positions": [
      0.2,
      0.35,
      0.5,
      0.65,
      0.8
    ],
    "placement_type": "shifted",
    "sigma": 0.05,
    "n_x": 50,
    "T": 0.3,
    "lambda": 2.0,
    "c": 1.0,
    "m": 5,
    "n_t": 100,
    "seed": 101,
    "delta": 0.05,
    "alpha": 0.001,
    "M": 2000,
    "R": 100,
    "n": 500,
    "Delta_x": 0.02,
    "Delta_t": 0.0030303030303030303,
    "mcmc_n_steps": 10000,
    "mcmc_n_burn": 2000,
    "is_baseline": false
  },
  "status": "success",
  "dataset": {
    "kappa_star": [
      2.3073951969585615,
      2.4973365540384895,
      0.5996597926733394,
      1.1003257967878608,
      2.898469435940594
    ],
    "n_observations": 500
  },
  "mcmc": {
    "acceptance_rate": 0.42937777777777786,
    "ess_min": 439.6597730745153,
    "ess_mean": 634.2500887576693,
    "ess_per_coord": [
      954.8500112222596,
      740.9887145396372,
      526.258595519943,
      439.6597730745153,
      509.49334943199165
    ],
    "n_chunks": 6,
    "total_steps": 30000,
    "converged": true,
    "efficiency": 0.01465532576915051,
    "n_forward_evals": 30000
  },
  "certificate": {
    "L_hat": 1407.960596203176,
    "KL": 0.0,
    "eta_h": 0.0002,
    "delta_term": 0.0029957322735539907,
    "B_lambda": 1407.9637919354495,
    "components": {
      "empirical_term": 1407.960596203176,
      "kl_term": 0.0,
      "discretization_term": 0.0002,
      "confidence_term": 0.0029957322735539907
    },
    "valid": true
  },
  "posterior_summary": {
    "mean": [
      1.6528987745315036,
      2.9648873660063773,
      2.333457400167305,
      2.2543636332936274,
      1.4687086598214427
    ],
    "std": [
      0.013372409604795162,
      0.011386511657162474,
      0.009287418405773818,
      0.010109703913212484,
      0.01316164394348894
    ]
  },
  "performance": {
    "runtime": 545.6090738773346,
    "test_log_posterior": -171967.79055472655
  }
}