{
  "experiment_id": "s3_sigma0.1_nx50_T0.3_lam1.0_m3_seed202",
  "config": {
    "s": 3,
    "sensor_positions": [
      0.25,
      0.5,
      0.75
    ],
    "placement_type": "fixed",
    "sigma": 0.1,
    "n_x": 50,
    "T": 0.3,
    "lambda": 1.0,
    "c": 1.0,
    "m": 3,
    "n_t": 100,
    "seed": 202,
    "delta": 0.05,
    "alpha": 0.001,
    "M": 2000,
    "R": 100,
    "n": 300,
    "Delta_x": 0.02,
    "Delta_t": 0.0030303030303030303,
    "mcmc_n_steps": 10000,
    "mcmc_n_burn": 2000,
    "is_baseline": false
  },
  "status": "success",
  "dataset": {
    "kappa_star": [
      1.2847216299636934,
      1.4241900884838463,
      3.920764034845088
    ],
    "n_observations": 300
  },
  "mcmc": {
    "acceptance_rate": 0.53575,
    "ess_min": 514.611574596255,
    "ess_mean": 665.4906347119544,
    "ess_per_coord": [
      746.9584494930732,
      514.611574596255,
      734.901880046535
    ],
    "n_chunks": 2,
    "total_steps": 10000,
    "converged": true,
    "efficiency": 0.0514611574596255,
    "n_forward_evals": 10000
  },
  "certificate": {
    "L_hat": 282.5804707855218,
    "KL": 0.0,
    "eta_h": 0.0002,
    "delta_term": 0.00998577424517997,
    "B_lambda": 282.590656559767,
    "components": {
      "empirical_term": 282.5804707855218,
      "kl_term": 0.0,
      "discretization_term": 0.0002,
      "confidence_term": 0.00998577424517997
    },
    "valid": true
  },
  "posterior_summary": {
    "mean": [
      1.5921411311713427,
      2.961043066431306,
      3.901302124713934
    ],
    "std": [
      0.021887516331436013,
      0.01963673400195705,
      0.03425914023183949
    ]
  },
  "performance": {
    "runtime": 47.94849991798401,
    "test_log_posterior": -4972.306653482929
  }
}