{
  "experiment_id": "s5_sigma0.2_nx50_T0.5_lam2.0_m5_seed101",
  "config": {
    "s": 5,
    "sensor_positions": [
      0.1,
      0.3,
      0.5,
      0.7,
      0.9
    ],
    "placement_type": "fixed",
    "sigma": 0.2,
    "n_x": 50,
    "T": 0.5,
    "lambda": 2.0,
    "c": 1.0,
    "m": 5,
    "n_t": 50,
    "seed": 101,
    "delta": 0.05,
    "alpha": 0.001,
    "M": 2000,
    "R": 100,
    "n": 250,
    "Delta_x": 0.02,
    "Delta_t": 0.01020408163265306,
    "mcmc_n_steps": 10000,
    "mcmc_n_burn": 2000,
    "is_baseline": false
  },
  "status": "success",
  "dataset": {
    "kappa_star": [
      2.3073951969585615,
      2.4973365540384895,
      0.5996597926733394,
      1.1003257967878608,
      2.898469435940594
    ],
    "n_observations": 250
  },
  "mcmc": {
    "acceptance_rate": 0.5371666666666667,
    "ess_min": 536.6623687948676,
    "ess_mean": 650.7510869034038,
    "ess_per_coord": [
      710.3803641240369,
      536.6623687948676,
      671.822021439175,
      661.1588299742101,
      673.7318501847296
    ],
    "n_chunks": 4,
    "total_steps": 20000,
    "converged": true,
    "efficiency": 0.02683311843974338,
    "n_forward_evals": 20000
  },
  "certificate": {
    "L_hat": 206.8898138840325,
    "KL": 0.0,
    "eta_h": 0.0002,
    "delta_term": 0.0059914645471079815,
    "B_lambda": 206.8960053485796,
    "components": {
      "empirical_term": 206.8898138840325,
      "kl_term": 0.0,
      "discretization_term": 0.0002,
      "confidence_term": 0.0059914645471079815
    },
    "valid": true
  },
  "posterior_summary": {
    "mean": [
      3.2904259856789078,
      2.962362508412869,
      2.358351834424673,
      2.1710770125193095,
      2.821272048509343
    ],
    "std": [
      0.14574512819561097,
      0.07140930532759518,
      0.05149781490918842,
      0.06879937356670347,
      0.14891030345031656
    ]
  },
  "performance": {
    "runtime": 118.59369230270386,
    "test_log_posterior": -3773.0622986464764
  }
}