{
  "experiment_id": "s5_sigma0.2_nx50_T0.3_lam2.0_m3_seed303",
  "config": {
    "s": 5,
    "sensor_positions": [
      0.2,
      0.35,
      0.5,
      0.65,
      0.8
    ],
    "placement_type": "shifted",
    "sigma": 0.2,
    "n_x": 50,
    "T": 0.3,
    "lambda": 2.0,
    "c": 1.0,
    "m": 3,
    "n_t": 100,
    "seed": 303,
    "delta": 0.05,
    "alpha": 0.001,
    "M": 2000,
    "R": 100,
    "n": 500,
    "Delta_x": 0.02,
    "Delta_t": 0.0030303030303030303,
    "mcmc_n_steps": 10000,
    "mcmc_n_burn": 2000,
    "is_baseline": false
  },
  "status": "success",
  "dataset": {
    "kappa_star": [
      3.12551948199565,
      1.4836227496566199,
      2.427779995862962
    ],
    "n_observations": 500
  },
  "mcmc": {
    "acceptance_rate": 0.5306500000000001,
    "ess_min": 415.763742017021,
    "ess_mean": 513.9066391119874,
    "ess_per_coord": [
      415.763742017021,
      531.5541748758625,
      594.4020004430786
    ],
    "n_chunks": 2,
    "total_steps": 10000,
    "converged": true,
    "efficiency": 0.0415763742017021,
    "n_forward_evals": 10000
  },
  "certificate": {
    "L_hat": 583.9186606488481,
    "KL": 0.0,
    "eta_h": 0.0002,
    "delta_term": 0.0029957322735539907,
    "B_lambda": 583.9218563811216,
    "components": {
      "empirical_term": 583.9186606488481,
      "kl_term": 0.0,
      "discretization_term": 0.0002,
      "confidence_term": 0.0029957322735539907
    },
    "valid": true
  },
  "posterior_summary": {
    "mean": [
      3.358668706354136,
      2.5551257967224874,
      2.692080973825232
    ],
    "std": [
      0.045198252564242154,
      0.018827658531664394,
      0.0429928817076302
    ]
  },
  "performance": {
    "runtime": 48.27010631561279,
    "test_log_posterior": -4292.437060215471
  }
}