{
  "experiment_id": "s3_sigma0.1_nx100_T0.3_lam0.5_m5_seed101",
  "config": {
    "s": 3,
    "sensor_positions": [
      0.2,
      0.5,
      0.8
    ],
    "placement_type": "shifted",
    "sigma": 0.1,
    "n_x": 100,
    "T": 0.3,
    "lambda": 0.5,
    "c": 1.0,
    "m": 5,
    "n_t": 100,
    "seed": 101,
    "delta": 0.05,
    "alpha": 0.001,
    "M": 2000,
    "R": 100,
    "n": 300,
    "Delta_x": 0.01,
    "Delta_t": 0.0030303030303030303,
    "mcmc_n_steps": 10000,
    "mcmc_n_burn": 2000,
    "is_baseline": false
  },
  "status": "success",
  "dataset": {
    "kappa_star": [
      2.3073951969585615,
      2.4973365540384895,
      0.5996597926733394,
      1.1003257967878608,
      2.898469435940594
    ],
    "n_observations": 300
  },
  "mcmc": {
    "acceptance_rate": 0.4045916666666667,
    "ess_min": 177.65377666201954,
    "ess_mean": 206.32832341140843,
    "ess_per_coord": [
      185.2096185535817,
      177.65377666201954,
      306.6753917425642,
      180.7410420315503,
      181.36178806732633
    ],
    "n_chunks": 8,
    "total_steps": 40000,
    "converged": false,
    "efficiency": 0.004441344416550488,
    "n_forward_evals": 40000
  },
  "certificate": {
    "L_hat": 224.76545721003492,
    "KL": 0.0,
    "eta_h": 5e-05,
    "delta_term": 0.01997154849035994,
    "B_lambda": 224.78547875852527,
    "components": {
      "empirical_term": 224.76545721003492,
      "kl_term": 0.0,
      "discretization_term": 5e-05,
      "confidence_term": 0.01997154849035994
    },
    "valid": true
  },
  "posterior_summary": {
    "mean": [
      2.1385083489326786,
      2.314516275582781,
      2.379982489928169,
      2.5933152269196404,
      1.1842694363452966
    ],
    "std": [
      0.15141080492277273,
      0.15398248429339229,
      0.06563917679067711,
      0.10417914518358756,
      0.07878252104297472
    ]
  },
  "performance": {
    "runtime": 445.78109312057495,
    "test_log_posterior": -5762.000589301062
  }
}