{
  "experiment_id": "s3_sigma0.05_nx100_T0.5_lam0.5_m3_seed202",
  "config": {
    "s": 3,
    "sensor_positions": [
      0.2,
      0.5,
      0.8
    ],
    "placement_type": "shifted",
    "sigma": 0.05,
    "n_x": 100,
    "T": 0.5,
    "lambda": 0.5,
    "c": 1.0,
    "m": 3,
    "n_t": 100,
    "seed": 202,
    "delta": 0.05,
    "alpha": 0.001,
    "M": 2000,
    "R": 100,
    "n": 300,
    "Delta_x": 0.01,
    "Delta_t": 0.005050505050505051,
    "mcmc_n_steps": 10000,
    "mcmc_n_burn": 2000,
    "is_baseline": false
  },
  "status": "success",
  "dataset": {
    "kappa_star": [
      1.2847216299636934,
      1.4241900884838463,
      3.920764034845088
    ],
    "n_observations": 300
  },
  "mcmc": {
    "acceptance_rate": 0.54375,
    "ess_min": 557.5059938595682,
    "ess_mean": 685.4959669198911,
    "ess_per_coord": [
      609.3814555736668,
      557.5059938595682,
      889.6004513264382
    ],
    "n_chunks": 2,
    "total_steps": 10000,
    "converged": true,
    "efficiency": 0.05575059938595682,
    "n_forward_evals": 10000
  },
  "certificate": {
    "L_hat": 1558.09860600285,
    "KL": 0.0,
    "eta_h": 5e-05,
    "delta_term": 0.01997154849035994,
    "B_lambda": 1558.1186275513403,
    "components": {
      "empirical_term": 1558.09860600285,
      "kl_term": 0.0,
      "discretization_term": 5e-05,
      "confidence_term": 0.01997154849035994
    },
    "valid": true
  },
  "posterior_summary": {
    "mean": [
      1.7810545213462052,
      2.9014764611970363,
      4.175265787189737
    ],
    "std": [
      0.0248337484625065,
      0.016446358099856367,
      0.03328930490364189
    ]
  },
  "performance": {
    "runtime": 29.52711820602417,
    "test_log_posterior": -6751.494225973714
  }
}