{
  "experiment_id": "s3_sigma0.2_nx100_T0.3_lam2.0_m3_seed101",
  "config": {
    "s": 3,
    "sensor_positions": [
      0.25,
      0.5,
      0.75
    ],
    "placement_type": "fixed",
    "sigma": 0.2,
    "n_x": 100,
    "T": 0.3,
    "lambda": 2.0,
    "c": 1.0,
    "m": 3,
    "n_t": 100,
    "seed": 101,
    "delta": 0.05,
    "alpha": 0.001,
    "M": 2000,
    "R": 100,
    "n": 300,
    "Delta_x": 0.01,
    "Delta_t": 0.0030303030303030303,
    "mcmc_n_steps": 10000,
    "mcmc_n_burn": 2000,
    "is_baseline": false
  },
  "status": "success",
  "dataset": {
    "kappa_star": [
      2.3073951969585615,
      2.4973365540384895,
      0.5996597926733394
    ],
    "n_observations": 300
  },
  "mcmc": {
    "acceptance_rate": 0.50825,
    "ess_min": 517.4954873872837,
    "ess_mean": 683.6126111816162,
    "ess_per_coord": [
      718.8351249379659,
      517.4954873872837,
      814.507221219599
    ],
    "n_chunks": 2,
    "total_steps": 10000,
    "converged": true,
    "efficiency": 0.05174954873872837,
    "n_forward_evals": 10000
  },
  "certificate": {
    "L_hat": 226.8139418240983,
    "KL": 0.0,
    "eta_h": 5e-05,
    "delta_term": 0.004992887122589985,
    "B_lambda": 226.81898471122088,
    "components": {
      "empirical_term": 226.8139418240983,
      "kl_term": 0.0,
      "discretization_term": 5e-05,
      "confidence_term": 0.004992887122589985
    },
    "valid": true
  },
  "posterior_summary": {
    "mean": [
      3.0287341586456127,
      3.449370547780235,
      1.2727279815485268
    ],
    "std": [
      0.039297654769023346,
      0.029359058944883373,
      0.03054969966616866
    ]
  },
  "performance": {
    "runtime": 47.27631592750549,
    "test_log_posterior": -1963.0088698111217
  }
}