{
  "experiment_id": "s3_sigma0.2_nx50_T0.5_lam0.5_m5_seed101",
  "config": {
    "s": 3,
    "sensor_positions": [
      0.2,
      0.5,
      0.8
    ],
    "placement_type": "shifted",
    "sigma": 0.2,
    "n_x": 50,
    "T": 0.5,
    "lambda": 0.5,
    "c": 1.0,
    "m": 5,
    "n_t": 50,
    "seed": 101,
    "delta": 0.05,
    "alpha": 0.001,
    "M": 2000,
    "R": 100,
    "n": 150,
    "Delta_x": 0.02,
    "Delta_t": 0.01020408163265306,
    "mcmc_n_steps": 10000,
    "mcmc_n_burn": 2000,
    "is_baseline": false
  },
  "status": "success",
  "dataset": {
    "kappa_star": [
      2.3073951969585615,
      2.4973365540384895,
      0.5996597926733394,
      1.1003257967878608,
      2.898469435940594
    ],
    "n_observations": 150
  },
  "mcmc": {
    "acceptance_rate": 0.4916416666666666,
    "ess_min": 368.7372536403868,
    "ess_mean": 494.98395387337115,
    "ess_per_coord": [
      563.0311719683596,
      600.7857765975897,
      572.1174119973363,
      370.2481551631837,
      368.7372536403868
    ],
    "n_chunks": 8,
    "total_steps": 40000,
    "converged": false,
    "efficiency": 0.009218431341009671,
    "n_forward_evals": 40000
  },
  "certificate": {
    "L_hat": 94.55815783738667,
    "KL": 0.0,
    "eta_h": 0.0002,
    "delta_term": 0.03994309698071988,
    "B_lambda": 94.5983009343674,
    "components": {
      "empirical_term": 94.55815783738667,
      "kl_term": 0.0,
      "discretization_term": 0.0002,
      "confidence_term": 0.03994309698071988
    },
    "valid": true
  },
  "posterior_summary": {
    "mean": [
      1.954189679939224,
      2.544844346118144,
      2.4965556478544455,
      2.4301167925972944,
      1.3960244529391312
    ],
    "std": [
      0.2898979442258305,
      0.308770221754937,
      0.1471967830708893,
      0.2809927371982699,
      0.23862313714475922
    ]
  },
  "performance": {
    "runtime": 149.04248809814453,
    "test_log_posterior": -601.4764198474229
  }
}