{
  "experiment_id": "s3_sigma0.05_nx100_T0.3_lam0.5_m5_seed101",
  "config": {
    "s": 3,
    "sensor_positions": [
      0.2,
      0.5,
      0.8
    ],
    "placement_type": "shifted",
    "sigma": 0.05,
    "n_x": 100,
    "T": 0.3,
    "lambda": 0.5,
    "c": 1.0,
    "m": 5,
    "n_t": 50,
    "seed": 101,
    "delta": 0.05,
    "alpha": 0.001,
    "M": 2000,
    "R": 100,
    "n": 150,
    "Delta_x": 0.01,
    "Delta_t": 0.006122448979591836,
    "mcmc_n_steps": 10000,
    "mcmc_n_burn": 2000,
    "is_baseline": false
  },
  "status": "success",
  "dataset": {
    "kappa_star": [
      2.3073951969585615,
      2.4973365540384895,
      0.5996597926733394,
      1.1003257967878608,
      2.898469435940594
    ],
    "n_observations": 150
  },
  "mcmc": {
    "acceptance_rate": 0.27501666666666663,
    "ess_min": 115.29135190411073,
    "ess_mean": 139.75060872219467,
    "ess_per_coord": [
      131.06377352470517,
      128.71137534424196,
      208.14858619817863,
      115.29135190411073,
      115.53795663973686
    ],
    "n_chunks": 8,
    "total_steps": 40000,
    "converged": false,
    "efficiency": 0.0028822837976027684,
    "n_forward_evals": 40000
  },
  "certificate": {
    "L_hat": 229.22369253193284,
    "KL": 0.0,
    "eta_h": 5e-05,
    "delta_term": 0.03994309698071988,
    "B_lambda": 229.26368562891355,
    "components": {
      "empirical_term": 229.22369253193284,
      "kl_term": 0.0,
      "discretization_term": 5e-05,
      "confidence_term": 0.03994309698071988
    },
    "valid": true
  },
  "posterior_summary": {
    "mean": [
      2.0960852337421927,
      2.3391339411669416,
      2.4087631123638373,
      2.541602909367141,
      1.2431646624065715
    ],
    "std": [
      0.13121891806395788,
      0.13030975681910714,
      0.053708805836088246,
      0.08430286290290327,
      0.063258360950136
    ]
  },
  "performance": {
    "runtime": 239.2019748687744,
    "test_log_posterior": -11587.990246824382
  }
}