{
  "experiment_id": "s3_sigma0.2_nx100_T0.3_lam0.5_m5_seed303",
  "config": {
    "s": 3,
    "sensor_positions": [
      0.2,
      0.5,
      0.8
    ],
    "placement_type": "shifted",
    "sigma": 0.2,
    "n_x": 100,
    "T": 0.3,
    "lambda": 0.5,
    "c": 1.0,
    "m": 5,
    "n_t": 50,
    "seed": 303,
    "delta": 0.05,
    "alpha": 0.001,
    "M": 2000,
    "R": 100,
    "n": 150,
    "Delta_x": 0.01,
    "Delta_t": 0.006122448979591836,
    "mcmc_n_steps": 10000,
    "mcmc_n_burn": 2000,
    "is_baseline": false
  },
  "status": "success",
  "dataset": {
    "kappa_star": [
      3.12551948199565,
      1.4836227496566199,
      2.427779995862962,
      3.3381215081208255,
      2.6741059937440994
    ],
    "n_observations": 150
  },
  "mcmc": {
    "acceptance_rate": 0.5114166666666667,
    "ess_min": 405.7990300536741,
    "ess_mean": 591.3559315027513,
    "ess_per_coord": [
      875.6046476567659,
      700.447722006342,
      514.5251169709819,
      405.7990300536741,
      460.40314082599315
    ],
    "n_chunks": 4,
    "total_steps": 20000,
    "converged": true,
    "efficiency": 0.020289951502683704,
    "n_forward_evals": 20000
  },
  "certificate": {
    "L_hat": 351.5338869158778,
    "KL": 0.0,
    "eta_h": 5e-05,
    "delta_term": 0.03994309698071988,
    "B_lambda": 351.5738800128585,
    "components": {
      "empirical_term": 351.5338869158778,
      "kl_term": 0.0,
      "discretization_term": 5e-05,
      "confidence_term": 0.03994309698071988
    },
    "valid": true
  },
  "posterior_summary": {
    "mean": [
      1.5264116696759304,
      3.7632721686179935,
      4.4544680100446055,
      4.026852510937506,
      2.3637310150829776
    ],
    "std": [
      0.14763789885574666,
      0.17791939821734487,
      0.11401314735803285,
      0.21151551237735225,
      0.16774034902754112
    ]
  },
  "performance": {
    "runtime": 70.85729694366455,
    "test_log_posterior": -1025.9849634260988
  }
}