{
  "experiment_id": "s3_sigma0.05_nx50_T0.5_lam2.0_m3_seed303",
  "config": {
    "s": 3,
    "sensor_positions": [
      0.2,
      0.5,
      0.8
    ],
    "placement_type": "shifted",
    "sigma": 0.05,
    "n_x": 50,
    "T": 0.5,
    "lambda": 2.0,
    "c": 1.0,
    "m": 3,
    "n_t": 100,
    "seed": 303,
    "delta": 0.05,
    "alpha": 0.001,
    "M": 2000,
    "R": 100,
    "n": 300,
    "Delta_x": 0.02,
    "Delta_t": 0.005050505050505051,
    "mcmc_n_steps": 10000,
    "mcmc_n_burn": 2000,
    "is_baseline": false
  },
  "status": "success",
  "dataset": {
    "kappa_star": [
      3.12551948199565,
      1.4836227496566199,
      2.427779995862962
    ],
    "n_observations": 300
  },
  "mcmc": {
    "acceptance_rate": 0.5063,
    "ess_min": 541.1520049708315,
    "ess_mean": 720.5066856688892,
    "ess_per_coord": [
      541.1520049708315,
      735.5979926873429,
      884.7700593484932
    ],
    "n_chunks": 2,
    "total_steps": 10000,
    "converged": true,
    "efficiency": 0.054115200497083155,
    "n_forward_evals": 10000
  },
  "certificate": {
    "L_hat": 2589.9577551079205,
    "KL": 0.0,
    "eta_h": 0.0002,
    "delta_term": 0.004992887122589985,
    "B_lambda": 2589.962947995043,
    "components": {
      "empirical_term": 2589.9577551079205,
      "kl_term": 0.0,
      "discretization_term": 0.0002,
      "confidence_term": 0.004992887122589985
    },
    "valid": true
  },
  "posterior_summary": {
    "mean": [
      3.5060508252006097,
      3.098853634487204,
      2.871325945991794
    ],
    "std": [
      0.014641941485070949,
      0.00847447837726107,
      0.014346598569810177
    ]
  },
  "performance": {
    "runtime": 47.54841685295105,
    "test_log_posterior": -32645.096248317128
  }
}