{
  "experiment_id": "s3_sigma0.1_nx50_T0.5_lam2.0_m5_seed101",
  "config": {
    "s": 3,
    "sensor_positions": [
      0.25,
      0.5,
      0.75
    ],
    "placement_type": "fixed",
    "sigma": 0.1,
    "n_x": 50,
    "T": 0.5,
    "lambda": 2.0,
    "c": 1.0,
    "m": 5,
    "n_t": 50,
    "seed": 101,
    "delta": 0.05,
    "alpha": 0.001,
    "M": 2000,
    "R": 100,
    "n": 150,
    "Delta_x": 0.02,
    "Delta_t": 0.01020408163265306,
    "mcmc_n_steps": 10000,
    "mcmc_n_burn": 2000,
    "is_baseline": false
  },
  "status": "success",
  "dataset": {
    "kappa_star": [
      2.3073951969585615,
      2.4973365540384895,
      0.5996597926733394,
      1.1003257967878608,
      2.898469435940594
    ],
    "n_observations": 150
  },
  "mcmc": {
    "acceptance_rate": 0.48425333333333337,
    "ess_min": 414.9627189871159,
    "ess_mean": 516.3594125656988,
    "ess_per_coord": [
      562.3986152660981,
      533.5198518318568,
      643.7705569401447,
      414.9627189871159,
      427.14531980327854
    ],
    "n_chunks": 5,
    "total_steps": 25000,
    "converged": true,
    "efficiency": 0.016598508759484636,
    "n_forward_evals": 25000
  },
  "certificate": {
    "L_hat": 277.325646009732,
    "KL": 0.0,
    "eta_h": 0.0002,
    "delta_term": 0.00998577424517997,
    "B_lambda": 277.3358317839772,
    "components": {
      "empirical_term": 277.325646009732,
      "kl_term": 0.0,
      "discretization_term": 0.0002,
      "confidence_term": 0.00998577424517997
    },
    "valid": true
  },
  "posterior_summary": {
    "mean": [
      3.010901986186181,
      2.744613679454035,
      2.3718440871696016,
      2.310755461429136,
      2.3807551678014733
    ],
    "std": [
      0.08828082452934412,
      0.044735944561275366,
      0.028928665961959085,
      0.05698678843369592,
      0.0961020653094597
    ]
  },
  "performance": {
    "runtime": 92.03859281539917,
    "test_log_posterior": -11045.446257990427
  }
}