{
  "experiment_id": "s3_sigma0.1_nx100_T0.3_lam0.5_m3_seed303",
  "config": {
    "s": 3,
    "sensor_positions": [
      0.2,
      0.5,
      0.8
    ],
    "placement_type": "shifted",
    "sigma": 0.1,
    "n_x": 100,
    "T": 0.3,
    "lambda": 0.5,
    "c": 1.0,
    "m": 3,
    "n_t": 50,
    "seed": 303,
    "delta": 0.05,
    "alpha": 0.001,
    "M": 2000,
    "R": 100,
    "n": 150,
    "Delta_x": 0.01,
    "Delta_t": 0.006122448979591836,
    "mcmc_n_steps": 10000,
    "mcmc_n_burn": 2000,
    "is_baseline": false
  },
  "status": "success",
  "dataset": {
    "kappa_star": [
      3.12551948199565,
      1.4836227496566199,
      2.427779995862962
    ],
    "n_observations": 150
  },
  "mcmc": {
    "acceptance_rate": 0.5246500000000001,
    "ess_min": 586.2326518863143,
    "ess_mean": 699.1813764739248,
    "ess_per_coord": [
      586.2326518863143,
      636.8683859710361,
      874.443091564424
    ],
    "n_chunks": 2,
    "total_steps": 10000,
    "converged": true,
    "efficiency": 0.05862326518863143,
    "n_forward_evals": 10000
  },
  "certificate": {
    "L_hat": 207.9779522044769,
    "KL": 0.0,
    "eta_h": 5e-05,
    "delta_term": 0.03994309698071988,
    "B_lambda": 208.01794530145762,
    "components": {
      "empirical_term": 207.9779522044769,
      "kl_term": 0.0,
      "discretization_term": 5e-05,
      "confidence_term": 0.03994309698071988
    },
    "valid": true
  },
  "posterior_summary": {
    "mean": [
      3.5728827356233763,
      3.1688228327811907,
      2.8745248309307674
    ],
    "std": [
      0.0696633390495555,
      0.03941679945778317,
      0.07101274569405644
    ]
  },
  "performance": {
    "runtime": 25.004202127456665,
    "test_log_posterior": -1473.329459555907
  }
}