{
  "experiment_id": "s5_sigma0.1_nx100_T0.5_lam2.0_m3_seed303",
  "config": {
    "s": 5,
    "sensor_positions": [
      0.2,
      0.35,
      0.5,
      0.65,
      0.8
    ],
    "placement_type": "shifted",
    "sigma": 0.1,
    "n_x": 100,
    "T": 0.5,
    "lambda": 2.0,
    "c": 1.0,
    "m": 3,
    "n_t": 100,
    "seed": 303,
    "delta": 0.05,
    "alpha": 0.001,
    "M": 2000,
    "R": 100,
    "n": 500,
    "Delta_x": 0.01,
    "Delta_t": 0.005050505050505051,
    "mcmc_n_steps": 10000,
    "mcmc_n_burn": 2000,
    "is_baseline": false
  },
  "status": "success",
  "dataset": {
    "kappa_star": [
      3.12551948199565,
      1.4836227496566199,
      2.427779995862962
    ],
    "n_observations": 500
  },
  "mcmc": {
    "acceptance_rate": 0.49534999999999996,
    "ess_min": 507.6209462671647,
    "ess_mean": 631.8471572417953,
    "ess_per_coord": [
      507.6209462671647,
      615.5075104610503,
      772.4130149971712
    ],
    "n_chunks": 2,
    "total_steps": 10000,
    "converged": true,
    "efficiency": 0.05076209462671647,
    "n_forward_evals": 10000
  },
  "certificate": {
    "L_hat": 1470.632900596229,
    "KL": 0.0,
    "eta_h": 5e-05,
    "delta_term": 0.0029957322735539907,
    "B_lambda": 1470.6359463285028,
    "components": {
      "empirical_term": 1470.632900596229,
      "kl_term": 0.0,
      "discretization_term": 5e-05,
      "confidence_term": 0.0029957322735539907
    },
    "valid": true
  },
  "posterior_summary": {
    "mean": [
      3.3093606283059644,
      2.5703956671065837,
      2.6306823114867517
    ],
    "std": [
      0.02453615663873202,
      0.010881298265294888,
      0.023781716900560034
    ]
  },
  "performance": {
    "runtime": 48.51492214202881,
    "test_log_posterior": -11066.85738232992
  }
}