{
  "experiment_id": "s5_sigma0.2_nx100_T0.5_lam0.5_m3_seed202",
  "config": {
    "s": 5,
    "sensor_positions": [
      0.2,
      0.35,
      0.5,
      0.65,
      0.8
    ],
    "placement_type": "shifted",
    "sigma": 0.2,
    "n_x": 100,
    "T": 0.5,
    "lambda": 0.5,
    "c": 1.0,
    "m": 3,
    "n_t": 100,
    "seed": 202,
    "delta": 0.05,
    "alpha": 0.001,
    "M": 2000,
    "R": 100,
    "n": 500,
    "Delta_x": 0.01,
    "Delta_t": 0.005050505050505051,
    "mcmc_n_steps": 10000,
    "mcmc_n_burn": 2000,
    "is_baseline": false
  },
  "status": "success",
  "dataset": {
    "kappa_star": [
      1.2847216299636934,
      1.4241900884838463,
      3.920764034845088
    ],
    "n_observations": 500
  },
  "mcmc": {
    "acceptance_rate": 0.49360000000000004,
    "ess_min": 573.813267346721,
    "ess_mean": 682.7663134221599,
    "ess_per_coord": [
      699.2735094057073,
      573.813267346721,
      775.2121635140516
    ],
    "n_chunks": 2,
    "total_steps": 10000,
    "converged": true,
    "efficiency": 0.0573813267346721,
    "n_forward_evals": 10000
  },
  "certificate": {
    "L_hat": 482.3509363290506,
    "KL": 0.0,
    "eta_h": 5e-05,
    "delta_term": 0.011982929094215963,
    "B_lambda": 482.3629692581448,
    "components": {
      "empirical_term": 482.3509363290506,
      "kl_term": 0.0,
      "discretization_term": 5e-05,
      "confidence_term": 0.011982929094215963
    },
    "valid": true
  },
  "posterior_summary": {
    "mean": [
      1.4428364796727862,
      2.3679125522335296,
      4.242451586070555
    ],
    "std": [
      0.07276922067963687,
      0.04288219711474486,
      0.11864621010102032
    ]
  },
  "performance": {
    "runtime": 78.28850507736206,
    "test_log_posterior": -650.9177818758286
  }
}