{
  "experiment_id": "s5_sigma0.05_nx100_T0.3_lam0.5_m3_seed202",
  "config": {
    "s": 5,
    "sensor_positions": [
      0.1,
      0.3,
      0.5,
      0.7,
      0.9
    ],
    "placement_type": "fixed",
    "sigma": 0.05,
    "n_x": 100,
    "T": 0.3,
    "lambda": 0.5,
    "c": 1.0,
    "m": 3,
    "n_t": 100,
    "seed": 202,
    "delta": 0.05,
    "alpha": 0.001,
    "M": 2000,
    "R": 100,
    "n": 500,
    "Delta_x": 0.01,
    "Delta_t": 0.0030303030303030303,
    "mcmc_n_steps": 10000,
    "mcmc_n_burn": 2000,
    "is_baseline": false
  },
  "status": "success",
  "dataset": {
    "kappa_star": [
      1.2847216299636934,
      1.4241900884838463,
      3.920764034845088
    ],
    "n_observations": 500
  },
  "mcmc": {
    "acceptance_rate": 0.5096,
    "ess_min": 531.783795541958,
    "ess_mean": 591.7554727721275,
    "ess_per_coord": [
      531.783795541958,
      602.4946658882349,
      640.9879568861895
    ],
    "n_chunks": 2,
    "total_steps": 10000,
    "converged": true,
    "efficiency": 0.053178379554195805,
    "n_forward_evals": 10000
  },
  "certificate": {
    "L_hat": 1104.208253184559,
    "KL": 0.0,
    "eta_h": 5e-05,
    "delta_term": 0.011982929094215963,
    "B_lambda": 1104.2202861136534,
    "components": {
      "empirical_term": 1104.208253184559,
      "kl_term": 0.0,
      "discretization_term": 5e-05,
      "confidence_term": 0.011982929094215963
    },
    "valid": true
  },
  "posterior_summary": {
    "mean": [
      1.3164426195015833,
      2.960840081743149,
      3.2978289771417724
    ],
    "std": [
      0.011788739564514976,
      0.013516832478800771,
      0.016551046811172903
    ]
  },
  "performance": {
    "runtime": 59.936508893966675,
    "test_log_posterior": -9442.548150789844
  }
}