{
  "experiment_id": "s3_sigma0.05_nx50_T0.3_lam1.0_m5_seed202",
  "config": {
    "s": 3,
    "sensor_positions": [
      0.2,
      0.5,
      0.8
    ],
    "placement_type": "shifted",
    "sigma": 0.05,
    "n_x": 50,
    "T": 0.3,
    "lambda": 1.0,
    "c": 1.0,
    "m": 5,
    "n_t": 50,
    "seed": 202,
    "delta": 0.05,
    "alpha": 0.001,
    "M": 2000,
    "R": 100,
    "n": 150,
    "Delta_x": 0.02,
    "Delta_t": 0.006122448979591836,
    "mcmc_n_steps": 10000,
    "mcmc_n_burn": 2000,
    "is_baseline": false
  },
  "status": "success",
  "dataset": {
    "kappa_star": [
      1.2847216299636934,
      1.4241900884838463,
      3.920764034845088,
      3.9752807832159958,
      3.9824723567684557
    ],
    "n_observations": 150
  },
  "mcmc": {
    "acceptance_rate": 0.13747499999999999,
    "ess_min": 232.24206653764844,
    "ess_mean": 1313.3560275855511,
    "ess_per_coord": [
      1116.3914026431714,
      824.678535388238,
      232.24206653764844,
      320.2209312797174,
      4073.247202078981
    ],
    "n_chunks": 8,
    "total_steps": 40000,
    "converged": false,
    "efficiency": 0.005806051663441211,
    "n_forward_evals": 40000
  },
  "certificate": {
    "L_hat": 8545.249751312593,
    "KL": 0.0,
    "eta_h": 0.0002,
    "delta_term": 0.01997154849035994,
    "B_lambda": 8545.269922861084,
    "components": {
      "empirical_term": 8545.249751312593,
      "kl_term": 0.0,
      "discretization_term": 0.0002,
      "confidence_term": 0.01997154849035994
    },
    "valid": true
  },
  "posterior_summary": {
    "mean": [
      0.4529459232732981,
      4.446312678576292,
      4.999457299892893,
      4.9979128999849705,
      3.7278023053073315
    ],
    "std": [
      0.013769330515287326,
      0.024760767175882777,
      0.00041909658508616516,
      0.001836366442535,
      0.026224142157968554
    ]
  },
  "performance": {
    "runtime": 239.0992786884308,
    "test_log_posterior": -32852.81272554253
  }
}