{
  "experiment_id": "s5_sigma0.1_nx50_T0.5_lam0.5_m5_seed101",
  "config": {
    "s": 5,
    "sensor_positions": [
      0.2,
      0.35,
      0.5,
      0.65,
      0.8
    ],
    "placement_type": "shifted",
    "sigma": 0.1,
    "n_x": 50,
    "T": 0.5,
    "lambda": 0.5,
    "c": 1.0,
    "m": 5,
    "n_t": 100,
    "seed": 101,
    "delta": 0.05,
    "alpha": 0.001,
    "M": 2000,
    "R": 100,
    "n": 500,
    "Delta_x": 0.02,
    "Delta_t": 0.005050505050505051,
    "mcmc_n_steps": 10000,
    "mcmc_n_burn": 2000,
    "is_baseline": false
  },
  "status": "success",
  "dataset": {
    "kappa_star": [
      2.3073951969585615,
      2.4973365540384895,
      0.5996597926733394,
      1.1003257967878608,
      2.898469435940594
    ],
    "n_observations": 500
  },
  "mcmc": {
    "acceptance_rate": 0.5201833333333333,
    "ess_min": 415.9981441678232,
    "ess_mean": 598.588229734892,
    "ess_per_coord": [
      1033.263261079932,
      538.7795179432918,
      415.9981441678232,
      483.17889987275333,
      521.7213256106597
    ],
    "n_chunks": 4,
    "total_steps": 20000,
    "converged": true,
    "efficiency": 0.02079990720839116,
    "n_forward_evals": 20000
  },
  "certificate": {
    "L_hat": 884.7388992606175,
    "KL": 0.0,
    "eta_h": 0.0002,
    "delta_term": 0.011982929094215963,
    "B_lambda": 884.7510821897116,
    "components": {
      "empirical_term": 884.7388992606175,
      "kl_term": 0.0,
      "discretization_term": 0.0002,
      "confidence_term": 0.011982929094215963
    },
    "valid": true
  },
  "posterior_summary": {
    "mean": [
      1.8418567266675785,
      2.8118454187069113,
      2.4080897507042125,
      2.244264161637295,
      1.469163222645042
    ],
    "std": [
      0.05253747260444094,
      0.041198737217460354,
      0.03914067722186888,
      0.04384320043794805,
      0.05919338497262183
    ]
  },
  "performance": {
    "runtime": 358.57881903648376,
    "test_log_posterior": -7922.462427312917
  }
}