{
  "experiment_id": "s5_sigma0.2_nx100_T0.5_lam1.0_m5_seed303",
  "config": {
    "s": 5,
    "sensor_positions": [
      0.1,
      0.3,
      0.5,
      0.7,
      0.9
    ],
    "placement_type": "fixed",
    "sigma": 0.2,
    "n_x": 100,
    "T": 0.5,
    "lambda": 1.0,
    "c": 1.0,
    "m": 5,
    "n_t": 50,
    "seed": 303,
    "delta": 0.05,
    "alpha": 0.001,
    "M": 2000,
    "R": 100,
    "n": 250,
    "Delta_x": 0.01,
    "Delta_t": 0.01020408163265306,
    "mcmc_n_steps": 10000,
    "mcmc_n_burn": 2000,
    "is_baseline": false
  },
  "status": "success",
  "dataset": {
    "kappa_star": [
      3.12551948199565,
      1.4836227496566199,
      2.427779995862962,
      3.3381215081208255,
      2.6741059937440994
    ],
    "n_observations": 250
  },
  "mcmc": {
    "acceptance_rate": 0.5638000000000001,
    "ess_min": 545.5475346971448,
    "ess_mean": 683.2345234071466,
    "ess_per_coord": [
      863.8878836758778,
      717.2012870339238,
      717.4760894471985,
      545.5475346971448,
      572.0598221815884
    ],
    "n_chunks": 3,
    "total_steps": 15000,
    "converged": true,
    "efficiency": 0.03636983564647632,
    "n_forward_evals": 15000
  },
  "certificate": {
    "L_hat": 880.2099661619269,
    "KL": 0.0,
    "eta_h": 5e-05,
    "delta_term": 0.011982929094215963,
    "B_lambda": 880.2219990910211,
    "components": {
      "empirical_term": 880.2099661619269,
      "kl_term": 0.0,
      "discretization_term": 5e-05,
      "confidence_term": 0.011982929094215963
    },
    "valid": true
  },
  "posterior_summary": {
    "mean": [
      3.3608192527452703,
      3.5910971855970426,
      4.049503064918993,
      4.280883675421132,
      3.990457030476171
    ],
    "std": [
      0.14657966430889796,
      0.08793829149692466,
      0.0721174521969324,
      0.08875138261242169,
      0.16345040686376427
    ]
  },
  "performance": {
    "runtime": 88.88442325592041,
    "test_log_posterior": -2828.0413207805236
  }
}