{
  "experiment_id": "s5_sigma0.1_nx50_T0.3_lam0.5_m5_seed303",
  "config": {
    "s": 5,
    "sensor_positions": [
      0.1,
      0.3,
      0.5,
      0.7,
      0.9
    ],
    "placement_type": "fixed",
    "sigma": 0.1,
    "n_x": 50,
    "T": 0.3,
    "lambda": 0.5,
    "c": 1.0,
    "m": 5,
    "n_t": 100,
    "seed": 303,
    "delta": 0.05,
    "alpha": 0.001,
    "M": 2000,
    "R": 100,
    "n": 500,
    "Delta_x": 0.02,
    "Delta_t": 0.0030303030303030303,
    "mcmc_n_steps": 10000,
    "mcmc_n_burn": 2000,
    "is_baseline": false
  },
  "status": "success",
  "dataset": {
    "kappa_star": [
      3.12551948199565,
      1.4836227496566199,
      2.427779995862962,
      3.3381215081208255,
      2.6741059937440994
    ],
    "n_observations": 500
  },
  "mcmc": {
    "acceptance_rate": 0.5018666666666666,
    "ess_min": 534.9779096036924,
    "ess_mean": 649.5607263232944,
    "ess_per_coord": [
      534.9779096036924,
      620.1807287917712,
      561.5962164402533,
      729.9391328482286,
      801.1096439325265
    ],
    "n_chunks": 3,
    "total_steps": 15000,
    "converged": true,
    "efficiency": 0.03566519397357949,
    "n_forward_evals": 15000
  },
  "certificate": {
    "L_hat": 4925.597483497796,
    "KL": 0.0,
    "eta_h": 0.0002,
    "delta_term": 0.011982929094215963,
    "B_lambda": 4925.609666426891,
    "components": {
      "empirical_term": 4925.597483497796,
      "kl_term": 0.0,
      "discretization_term": 0.0002,
      "confidence_term": 0.011982929094215963
    },
    "valid": true
  },
  "posterior_summary": {
    "mean": [
      3.4194691361723297,
      3.635277587141305,
      4.242071178364468,
      4.435832700229565,
      4.340507434089434
    ],
    "std": [
      0.0719851212435033,
      0.041338327626325146,
      0.03511714549187746,
      0.04541056881094666,
      0.07966180517434945
    ]
  },
  "performance": {
    "runtime": 176.31084895133972,
    "test_log_posterior": -15633.142604994075
  }
}