{
  "experiment_id": "s3_sigma0.05_nx100_T0.3_lam2.0_m3_seed101",
  "config": {
    "s": 3,
    "sensor_positions": [
      0.25,
      0.5,
      0.75
    ],
    "placement_type": "fixed",
    "sigma": 0.05,
    "n_x": 100,
    "T": 0.3,
    "lambda": 2.0,
    "c": 1.0,
    "m": 3,
    "n_t": 100,
    "seed": 101,
    "delta": 0.05,
    "alpha": 0.001,
    "M": 2000,
    "R": 100,
    "n": 300,
    "Delta_x": 0.01,
    "Delta_t": 0.0030303030303030303,
    "mcmc_n_steps": 10000,
    "mcmc_n_burn": 2000,
    "is_baseline": false
  },
  "status": "success",
  "dataset": {
    "kappa_star": [
      2.3073951969585615,
      2.4973365540384895,
      0.5996597926733394
    ],
    "n_observations": 300
  },
  "mcmc": {
    "acceptance_rate": 0.51905,
    "ess_min": 441.1149457412891,
    "ess_mean": 611.0052089186843,
    "ess_per_coord": [
      441.1149457412891,
      647.8529756534606,
      744.047705361303
    ],
    "n_chunks": 2,
    "total_steps": 10000,
    "converged": true,
    "efficiency": 0.04411149457412891,
    "n_forward_evals": 10000
  },
  "certificate": {
    "L_hat": 1467.1900051021157,
    "KL": 0.0,
    "eta_h": 5e-05,
    "delta_term": 0.004992887122589985,
    "B_lambda": 1467.1950479892384,
    "components": {
      "empirical_term": 1467.1900051021157,
      "kl_term": 0.0,
      "discretization_term": 5e-05,
      "confidence_term": 0.004992887122589985
    },
    "valid": true
  },
  "posterior_summary": {
    "mean": [
      3.0033996220071644,
      3.4435874196489324,
      1.2841996974084509
    ],
    "std": [
      0.01011958691052783,
      0.007739615298417984,
      0.007305084455394976
    ]
  },
  "performance": {
    "runtime": 48.89188361167908,
    "test_log_posterior": -26822.229139898664
  }
}