{
  "experiment_id": "s5_sigma0.2_nx100_T0.5_lam1.0_m3_seed303",
  "config": {
    "s": 5,
    "sensor_positions": [
      0.1,
      0.3,
      0.5,
      0.7,
      0.9
    ],
    "placement_type": "fixed",
    "sigma": 0.2,
    "n_x": 100,
    "T": 0.5,
    "lambda": 1.0,
    "c": 1.0,
    "m": 3,
    "n_t": 100,
    "seed": 303,
    "delta": 0.05,
    "alpha": 0.001,
    "M": 2000,
    "R": 100,
    "n": 500,
    "Delta_x": 0.01,
    "Delta_t": 0.005050505050505051,
    "mcmc_n_steps": 10000,
    "mcmc_n_burn": 2000,
    "is_baseline": false
  },
  "status": "success",
  "dataset": {
    "kappa_star": [
      3.12551948199565,
      1.4836227496566199,
      2.427779995862962
    ],
    "n_observations": 500
  },
  "mcmc": {
    "acceptance_rate": 0.47805,
    "ess_min": 696.9804758024335,
    "ess_mean": 764.3858730999159,
    "ess_per_coord": [
      696.9804758024335,
      713.2692092864135,
      882.9079342109009
    ],
    "n_chunks": 2,
    "total_steps": 10000,
    "converged": true,
    "efficiency": 0.06969804758024335,
    "n_forward_evals": 10000
  },
  "certificate": {
    "L_hat": 399.90608974854536,
    "KL": 0.0,
    "eta_h": 5e-05,
    "delta_term": 0.0059914645471079815,
    "B_lambda": 399.91213121309244,
    "components": {
      "empirical_term": 399.90608974854536,
      "kl_term": 0.0,
      "discretization_term": 5e-05,
      "confidence_term": 0.0059914645471079815
    },
    "valid": true
  },
  "posterior_summary": {
    "mean": [
      2.7194765643310155,
      3.079035456868202,
      2.2591160553125875
    ],
    "std": [
      0.05867238459309054,
      0.04276978369273115,
      0.05359415582187232
    ]
  },
  "performance": {
    "runtime": 48.61718726158142,
    "test_log_posterior": -1195.2107225753334
  }
}