{
  "experiment_id": "s3_sigma0.05_nx50_T0.3_lam2.0_m5_seed202",
  "config": {
    "s": 3,
    "sensor_positions": [
      0.2,
      0.5,
      0.8
    ],
    "placement_type": "shifted",
    "sigma": 0.05,
    "n_x": 50,
    "T": 0.3,
    "lambda": 2.0,
    "c": 1.0,
    "m": 5,
    "n_t": 100,
    "seed": 202,
    "delta": 0.05,
    "alpha": 0.001,
    "M": 2000,
    "R": 100,
    "n": 300,
    "Delta_x": 0.02,
    "Delta_t": 0.0030303030303030303,
    "mcmc_n_steps": 10000,
    "mcmc_n_burn": 2000,
    "is_baseline": false
  },
  "status": "success",
  "dataset": {
    "kappa_star": [
      1.2847216299636934,
      1.4241900884838463,
      3.920764034845088,
      3.9752807832159958,
      3.9824723567684557
    ],
    "n_observations": 300
  },
  "mcmc": {
    "acceptance_rate": 0.07290833333333334,
    "ess_min": 7.563449326658573,
    "ess_mean": 622.0694805704536,
    "ess_per_coord": [
      335.1411445840473,
      340.41486826075817,
      7.563449326658573,
      8.825473970250256,
      2418.4024667105537
    ],
    "n_chunks": 8,
    "total_steps": 40000,
    "converged": false,
    "efficiency": 0.00018908623316646434,
    "n_forward_evals": 40000
  },
  "certificate": {
    "L_hat": 17104.47882333508,
    "KL": 0.0,
    "eta_h": 0.0002,
    "delta_term": 0.004992887122589985,
    "B_lambda": 17104.484016222203,
    "components": {
      "empirical_term": 17104.47882333508,
      "kl_term": 0.0,
      "discretization_term": 0.0002,
      "confidence_term": 0.004992887122589985
    },
    "valid": true
  },
  "posterior_summary": {
    "mean": [
      0.46346892187913286,
      4.433486232274344,
      4.999791101017536,
      4.998968721501388,
      3.702975851616866
    ],
    "std": [
      0.007293398550813072,
      0.01098326670833344,
      5.2013536869666594e-05,
      0.00044849256549181195,
      0.014425255911576491
    ]
  },
  "performance": {
    "runtime": 274.7437651157379,
    "test_log_posterior": -130039.09789489722
  }
}