{
  "experiment_id": "s3_sigma0.2_nx100_T0.3_lam1.0_m5_seed202",
  "config": {
    "s": 3,
    "sensor_positions": [
      0.25,
      0.5,
      0.75
    ],
    "placement_type": "fixed",
    "sigma": 0.2,
    "n_x": 100,
    "T": 0.3,
    "lambda": 1.0,
    "c": 1.0,
    "m": 5,
    "n_t": 100,
    "seed": 202,
    "delta": 0.05,
    "alpha": 0.001,
    "M": 2000,
    "R": 100,
    "n": 300,
    "Delta_x": 0.01,
    "Delta_t": 0.0030303030303030303,
    "mcmc_n_steps": 10000,
    "mcmc_n_burn": 2000,
    "is_baseline": false
  },
  "status": "success",
  "dataset": {
    "kappa_star": [
      1.2847216299636934,
      1.4241900884838463,
      3.920764034845088,
      3.9752807832159958,
      3.9824723567684557
    ],
    "n_observations": 300
  },
  "mcmc": {
    "acceptance_rate": 0.15196666666666667,
    "ess_min": 295.71247860799673,
    "ess_mean": 1396.7777936020302,
    "ess_per_coord": [
      2408.2757041927903,
      1243.060001420372,
      1584.6743538622184,
      1452.166429926774,
      295.71247860799673
    ],
    "n_chunks": 8,
    "total_steps": 40000,
    "converged": false,
    "efficiency": 0.007392811965199918,
    "n_forward_evals": 40000
  },
  "certificate": {
    "L_hat": 1643.1333791557804,
    "KL": 0.0,
    "eta_h": 5e-05,
    "delta_term": 0.00998577424517997,
    "B_lambda": 1643.1434149300258,
    "components": {
      "empirical_term": 1643.1333791557804,
      "kl_term": 0.0,
      "discretization_term": 5e-05,
      "confidence_term": 0.00998577424517997
    },
    "valid": true
  },
  "posterior_summary": {
    "mean": [
      1.151674398412216,
      4.247781549445698,
      4.99691144959383,
      4.996854061800654,
      4.992799706604792
    ],
    "std": [
      0.07265459678970544,
      0.07286322938732932,
      0.0030534973083492212,
      0.003678653071148563,
      0.005653269314898908
    ]
  },
  "performance": {
    "runtime": 458.9763677120209,
    "test_log_posterior": -6283.1848863820205
  }
}