{
  "experiment_id": "s5_sigma0.1_nx50_T0.5_lam1.0_m3_seed101",
  "config": {
    "s": 5,
    "sensor_positions": [
      0.1,
      0.3,
      0.5,
      0.7,
      0.9
    ],
    "placement_type": "fixed",
    "sigma": 0.1,
    "n_x": 50,
    "T": 0.5,
    "lambda": 1.0,
    "c": 1.0,
    "m": 3,
    "n_t": 100,
    "seed": 101,
    "delta": 0.05,
    "alpha": 0.001,
    "M": 2000,
    "R": 100,
    "n": 500,
    "Delta_x": 0.02,
    "Delta_t": 0.005050505050505051,
    "mcmc_n_steps": 10000,
    "mcmc_n_burn": 2000,
    "is_baseline": false
  },
  "status": "success",
  "dataset": {
    "kappa_star": [
      2.3073951969585615,
      2.4973365540384895,
      0.5996597926733394
    ],
    "n_observations": 500
  },
  "mcmc": {
    "acceptance_rate": 0.5078,
    "ess_min": 555.2468821287013,
    "ess_mean": 662.0467482866449,
    "ess_per_coord": [
      555.2468821287013,
      638.4352262304933,
      792.4581365007404
    ],
    "n_chunks": 2,
    "total_steps": 10000,
    "converged": true,
    "efficiency": 0.05552468821287013,
    "n_forward_evals": 10000
  },
  "certificate": {
    "L_hat": 812.0378223405863,
    "KL": 0.0,
    "eta_h": 0.0002,
    "delta_term": 0.0059914645471079815,
    "B_lambda": 812.0440138051334,
    "components": {
      "empirical_term": 812.0378223405863,
      "kl_term": 0.0,
      "discretization_term": 0.0002,
      "confidence_term": 0.0059914645471079815
    },
    "valid": true
  },
  "posterior_summary": {
    "mean": [
      2.5942853418314176,
      3.3452750787903387,
      1.1267780549983923
    ],
    "std": [
      0.02791590027283718,
      0.024636672565207518,
      0.01828210232897407
    ]
  },
  "performance": {
    "runtime": 80.15255403518677,
    "test_log_posterior": -2544.876387169138
  }
}