{
  "experiment_id": "s3_sigma0.2_nx50_T0.3_lam1.0_m5_seed303",
  "config": {
    "s": 3,
    "sensor_positions": [
      0.25,
      0.5,
      0.75
    ],
    "placement_type": "fixed",
    "sigma": 0.2,
    "n_x": 50,
    "T": 0.3,
    "lambda": 1.0,
    "c": 1.0,
    "m": 5,
    "n_t": 50,
    "seed": 303,
    "delta": 0.05,
    "alpha": 0.001,
    "M": 2000,
    "R": 100,
    "n": 150,
    "Delta_x": 0.02,
    "Delta_t": 0.006122448979591836,
    "mcmc_n_steps": 10000,
    "mcmc_n_burn": 2000,
    "is_baseline": false
  },
  "status": "success",
  "dataset": {
    "kappa_star": [
      3.12551948199565,
      1.4836227496566199,
      2.427779995862962,
      3.3381215081208255,
      2.6741059937440994
    ],
    "n_observations": 150
  },
  "mcmc": {
    "acceptance_rate": 0.5624000000000001,
    "ess_min": 414.84399992432367,
    "ess_mean": 626.3610460693606,
    "ess_per_coord": [
      812.2269975048794,
      701.6723004173388,
      748.9833245878882,
      414.84399992432367,
      454.0786079123729
    ],
    "n_chunks": 5,
    "total_steps": 25000,
    "converged": true,
    "efficiency": 0.016593759996972948,
    "n_forward_evals": 25000
  },
  "certificate": {
    "L_hat": 437.6584976092956,
    "KL": 0.0,
    "eta_h": 0.0002,
    "delta_term": 0.01997154849035994,
    "B_lambda": 437.6786691577859,
    "components": {
      "empirical_term": 437.6584976092956,
      "kl_term": 0.0,
      "discretization_term": 0.0002,
      "confidence_term": 0.01997154849035994
    },
    "valid": true
  },
  "posterior_summary": {
    "mean": [
      2.791442633518681,
      3.6466059194318516,
      4.356404952634625,
      4.212976059290424,
      4.042866284846642
    ],
    "std": [
      0.2097437759592476,
      0.1322377294391945,
      0.08076052194588473,
      0.13612411270013683,
      0.21030293283540946
    ]
  },
  "performance": {
    "runtime": 156.89870285987854,
    "test_log_posterior": -2911.1697522910285
  }
}