{
  "experiment_id": "s5_sigma0.2_nx100_T0.3_lam2.0_m3_seed101",
  "config": {
    "s": 5,
    "sensor_positions": [
      0.2,
      0.35,
      0.5,
      0.65,
      0.8
    ],
    "placement_type": "shifted",
    "sigma": 0.2,
    "n_x": 100,
    "T": 0.3,
    "lambda": 2.0,
    "c": 1.0,
    "m": 3,
    "n_t": 100,
    "seed": 101,
    "delta": 0.05,
    "alpha": 0.001,
    "M": 2000,
    "R": 100,
    "n": 500,
    "Delta_x": 0.01,
    "Delta_t": 0.0030303030303030303,
    "mcmc_n_steps": 10000,
    "mcmc_n_burn": 2000,
    "is_baseline": false
  },
  "status": "success",
  "dataset": {
    "kappa_star": [
      2.3073951969585615,
      2.4973365540384895,
      0.5996597926733394
    ],
    "n_observations": 500
  },
  "mcmc": {
    "acceptance_rate": 0.5246999999999999,
    "ess_min": 451.5859176901302,
    "ess_mean": 572.066501059762,
    "ess_per_coord": [
      554.4007589127515,
      451.5859176901302,
      710.2128265764043
    ],
    "n_chunks": 2,
    "total_steps": 10000,
    "converged": true,
    "efficiency": 0.04515859176901302,
    "n_forward_evals": 10000
  },
  "certificate": {
    "L_hat": 670.6094020743774,
    "KL": 0.0,
    "eta_h": 5e-05,
    "delta_term": 0.0029957322735539907,
    "B_lambda": 670.612447806651,
    "components": {
      "empirical_term": 670.6094020743774,
      "kl_term": 0.0,
      "discretization_term": 5e-05,
      "confidence_term": 0.0029957322735539907
    },
    "valid": true
  },
  "posterior_summary": {
    "mean": [
      3.084036031941823,
      2.7602115135525156,
      0.9856154699190082
    ],
    "std": [
      0.04598080770261972,
      0.019617205210422952,
      0.028041501456069307
    ]
  },
  "performance": {
    "runtime": 78.8562560081482,
    "test_log_posterior": -2019.2441962758865
  }
}