{
  "experiment_id": "s3_sigma0.2_nx100_T0.5_lam0.5_m5_seed202",
  "config": {
    "s": 3,
    "sensor_positions": [
      0.25,
      0.5,
      0.75
    ],
    "placement_type": "fixed",
    "sigma": 0.2,
    "n_x": 100,
    "T": 0.5,
    "lambda": 0.5,
    "c": 1.0,
    "m": 5,
    "n_t": 50,
    "seed": 202,
    "delta": 0.05,
    "alpha": 0.001,
    "M": 2000,
    "R": 100,
    "n": 150,
    "Delta_x": 0.01,
    "Delta_t": 0.01020408163265306,
    "mcmc_n_steps": 10000,
    "mcmc_n_burn": 2000,
    "is_baseline": false
  },
  "status": "success",
  "dataset": {
    "kappa_star": [
      1.2847216299636934,
      1.4241900884838463,
      3.920764034845088,
      3.9752807832159958,
      3.9824723567684557
    ],
    "n_observations": 150
  },
  "mcmc": {
    "acceptance_rate": 0.48895,
    "ess_min": 494.12811697274213,
    "ess_mean": 697.4710309726489,
    "ess_per_coord": [
      655.132894322019,
      494.12811697274213,
      704.7161235532925,
      540.0104898285706,
      1093.3675301866201
    ],
    "n_chunks": 4,
    "total_steps": 20000,
    "converged": true,
    "efficiency": 0.024706405848637106,
    "n_forward_evals": 20000
  },
  "certificate": {
    "L_hat": 867.2216274520289,
    "KL": 0.0,
    "eta_h": 5e-05,
    "delta_term": 0.03994309698071988,
    "B_lambda": 867.2616205490095,
    "components": {
      "empirical_term": 867.2216274520289,
      "kl_term": 0.0,
      "discretization_term": 5e-05,
      "confidence_term": 0.03994309698071988
    },
    "valid": true
  },
  "posterior_summary": {
    "mean": [
      1.7596198283319138,
      3.8094017267825833,
      4.964377904056872,
      4.969492394226088,
      4.930367956034561
    ],
    "std": [
      0.20735568144763497,
      0.1669520926385885,
      0.028863693500365075,
      0.028166951418001244,
      0.06082448098986639
    ]
  },
  "performance": {
    "runtime": 117.86578607559204,
    "test_log_posterior": -1137.1569130758185
  }
}