{
  "experiment_id": "s3_sigma0.05_nx100_T0.5_lam1.0_m5_seed202",
  "config": {
    "s": 3,
    "sensor_positions": [
      0.25,
      0.5,
      0.75
    ],
    "placement_type": "fixed",
    "sigma": 0.05,
    "n_x": 100,
    "T": 0.5,
    "lambda": 1.0,
    "c": 1.0,
    "m": 5,
    "n_t": 50,
    "seed": 202,
    "delta": 0.05,
    "alpha": 0.001,
    "M": 2000,
    "R": 100,
    "n": 150,
    "Delta_x": 0.01,
    "Delta_t": 0.01020408163265306,
    "mcmc_n_steps": 10000,
    "mcmc_n_burn": 2000,
    "is_baseline": false
  },
  "status": "success",
  "dataset": {
    "kappa_star": [
      1.2847216299636934,
      1.4241900884838463,
      3.920764034845088,
      3.9752807832159958,
      3.9824723567684557
    ],
    "n_observations": 150
  },
  "mcmc": {
    "acceptance_rate": 0.068875,
    "ess_min": 58.73971322855104,
    "ess_mean": 864.3154145324297,
    "ess_per_coord": [
      2095.204776765162,
      1809.4904919435705,
      145.29431447475525,
      212.8477762501096,
      58.73971322855104
    ],
    "n_chunks": 8,
    "total_steps": 40000,
    "converged": false,
    "efficiency": 0.001468492830713776,
    "n_forward_evals": 40000
  },
  "certificate": {
    "L_hat": 12937.329905690918,
    "KL": 0.0,
    "eta_h": 5e-05,
    "delta_term": 0.01997154849035994,
    "B_lambda": 12937.34992723941,
    "components": {
      "empirical_term": 12937.329905690918,
      "kl_term": 0.0,
      "discretization_term": 5e-05,
      "confidence_term": 0.01997154849035994
    },
    "valid": true
  },
  "posterior_summary": {
    "mean": [
      1.7794579894861218,
      3.6921245185954428,
      4.997820804751288,
      4.998336756830659,
      4.995176181568724
    ],
    "std": [
      0.029004188875659188,
      0.022810505982792103,
      0.0016471673091762351,
      0.0012305609093561497,
      0.002502460228239561
    ]
  },
  "performance": {
    "runtime": 232.96323108673096,
    "test_log_posterior": -34465.04886242661
  }
}