{
  "experiment_id": "s3_sigma0.1_nx100_T0.3_lam0.5_m5_seed303",
  "config": {
    "s": 3,
    "sensor_positions": [
      0.25,
      0.5,
      0.75
    ],
    "placement_type": "fixed",
    "sigma": 0.1,
    "n_x": 100,
    "T": 0.3,
    "lambda": 0.5,
    "c": 1.0,
    "m": 5,
    "n_t": 50,
    "seed": 303,
    "delta": 0.05,
    "alpha": 0.001,
    "M": 2000,
    "R": 100,
    "n": 150,
    "Delta_x": 0.01,
    "Delta_t": 0.006122448979591836,
    "mcmc_n_steps": 10000,
    "mcmc_n_burn": 2000,
    "is_baseline": false
  },
  "status": "success",
  "dataset": {
    "kappa_star": [
      3.12551948199565,
      1.4836227496566199,
      2.427779995862962,
      3.3381215081208255,
      2.6741059937440994
    ],
    "n_observations": 150
  },
  "mcmc": {
    "acceptance_rate": 0.5356333333333333,
    "ess_min": 441.9401560910139,
    "ess_mean": 528.2492200113949,
    "ess_per_coord": [
      511.07417192782515,
      441.9401560910139,
      544.5241068468424,
      529.3137551999586,
      614.3939099913341
    ],
    "n_chunks": 4,
    "total_steps": 20000,
    "converged": true,
    "efficiency": 0.022097007804550695,
    "n_forward_evals": 20000
  },
  "certificate": {
    "L_hat": 1644.648099273126,
    "KL": 0.0,
    "eta_h": 5e-05,
    "delta_term": 0.03994309698071988,
    "B_lambda": 1644.688092370107,
    "components": {
      "empirical_term": 1644.648099273126,
      "kl_term": 0.0,
      "discretization_term": 5e-05,
      "confidence_term": 0.03994309698071988
    },
    "valid": true
  },
  "posterior_summary": {
    "mean": [
      2.8990346208938083,
      3.606546437184333,
      4.354538106396858,
      4.229739560257509,
      4.01587109676278
    ],
    "std": [
      0.1385038918860623,
      0.08440085790274786,
      0.060723073100788706,
      0.08138934231017476,
      0.14000850715977647
    ]
  },
  "performance": {
    "runtime": 73.24436712265015,
    "test_log_posterior": -5771.0002239400355
  }
}