{
  "experiment_id": "s5_sigma0.2_nx100_T0.3_lam2.0_m3_seed202",
  "config": {
    "s": 5,
    "sensor_positions": [
      0.1,
      0.3,
      0.5,
      0.7,
      0.9
    ],
    "placement_type": "fixed",
    "sigma": 0.2,
    "n_x": 100,
    "T": 0.3,
    "lambda": 2.0,
    "c": 1.0,
    "m": 3,
    "n_t": 100,
    "seed": 202,
    "delta": 0.05,
    "alpha": 0.001,
    "M": 2000,
    "R": 100,
    "n": 500,
    "Delta_x": 0.01,
    "Delta_t": 0.0030303030303030303,
    "mcmc_n_steps": 10000,
    "mcmc_n_burn": 2000,
    "is_baseline": false
  },
  "status": "success",
  "dataset": {
    "kappa_star": [
      1.2847216299636934,
      1.4241900884838463,
      3.920764034845088
    ],
    "n_observations": 500
  },
  "mcmc": {
    "acceptance_rate": 0.5019,
    "ess_min": 576.7418511542993,
    "ess_mean": 630.5791947287815,
    "ess_per_coord": [
      649.3216748971396,
      576.7418511542993,
      665.6740581349059
    ],
    "n_chunks": 2,
    "total_steps": 10000,
    "converged": true,
    "efficiency": 0.05767418511542993,
    "n_forward_evals": 10000
  },
  "certificate": {
    "L_hat": 291.5003975181015,
    "KL": 0.0,
    "eta_h": 5e-05,
    "delta_term": 0.0029957322735539907,
    "B_lambda": 291.5034432503751,
    "components": {
      "empirical_term": 291.5003975181015,
      "kl_term": 0.0,
      "discretization_term": 5e-05,
      "confidence_term": 0.0029957322735539907
    },
    "valid": true
  },
  "posterior_summary": {
    "mean": [
      1.3174770216556198,
      2.9247562484942757,
      3.324716078586992
    ],
    "std": [
      0.026606501471689647,
      0.028066331419240097,
      0.03820619710062607
    ]
  },
  "performance": {
    "runtime": 48.965863943099976,
    "test_log_posterior": -2714.3309094429283
  }
}