{
  "experiment_id": "s5_sigma0.2_nx100_T0.5_lam1.0_m3_seed101",
  "config": {
    "s": 5,
    "sensor_positions": [
      0.1,
      0.3,
      0.5,
      0.7,
      0.9
    ],
    "placement_type": "fixed",
    "sigma": 0.2,
    "n_x": 100,
    "T": 0.5,
    "lambda": 1.0,
    "c": 1.0,
    "m": 3,
    "n_t": 100,
    "seed": 101,
    "delta": 0.05,
    "alpha": 0.001,
    "M": 2000,
    "R": 100,
    "n": 500,
    "Delta_x": 0.01,
    "Delta_t": 0.005050505050505051,
    "mcmc_n_steps": 10000,
    "mcmc_n_burn": 2000,
    "is_baseline": false
  },
  "status": "success",
  "dataset": {
    "kappa_star": [
      2.3073951969585615,
      2.4973365540384895,
      0.5996597926733394
    ],
    "n_observations": 500
  },
  "mcmc": {
    "acceptance_rate": 0.54985,
    "ess_min": 640.4734401731477,
    "ess_mean": 670.3593597856259,
    "ess_per_coord": [
      658.9659765517843,
      640.4734401731477,
      711.6386626319456
    ],
    "n_chunks": 2,
    "total_steps": 10000,
    "converged": true,
    "efficiency": 0.06404734401731477,
    "n_forward_evals": 10000
  },
  "certificate": {
    "L_hat": 394.42644337327465,
    "KL": 0.0,
    "eta_h": 5e-05,
    "delta_term": 0.0059914645471079815,
    "B_lambda": 394.43248483782173,
    "components": {
      "empirical_term": 394.42644337327465,
      "kl_term": 0.0,
      "discretization_term": 5e-05,
      "confidence_term": 0.0059914645471079815
    },
    "valid": true
  },
  "posterior_summary": {
    "mean": [
      2.6002740736264958,
      3.3451925304076338,
      1.1184061589676773
    ],
    "std": [
      0.061196347645154185,
      0.05095357857827022,
      0.04246908008875399
    ]
  },
  "performance": {
    "runtime": 48.9582142829895,
    "test_log_posterior": -822.4666949929261
  }
}