{
  "experiment_id": "s3_sigma0.2_nx100_T0.3_lam1.0_m3_seed303",
  "config": {
    "s": 3,
    "sensor_positions": [
      0.25,
      0.5,
      0.75
    ],
    "placement_type": "fixed",
    "sigma": 0.2,
    "n_x": 100,
    "T": 0.3,
    "lambda": 1.0,
    "c": 1.0,
    "m": 3,
    "n_t": 100,
    "seed": 303,
    "delta": 0.05,
    "alpha": 0.001,
    "M": 2000,
    "R": 100,
    "n": 300,
    "Delta_x": 0.01,
    "Delta_t": 0.0030303030303030303,
    "mcmc_n_steps": 10000,
    "mcmc_n_burn": 2000,
    "is_baseline": false
  },
  "status": "success",
  "dataset": {
    "kappa_star": [
      3.12551948199565,
      1.4836227496566199,
      2.427779995862962
    ],
    "n_observations": 300
  },
  "mcmc": {
    "acceptance_rate": 0.5268,
    "ess_min": 615.7304308956291,
    "ess_mean": 668.9703231145221,
    "ess_per_coord": [
      615.7304308956291,
      640.0128699971809,
      751.1676684507563
    ],
    "n_chunks": 2,
    "total_steps": 10000,
    "converged": true,
    "efficiency": 0.06157304308956291,
    "n_forward_evals": 10000
  },
  "certificate": {
    "L_hat": 220.01727971737506,
    "KL": 0.0,
    "eta_h": 5e-05,
    "delta_term": 0.00998577424517997,
    "B_lambda": 220.02731549162021,
    "components": {
      "empirical_term": 220.01727971737506,
      "kl_term": 0.0,
      "discretization_term": 5e-05,
      "confidence_term": 0.00998577424517997
    },
    "valid": true
  },
  "posterior_summary": {
    "mean": [
      3.2554770626835676,
      3.162611902696384,
      2.6339463280256252
    ],
    "std": [
      0.06196767224776725,
      0.03822571505161859,
      0.05504105000905229
    ]
  },
  "performance": {
    "runtime": 47.29482436180115,
    "test_log_posterior": -1559.5856371335506
  }
}