{
  "experiment_id": "s5_sigma0.1_nx50_T0.3_lam2.0_m3_seed202",
  "config": {
    "s": 5,
    "sensor_positions": [
      0.1,
      0.3,
      0.5,
      0.7,
      0.9
    ],
    "placement_type": "fixed",
    "sigma": 0.1,
    "n_x": 50,
    "T": 0.3,
    "lambda": 2.0,
    "c": 1.0,
    "m": 3,
    "n_t": 100,
    "seed": 202,
    "delta": 0.05,
    "alpha": 0.001,
    "M": 2000,
    "R": 100,
    "n": 500,
    "Delta_x": 0.02,
    "Delta_t": 0.0030303030303030303,
    "mcmc_n_steps": 10000,
    "mcmc_n_burn": 2000,
    "is_baseline": false
  },
  "status": "success",
  "dataset": {
    "kappa_star": [
      1.2847216299636934,
      1.4241900884838463,
      3.920764034845088
    ],
    "n_observations": 500
  },
  "mcmc": {
    "acceptance_rate": 0.53545,
    "ess_min": 497.2180206638237,
    "ess_mean": 653.6938158949014,
    "ess_per_coord": [
      791.67235130638,
      497.2180206638237,
      672.1910757145004
    ],
    "n_chunks": 2,
    "total_steps": 10000,
    "converged": true,
    "efficiency": 0.049721802066382374,
    "n_forward_evals": 10000
  },
  "certificate": {
    "L_hat": 453.97765269053167,
    "KL": 0.0,
    "eta_h": 0.0002,
    "delta_term": 0.0029957322735539907,
    "B_lambda": 453.98084842280525,
    "components": {
      "empirical_term": 453.97765269053167,
      "kl_term": 0.0,
      "discretization_term": 0.0002,
      "confidence_term": 0.0029957322735539907
    },
    "valid": true
  },
  "posterior_summary": {
    "mean": [
      1.3153635043649445,
      2.94615233728313,
      3.3086947998204734
    ],
    "std": [
      0.011693148732460539,
      0.01667673254292768,
      0.017937987899801434
    ]
  },
  "performance": {
    "runtime": 49.347845792770386,
    "test_log_posterior": -9672.446822904069
  }
}