{
  "experiment_id": "s5_sigma0.1_nx50_T0.3_lam1.0_m5_seed202",
  "config": {
    "s": 5,
    "sensor_positions": [
      0.1,
      0.3,
      0.5,
      0.7,
      0.9
    ],
    "placement_type": "fixed",
    "sigma": 0.1,
    "n_x": 50,
    "T": 0.3,
    "lambda": 1.0,
    "c": 1.0,
    "m": 5,
    "n_t": 100,
    "seed": 202,
    "delta": 0.05,
    "alpha": 0.001,
    "M": 2000,
    "R": 100,
    "n": 500,
    "Delta_x": 0.02,
    "Delta_t": 0.0030303030303030303,
    "mcmc_n_steps": 10000,
    "mcmc_n_burn": 2000,
    "is_baseline": false
  },
  "status": "success",
  "dataset": {
    "kappa_star": [
      1.2847216299636934,
      1.4241900884838463,
      3.920764034845088,
      3.9752807832159958,
      3.9824723567684557
    ],
    "n_observations": 500
  },
  "mcmc": {
    "acceptance_rate": 0.08433333333333333,
    "ess_min": 34.15507189063005,
    "ess_mean": 856.7545578016228,
    "ess_per_coord": [
      1760.4004373942878,
      2343.5452256289223,
      74.35772036274123,
      71.31433373153304,
      34.15507189063005
    ],
    "n_chunks": 8,
    "total_steps": 40000,
    "converged": false,
    "efficiency": 0.0008538767972657512,
    "n_forward_evals": 40000
  },
  "certificate": {
    "L_hat": 9289.070686427389,
    "KL": 0.0,
    "eta_h": 0.0002,
    "delta_term": 0.0059914645471079815,
    "B_lambda": 9289.076877891936,
    "components": {
      "empirical_term": 9289.070686427389,
      "kl_term": 0.0,
      "discretization_term": 0.0002,
      "confidence_term": 0.0059914645471079815
    },
    "valid": true
  },
  "posterior_summary": {
    "mean": [
      1.80541892871497,
      4.06363938441178,
      4.999317568663725,
      4.999752088483845,
      4.998890387417393
    ],
    "std": [
      0.037931056840847396,
      0.024994201666944566,
      0.00015273260389418207,
      0.0009145843732835935,
      0.0009337336441869076
    ]
  },
  "performance": {
    "runtime": 460.72591400146484,
    "test_log_posterior": -33987.794460639416
  }
}