{
  "experiment_id": "s3_sigma0.2_nx100_T0.5_lam1.0_m3_seed303",
  "config": {
    "s": 3,
    "sensor_positions": [
      0.2,
      0.5,
      0.8
    ],
    "placement_type": "shifted",
    "sigma": 0.2,
    "n_x": 100,
    "T": 0.5,
    "lambda": 1.0,
    "c": 1.0,
    "m": 3,
    "n_t": 50,
    "seed": 303,
    "delta": 0.05,
    "alpha": 0.001,
    "M": 2000,
    "R": 100,
    "n": 150,
    "Delta_x": 0.01,
    "Delta_t": 0.01020408163265306,
    "mcmc_n_steps": 10000,
    "mcmc_n_burn": 2000,
    "is_baseline": false
  },
  "status": "success",
  "dataset": {
    "kappa_star": [
      3.12551948199565,
      1.4836227496566199,
      2.427779995862962
    ],
    "n_observations": 150
  },
  "mcmc": {
    "acceptance_rate": 0.54915,
    "ess_min": 528.6433143119566,
    "ess_mean": 644.3245546634944,
    "ess_per_coord": [
      528.6433143119566,
      749.5970592894984,
      654.7332903890283
    ],
    "n_chunks": 2,
    "total_steps": 10000,
    "converged": true,
    "efficiency": 0.05286433143119566,
    "n_forward_evals": 10000
  },
  "certificate": {
    "L_hat": 129.07351174707676,
    "KL": 0.0,
    "eta_h": 5e-05,
    "delta_term": 0.01997154849035994,
    "B_lambda": 129.0935332955671,
    "components": {
      "empirical_term": 129.07351174707676,
      "kl_term": 0.0,
      "discretization_term": 5e-05,
      "confidence_term": 0.01997154849035994
    },
    "valid": true
  },
  "posterior_summary": {
    "mean": [
      3.5414162801620095,
      3.1243784280118256,
      2.909350734925118
    ],
    "std": [
      0.12757068952079356,
      0.0712417540894677,
      0.11321198801005215
    ]
  },
  "performance": {
    "runtime": 24.984925985336304,
    "test_log_posterior": -574.6671915474573
  }
}