{
  "experiment_id": "s3_sigma0.05_nx100_T0.5_lam0.5_m5_seed303",
  "config": {
    "s": 3,
    "sensor_positions": [
      0.25,
      0.5,
      0.75
    ],
    "placement_type": "fixed",
    "sigma": 0.05,
    "n_x": 100,
    "T": 0.5,
    "lambda": 0.5,
    "c": 1.0,
    "m": 5,
    "n_t": 100,
    "seed": 303,
    "delta": 0.05,
    "alpha": 0.001,
    "M": 2000,
    "R": 100,
    "n": 300,
    "Delta_x": 0.01,
    "Delta_t": 0.005050505050505051,
    "mcmc_n_steps": 10000,
    "mcmc_n_burn": 2000,
    "is_baseline": false
  },
  "status": "success",
  "dataset": {
    "kappa_star": [
      3.12551948199565,
      1.4836227496566199,
      2.427779995862962,
      3.3381215081208255,
      2.6741059937440994
    ],
    "n_observations": 300
  },
  "mcmc": {
    "acceptance_rate": 0.5865333333333332,
    "ess_min": 427.3220817494594,
    "ess_mean": 535.982893986542,
    "ess_per_coord": [
      586.6295034771184,
      489.001472097888,
      747.6350853745503,
      427.3220817494594,
      429.3263272336936
    ],
    "n_chunks": 3,
    "total_steps": 15000,
    "converged": true,
    "efficiency": 0.028488138783297295,
    "n_forward_evals": 15000
  },
  "certificate": {
    "L_hat": 19605.62866326352,
    "KL": 0.0,
    "eta_h": 5e-05,
    "delta_term": 0.01997154849035994,
    "B_lambda": 19605.648684812008,
    "components": {
      "empirical_term": 19605.62866326352,
      "kl_term": 0.0,
      "discretization_term": 5e-05,
      "confidence_term": 0.01997154849035994
    },
    "valid": true
  },
  "posterior_summary": {
    "mean": [
      2.9535358911053935,
      3.5348298479721585,
      4.085937317315765,
      4.031833652795197,
      3.9291732041426757
    ],
    "std": [
      0.04141856546506335,
      0.024420520297886505,
      0.019893330138746373,
      0.027854092928290358,
      0.047302842590747435
    ]
  },
  "performance": {
    "runtime": 143.21135997772217,
    "test_log_posterior": -32270.00578016273
  }
}