{
  "experiment_id": "s5_sigma0.2_nx50_T0.3_lam0.5_m3_seed303",
  "config": {
    "s": 5,
    "sensor_positions": [
      0.2,
      0.35,
      0.5,
      0.65,
      0.8
    ],
    "placement_type": "shifted",
    "sigma": 0.2,
    "n_x": 50,
    "T": 0.3,
    "lambda": 0.5,
    "c": 1.0,
    "m": 3,
    "n_t": 100,
    "seed": 303,
    "delta": 0.05,
    "alpha": 0.001,
    "M": 2000,
    "R": 100,
    "n": 500,
    "Delta_x": 0.02,
    "Delta_t": 0.0030303030303030303,
    "mcmc_n_steps": 10000,
    "mcmc_n_burn": 2000,
    "is_baseline": false
  },
  "status": "success",
  "dataset": {
    "kappa_star": [
      3.12551948199565,
      1.4836227496566199,
      2.427779995862962
    ],
    "n_observations": 500
  },
  "mcmc": {
    "acceptance_rate": 0.45075,
    "ess_min": 595.2295699660301,
    "ess_mean": 671.6833370012768,
    "ess_per_coord": [
      595.2295699660301,
      701.23101004799,
      718.5894309898098
    ],
    "n_chunks": 2,
    "total_steps": 10000,
    "converged": true,
    "efficiency": 0.05952295699660301,
    "n_forward_evals": 10000
  },
  "certificate": {
    "L_hat": 586.3971826157806,
    "KL": 0.0,
    "eta_h": 0.0002,
    "delta_term": 0.011982929094215963,
    "B_lambda": 586.4093655448747,
    "components": {
      "empirical_term": 586.3971826157806,
      "kl_term": 0.0,
      "discretization_term": 0.0002,
      "confidence_term": 0.011982929094215963
    },
    "valid": true
  },
  "posterior_summary": {
    "mean": [
      3.370320732747864,
      2.5509327985867847,
      2.6999867874753662
    ],
    "std": [
      0.09531098681932969,
      0.03776589467828922,
      0.08379362889875022
    ]
  },
  "performance": {
    "runtime": 48.371936082839966,
    "test_log_posterior": -1076.6850442653802
  }
}