{
  "experiment_id": "s3_sigma0.1_nx100_T0.5_lam1.0_m5_seed202",
  "config": {
    "s": 3,
    "sensor_positions": [
      0.2,
      0.5,
      0.8
    ],
    "placement_type": "shifted",
    "sigma": 0.1,
    "n_x": 100,
    "T": 0.5,
    "lambda": 1.0,
    "c": 1.0,
    "m": 5,
    "n_t": 100,
    "seed": 202,
    "delta": 0.05,
    "alpha": 0.001,
    "M": 2000,
    "R": 100,
    "n": 300,
    "Delta_x": 0.01,
    "Delta_t": 0.005050505050505051,
    "mcmc_n_steps": 10000,
    "mcmc_n_burn": 2000,
    "is_baseline": false
  },
  "status": "success",
  "dataset": {
    "kappa_star": [
      1.2847216299636934,
      1.4241900884838463,
      3.920764034845088,
      3.9752807832159958,
      3.9824723567684557
    ],
    "n_observations": 300
  },
  "mcmc": {
    "acceptance_rate": 0.4759,
    "ess_min": 463.4222688449026,
    "ess_mean": 645.723720049981,
    "ess_per_coord": [
      909.994227534078,
      463.4222688449026,
      674.9134913788396,
      475.6837519807568,
      704.6048605113281
    ],
    "n_chunks": 2,
    "total_steps": 10000,
    "converged": true,
    "efficiency": 0.04634222688449026,
    "n_forward_evals": 10000
  },
  "certificate": {
    "L_hat": 4673.741382262566,
    "KL": 0.0,
    "eta_h": 5e-05,
    "delta_term": 0.00998577424517997,
    "B_lambda": 4673.751418036811,
    "components": {
      "empirical_term": 4673.741382262566,
      "kl_term": 0.0,
      "discretization_term": 5e-05,
      "confidence_term": 0.00998577424517997
    },
    "valid": true
  },
  "posterior_summary": {
    "mean": [
      0.8396775682715294,
      3.8561767073954645,
      4.995868343056857,
      4.981380221839846,
      3.6151633355259314
    ],
    "std": [
      0.02465819695673658,
      0.039777015828673316,
      0.004171307698543042,
      0.01771077097137315,
      0.04256865541537616
    ]
  },
  "performance": {
    "runtime": 111.12247800827026,
    "test_log_posterior": -11225.357725789507
  }
}