{
  "experiment_id": "s3_sigma0.1_nx100_T0.5_lam1.0_m3_seed303",
  "config": {
    "s": 3,
    "sensor_positions": [
      0.2,
      0.5,
      0.8
    ],
    "placement_type": "shifted",
    "sigma": 0.1,
    "n_x": 100,
    "T": 0.5,
    "lambda": 1.0,
    "c": 1.0,
    "m": 3,
    "n_t": 50,
    "seed": 303,
    "delta": 0.05,
    "alpha": 0.001,
    "M": 2000,
    "R": 100,
    "n": 150,
    "Delta_x": 0.01,
    "Delta_t": 0.01020408163265306,
    "mcmc_n_steps": 10000,
    "mcmc_n_burn": 2000,
    "is_baseline": false
  },
  "status": "success",
  "dataset": {
    "kappa_star": [
      3.12551948199565,
      1.4836227496566199,
      2.427779995862962
    ],
    "n_observations": 150
  },
  "mcmc": {
    "acceptance_rate": 0.50675,
    "ess_min": 622.4043696696718,
    "ess_mean": 684.5891703363562,
    "ess_per_coord": [
      680.6105344718754,
      622.4043696696718,
      750.7526068675212
    ],
    "n_chunks": 2,
    "total_steps": 10000,
    "converged": true,
    "efficiency": 0.06224043696696718,
    "n_forward_evals": 10000
  },
  "certificate": {
    "L_hat": 342.35608326899455,
    "KL": 0.0,
    "eta_h": 5e-05,
    "delta_term": 0.01997154849035994,
    "B_lambda": 342.3761048174849,
    "components": {
      "empirical_term": 342.35608326899455,
      "kl_term": 0.0,
      "discretization_term": 5e-05,
      "confidence_term": 0.01997154849035994
    },
    "valid": true
  },
  "posterior_summary": {
    "mean": [
      3.5082629216754126,
      3.1047487297747067,
      2.897367075369327
    ],
    "std": [
      0.06259325806259837,
      0.03223786122855528,
      0.05743772901268113
    ]
  },
  "performance": {
    "runtime": 25.150051832199097,
    "test_log_posterior": -2101.648900493189
  }
}