{
  "experiment_id": "s3_sigma0.2_nx50_T0.3_lam2.0_m5_seed303",
  "config": {
    "s": 3,
    "sensor_positions": [
      0.2,
      0.5,
      0.8
    ],
    "placement_type": "shifted",
    "sigma": 0.2,
    "n_x": 50,
    "T": 0.3,
    "lambda": 2.0,
    "c": 1.0,
    "m": 5,
    "n_t": 100,
    "seed": 303,
    "delta": 0.05,
    "alpha": 0.001,
    "M": 2000,
    "R": 100,
    "n": 300,
    "Delta_x": 0.02,
    "Delta_t": 0.0030303030303030303,
    "mcmc_n_steps": 10000,
    "mcmc_n_burn": 2000,
    "is_baseline": false
  },
  "status": "success",
  "dataset": {
    "kappa_star": [
      3.12551948199565,
      1.4836227496566199,
      2.427779995862962,
      3.3381215081208255,
      2.6741059937440994
    ],
    "n_observations": 300
  },
  "mcmc": {
    "acceptance_rate": 0.5063333333333334,
    "ess_min": 447.619023444625,
    "ess_mean": 504.45660932206664,
    "ess_per_coord": [
      543.6399885139114,
      525.31013700082,
      528.93346406698,
      447.619023444625,
      476.780433583997
    ],
    "n_chunks": 4,
    "total_steps": 20000,
    "converged": true,
    "efficiency": 0.02238095117223125,
    "n_forward_evals": 20000
  },
  "certificate": {
    "L_hat": 743.2426349648013,
    "KL": 0.0,
    "eta_h": 0.0002,
    "delta_term": 0.004992887122589985,
    "B_lambda": 743.2478278519238,
    "components": {
      "empirical_term": 743.2426349648013,
      "kl_term": 0.0,
      "discretization_term": 0.0002,
      "confidence_term": 0.004992887122589985
    },
    "valid": true
  },
  "posterior_summary": {
    "mean": [
      1.5301416492485043,
      3.7708372328335087,
      4.440350302255846,
      3.9038592935192917,
      2.463350483418958
    ],
    "std": [
      0.050306814679772646,
      0.06538426150565914,
      0.04180278262018054,
      0.07088137576036455,
      0.05883350494709585
    ]
  },
  "performance": {
    "runtime": 134.51398587226868,
    "test_log_posterior": -8060.7746914886375
  }
}