{
  "experiment_id": "s5_sigma0.2_nx50_T0.3_lam0.5_m5_seed303",
  "config": {
    "s": 5,
    "sensor_positions": [
      0.1,
      0.3,
      0.5,
      0.7,
      0.9
    ],
    "placement_type": "fixed",
    "sigma": 0.2,
    "n_x": 50,
    "T": 0.3,
    "lambda": 0.5,
    "c": 1.0,
    "m": 5,
    "n_t": 100,
    "seed": 303,
    "delta": 0.05,
    "alpha": 0.001,
    "M": 2000,
    "R": 100,
    "n": 500,
    "Delta_x": 0.02,
    "Delta_t": 0.0030303030303030303,
    "mcmc_n_steps": 10000,
    "mcmc_n_burn": 2000,
    "is_baseline": false
  },
  "status": "success",
  "dataset": {
    "kappa_star": [
      3.12551948199565,
      1.4836227496566199,
      2.427779995862962,
      3.3381215081208255,
      2.6741059937440994
    ],
    "n_observations": 500
  },
  "mcmc": {
    "acceptance_rate": 0.5632888888888888,
    "ess_min": 483.7913653444707,
    "ess_mean": 569.7736339464217,
    "ess_per_coord": [
      662.8017025079907,
      560.9641722932427,
      483.7913653444707,
      532.1389429369544,
      609.1719866494501
    ],
    "n_chunks": 3,
    "total_steps": 15000,
    "converged": true,
    "efficiency": 0.03225275768963138,
    "n_forward_evals": 15000
  },
  "certificate": {
    "L_hat": 1430.678234434853,
    "KL": 0.0,
    "eta_h": 0.0002,
    "delta_term": 0.011982929094215963,
    "B_lambda": 1430.6904173639473,
    "components": {
      "empirical_term": 1430.678234434853,
      "kl_term": 0.0,
      "discretization_term": 0.0002,
      "confidence_term": 0.011982929094215963
    },
    "valid": true
  },
  "posterior_summary": {
    "mean": [
      3.410751734102553,
      3.630220364552983,
      4.227828435221628,
      4.429824884721227,
      4.362211561691989
    ],
    "std": [
      0.16876797571221316,
      0.0859800277924588,
      0.062374895775884516,
      0.07730228031059108,
      0.13714213957457927
    ]
  },
  "performance": {
    "runtime": 278.0247209072113,
    "test_log_posterior": -3988.3244525599903
  }
}