{
  "experiment_id": "s3_sigma0.2_nx100_T0.3_lam1.0_m5_seed303",
  "config": {
    "s": 3,
    "sensor_positions": [
      0.25,
      0.5,
      0.75
    ],
    "placement_type": "fixed",
    "sigma": 0.2,
    "n_x": 100,
    "T": 0.3,
    "lambda": 1.0,
    "c": 1.0,
    "m": 5,
    "n_t": 100,
    "seed": 303,
    "delta": 0.05,
    "alpha": 0.001,
    "M": 2000,
    "R": 100,
    "n": 300,
    "Delta_x": 0.01,
    "Delta_t": 0.0030303030303030303,
    "mcmc_n_steps": 10000,
    "mcmc_n_burn": 2000,
    "is_baseline": false
  },
  "status": "success",
  "dataset": {
    "kappa_star": [
      3.12551948199565,
      1.4836227496566199,
      2.427779995862962,
      3.3381215081208255,
      2.6741059937440994
    ],
    "n_observations": 300
  },
  "mcmc": {
    "acceptance_rate": 0.5783166666666667,
    "ess_min": 479.9496632330703,
    "ess_mean": 581.1780446872971,
    "ess_per_coord": [
      688.6406217854377,
      673.1089376189027,
      577.8621489979635,
      486.3288518011116,
      479.9496632330703
    ],
    "n_chunks": 4,
    "total_steps": 20000,
    "converged": true,
    "efficiency": 0.023997483161653514,
    "n_forward_evals": 20000
  },
  "certificate": {
    "L_hat": 965.270041378933,
    "KL": 0.0,
    "eta_h": 5e-05,
    "delta_term": 0.00998577424517997,
    "B_lambda": 965.2800771531781,
    "components": {
      "empirical_term": 965.270041378933,
      "kl_term": 0.0,
      "discretization_term": 5e-05,
      "confidence_term": 0.00998577424517997
    },
    "valid": true
  },
  "posterior_summary": {
    "mean": [
      2.7981035000715657,
      3.656882819721089,
      4.325218321691091,
      4.188562517867724,
      4.024861259456641
    ],
    "std": [
      0.12435250040423379,
      0.08502237423980372,
      0.05379397975012621,
      0.07023452674778256,
      0.11616172466752632
    ]
  },
  "performance": {
    "runtime": 224.84067392349243,
    "test_log_posterior": -5806.077072374867
  }
}