{
  "experiment_id": "s3_sigma0.1_nx100_T0.5_lam1.0_m5_seed202",
  "config": {
    "s": 3,
    "sensor_positions": [
      0.25,
      0.5,
      0.75
    ],
    "placement_type": "fixed",
    "sigma": 0.1,
    "n_x": 100,
    "T": 0.5,
    "lambda": 1.0,
    "c": 1.0,
    "m": 5,
    "n_t": 50,
    "seed": 202,
    "delta": 0.05,
    "alpha": 0.001,
    "M": 2000,
    "R": 100,
    "n": 150,
    "Delta_x": 0.01,
    "Delta_t": 0.01020408163265306,
    "mcmc_n_steps": 10000,
    "mcmc_n_burn": 2000,
    "is_baseline": false
  },
  "status": "success",
  "dataset": {
    "kappa_star": [
      1.2847216299636934,
      1.4241900884838463,
      3.920764034845088,
      3.9752807832159958,
      3.9824723567684557
    ],
    "n_observations": 150
  },
  "mcmc": {
    "acceptance_rate": 0.2729833333333333,
    "ess_min": 310.5355558591621,
    "ess_mean": 1985.7250573199776,
    "ess_per_coord": [
      3681.541553986494,
      1626.1117907976402,
      2272.835665852552,
      2037.600720104041,
      310.5355558591621
    ],
    "n_chunks": 8,
    "total_steps": 40000,
    "converged": false,
    "efficiency": 0.007763388896479053,
    "n_forward_evals": 40000
  },
  "certificate": {
    "L_hat": 3269.305227087424,
    "KL": 0.0,
    "eta_h": 5e-05,
    "delta_term": 0.01997154849035994,
    "B_lambda": 3269.3252486359147,
    "components": {
      "empirical_term": 3269.305227087424,
      "kl_term": 0.0,
      "discretization_term": 5e-05,
      "confidence_term": 0.01997154849035994
    },
    "valid": true
  },
  "posterior_summary": {
    "mean": [
      1.7655420773003656,
      3.728019011589254,
      4.9939730443740284,
      4.99523346318209,
      4.986538257620093
    ],
    "std": [
      0.06524697477735608,
      0.05104623765585361,
      0.005563516131874998,
      0.004303960953870679,
      0.0117886637220359
    ]
  },
  "performance": {
    "runtime": 163.91519784927368,
    "test_log_posterior": -8725.508514172356
  }
}