{
  "experiment_id": "s5_sigma0.1_nx50_T0.5_lam2.0_m5_seed303",
  "config": {
    "s": 5,
    "sensor_positions": [
      0.1,
      0.3,
      0.5,
      0.7,
      0.9
    ],
    "placement_type": "fixed",
    "sigma": 0.1,
    "n_x": 50,
    "T": 0.5,
    "lambda": 2.0,
    "c": 1.0,
    "m": 5,
    "n_t": 100,
    "seed": 303,
    "delta": 0.05,
    "alpha": 0.001,
    "M": 2000,
    "R": 100,
    "n": 500,
    "Delta_x": 0.02,
    "Delta_t": 0.005050505050505051,
    "mcmc_n_steps": 10000,
    "mcmc_n_burn": 2000,
    "is_baseline": false
  },
  "status": "success",
  "dataset": {
    "kappa_star": [
      3.12551948199565,
      1.4836227496566199,
      2.427779995862962,
      3.3381215081208255,
      2.6741059937440994
    ],
    "n_observations": 500
  },
  "mcmc": {
    "acceptance_rate": 0.5295333333333333,
    "ess_min": 497.33119383063394,
    "ess_mean": 632.5695503250921,
    "ess_per_coord": [
      639.4920607635888,
      525.0063364791871,
      497.33119383063394,
      690.2015103964674,
      810.8166501555836
    ],
    "n_chunks": 3,
    "total_steps": 15000,
    "converged": true,
    "efficiency": 0.033155412922042264,
    "n_forward_evals": 15000
  },
  "certificate": {
    "L_hat": 7002.103489473673,
    "KL": 0.0,
    "eta_h": 0.0002,
    "delta_term": 0.0029957322735539907,
    "B_lambda": 7002.106685205947,
    "components": {
      "empirical_term": 7002.103489473673,
      "kl_term": 0.0,
      "discretization_term": 0.0002,
      "confidence_term": 0.0029957322735539907
    },
    "valid": true
  },
  "posterior_summary": {
    "mean": [
      3.360362683233688,
      3.55748899011943,
      3.9999166146421232,
      4.2030874044437665,
      4.15320716349039
    ],
    "std": [
      0.03906582652794661,
      0.023841690130493913,
      0.018187265280725097,
      0.021188847506839446,
      0.04193897456969936
    ]
  },
  "performance": {
    "runtime": 279.184366941452,
    "test_log_posterior": -43860.810705199605
  }
}