{
  "experiment_id": "s3_sigma0.05_nx100_T0.5_lam1.0_m3_seed202",
  "config": {
    "s": 3,
    "sensor_positions": [
      0.25,
      0.5,
      0.75
    ],
    "placement_type": "fixed",
    "sigma": 0.05,
    "n_x": 100,
    "T": 0.5,
    "lambda": 1.0,
    "c": 1.0,
    "m": 3,
    "n_t": 100,
    "seed": 202,
    "delta": 0.05,
    "alpha": 0.001,
    "M": 2000,
    "R": 100,
    "n": 300,
    "Delta_x": 0.01,
    "Delta_t": 0.005050505050505051,
    "mcmc_n_steps": 10000,
    "mcmc_n_burn": 2000,
    "is_baseline": false
  },
  "status": "success",
  "dataset": {
    "kappa_star": [
      1.2847216299636934,
      1.4241900884838463,
      3.920764034845088
    ],
    "n_observations": 300
  },
  "mcmc": {
    "acceptance_rate": 0.5238499999999999,
    "ess_min": 663.0011141829546,
    "ess_mean": 694.2957861823234,
    "ess_per_coord": [
      689.252385892163,
      663.0011141829546,
      730.6338584718522
    ],
    "n_chunks": 2,
    "total_steps": 10000,
    "converged": true,
    "efficiency": 0.06630011141829545,
    "n_forward_evals": 10000
  },
  "certificate": {
    "L_hat": 1492.473212800103,
    "KL": 0.0,
    "eta_h": 5e-05,
    "delta_term": 0.00998577424517997,
    "B_lambda": 1492.4832485743484,
    "components": {
      "empirical_term": 1492.473212800103,
      "kl_term": 0.0,
      "discretization_term": 5e-05,
      "confidence_term": 0.00998577424517997
    },
    "valid": true
  },
  "posterior_summary": {
    "mean": [
      1.6470728669933055,
      2.9222970696795327,
      3.8466118313617432
    ],
    "std": [
      0.013715388593334831,
      0.01217555621390709,
      0.021045059536010775
    ]
  },
  "performance": {
    "runtime": 47.23033690452576,
    "test_log_posterior": -13805.063473520135
  }
}