{
  "experiment_id": "s5_sigma0.2_nx50_T0.3_lam1.0_m3_seed303",
  "config": {
    "s": 5,
    "sensor_positions": [
      0.1,
      0.3,
      0.5,
      0.7,
      0.9
    ],
    "placement_type": "fixed",
    "sigma": 0.2,
    "n_x": 50,
    "T": 0.3,
    "lambda": 1.0,
    "c": 1.0,
    "m": 3,
    "n_t": 50,
    "seed": 303,
    "delta": 0.05,
    "alpha": 0.001,
    "M": 2000,
    "R": 100,
    "n": 250,
    "Delta_x": 0.02,
    "Delta_t": 0.006122448979591836,
    "mcmc_n_steps": 10000,
    "mcmc_n_burn": 2000,
    "is_baseline": false
  },
  "status": "success",
  "dataset": {
    "kappa_star": [
      3.12551948199565,
      1.4836227496566199,
      2.427779995862962
    ],
    "n_observations": 250
  },
  "mcmc": {
    "acceptance_rate": 0.48874999999999996,
    "ess_min": 582.556149530396,
    "ess_mean": 641.6340097636138,
    "ess_per_coord": [
      667.2263026842088,
      582.556149530396,
      675.1195770762364
    ],
    "n_chunks": 2,
    "total_steps": 10000,
    "converged": true,
    "efficiency": 0.0582556149530396,
    "n_forward_evals": 10000
  },
  "certificate": {
    "L_hat": 145.55116776684196,
    "KL": 0.0,
    "eta_h": 0.0002,
    "delta_term": 0.011982929094215963,
    "B_lambda": 145.56335069593618,
    "components": {
      "empirical_term": 145.55116776684196,
      "kl_term": 0.0,
      "discretization_term": 0.0002,
      "confidence_term": 0.011982929094215963
    },
    "valid": true
  },
  "posterior_summary": {
    "mean": [
      2.7162840951504252,
      3.199012817083675,
      2.220577765048944
    ],
    "std": [
      0.06583945701499642,
      0.0644471739719403,
      0.059532916228160024
    ]
  },
  "performance": {
    "runtime": 40.63239598274231,
    "test_log_posterior": -776.24224061294
  }
}