{
  "experiment_id": "s5_sigma0.2_nx50_T0.3_lam0.5_m3_seed202",
  "config": {
    "s": 5,
    "sensor_positions": [
      0.1,
      0.3,
      0.5,
      0.7,
      0.9
    ],
    "placement_type": "fixed",
    "sigma": 0.2,
    "n_x": 50,
    "T": 0.3,
    "lambda": 0.5,
    "c": 1.0,
    "m": 3,
    "n_t": 50,
    "seed": 202,
    "delta": 0.05,
    "alpha": 0.001,
    "M": 2000,
    "R": 100,
    "n": 250,
    "Delta_x": 0.02,
    "Delta_t": 0.006122448979591836,
    "mcmc_n_steps": 10000,
    "mcmc_n_burn": 2000,
    "is_baseline": false
  },
  "status": "success",
  "dataset": {
    "kappa_star": [
      1.2847216299636934,
      1.4241900884838463,
      3.920764034845088
    ],
    "n_observations": 250
  },
  "mcmc": {
    "acceptance_rate": 0.53535,
    "ess_min": 491.2088228077776,
    "ess_mean": 541.822665047674,
    "ess_per_coord": [
      605.5872738147549,
      491.2088228077776,
      528.6718985204894
    ],
    "n_chunks": 2,
    "total_steps": 10000,
    "converged": true,
    "efficiency": 0.04912088228077776,
    "n_forward_evals": 10000
  },
  "certificate": {
    "L_hat": 141.86751865190647,
    "KL": 0.0,
    "eta_h": 0.0002,
    "delta_term": 0.023965858188431926,
    "B_lambda": 141.8916845100949,
    "components": {
      "empirical_term": 141.86751865190647,
      "kl_term": 0.0,
      "discretization_term": 0.0002,
      "confidence_term": 0.023965858188431926
    },
    "valid": true
  },
  "posterior_summary": {
    "mean": [
      1.3412191341428914,
      2.9899042440793395,
      3.2147672535934824
    ],
    "std": [
      0.0710700596238933,
      0.0785690862171134,
      0.10089116559426986
    ]
  },
  "performance": {
    "runtime": 40.71844005584717,
    "test_log_posterior": -362.48397611681247
  }
}