{
  "experiment_id": "s5_sigma0.2_nx100_T0.3_lam1.0_m5_seed101",
  "config": {
    "s": 5,
    "sensor_positions": [
      0.1,
      0.3,
      0.5,
      0.7,
      0.9
    ],
    "placement_type": "fixed",
    "sigma": 0.2,
    "n_x": 100,
    "T": 0.3,
    "lambda": 1.0,
    "c": 1.0,
    "m": 5,
    "n_t": 50,
    "seed": 101,
    "delta": 0.05,
    "alpha": 0.001,
    "M": 2000,
    "R": 100,
    "n": 250,
    "Delta_x": 0.01,
    "Delta_t": 0.006122448979591836,
    "mcmc_n_steps": 10000,
    "mcmc_n_burn": 2000,
    "is_baseline": false
  },
  "status": "success",
  "dataset": {
    "kappa_star": [
      2.3073951969585615,
      2.4973365540384895,
      0.5996597926733394,
      1.1003257967878608,
      2.898469435940594
    ],
    "n_observations": 250
  },
  "mcmc": {
    "acceptance_rate": 0.4432666666666667,
    "ess_min": 485.67560937012996,
    "ess_mean": 559.481481448847,
    "ess_per_coord": [
      666.8349431203598,
      529.9943275001359,
      485.67560937012996,
      511.0795575742815,
      603.8229696793277
    ],
    "n_chunks": 4,
    "total_steps": 20000,
    "converged": true,
    "efficiency": 0.0242837804685065,
    "n_forward_evals": 20000
  },
  "certificate": {
    "L_hat": 150.08816133572935,
    "KL": 0.0,
    "eta_h": 5e-05,
    "delta_term": 0.011982929094215963,
    "B_lambda": 150.10019426482356,
    "components": {
      "empirical_term": 150.08816133572935,
      "kl_term": 0.0,
      "discretization_term": 5e-05,
      "confidence_term": 0.011982929094215963
    },
    "valid": true
  },
  "posterior_summary": {
    "mean": [
      3.3298251441479207,
      3.041706988408627,
      2.3021204881109782,
      2.123828857816454,
      2.9772366789402707
    ],
    "std": [
      0.20492535217730057,
      0.09914591268585285,
      0.08360534727355502,
      0.09528403568333806,
      0.17393957535220414
    ]
  },
  "performance": {
    "runtime": 119.04683017730713,
    "test_log_posterior": -2510.411512292664
  }
}