{
  "experiment_id": "s5_sigma0.05_nx50_T0.3_lam0.5_m5_seed303",
  "config": {
    "s": 5,
    "sensor_positions": [
      0.2,
      0.35,
      0.5,
      0.65,
      0.8
    ],
    "placement_type": "shifted",
    "sigma": 0.05,
    "n_x": 50,
    "T": 0.3,
    "lambda": 0.5,
    "c": 1.0,
    "m": 5,
    "n_t": 50,
    "seed": 303,
    "delta": 0.05,
    "alpha": 0.001,
    "M": 2000,
    "R": 100,
    "n": 250,
    "Delta_x": 0.02,
    "Delta_t": 0.006122448979591836,
    "mcmc_n_steps": 10000,
    "mcmc_n_burn": 2000,
    "is_baseline": false
  },
  "status": "success",
  "dataset": {
    "kappa_star": [
      3.12551948199565,
      1.4836227496566199,
      2.427779995862962,
      3.3381215081208255,
      2.6741059937440994
    ],
    "n_observations": 250
  },
  "mcmc": {
    "acceptance_rate": 0.5842,
    "ess_min": 416.989320664717,
    "ess_mean": 557.0942204992518,
    "ess_per_coord": [
      813.1639674040277,
      547.1071815240781,
      551.7802192619408,
      416.989320664717,
      456.4304136414953
    ],
    "n_chunks": 3,
    "total_steps": 15000,
    "converged": true,
    "efficiency": 0.027799288044314467,
    "n_forward_evals": 15000
  },
  "certificate": {
    "L_hat": 10762.028194285813,
    "KL": 0.0,
    "eta_h": 0.0002,
    "delta_term": 0.023965858188431926,
    "B_lambda": 10762.052360144002,
    "components": {
      "empirical_term": 10762.028194285813,
      "kl_term": 0.0,
      "discretization_term": 0.0002,
      "confidence_term": 0.023965858188431926
    },
    "valid": true
  },
  "posterior_summary": {
    "mean": [
      1.8077179663538123,
      3.583769912660606,
      4.398643598841344,
      4.336073140837833,
      2.4498553600978106
    ],
    "std": [
      0.031543610341092834,
      0.021835241563654854,
      0.02124128214355889,
      0.025270253836989696,
      0.03322910684059646
    ]
  },
  "performance": {
    "runtime": 88.14728784561157,
    "test_log_posterior": -34609.95790145796
  }
}