{
  "experiment_id": "s3_sigma0.05_nx100_T0.5_lam2.0_m5_seed202",
  "config": {
    "s": 3,
    "sensor_positions": [
      0.25,
      0.5,
      0.75
    ],
    "placement_type": "fixed",
    "sigma": 0.05,
    "n_x": 100,
    "T": 0.5,
    "lambda": 2.0,
    "c": 1.0,
    "m": 5,
    "n_t": 100,
    "seed": 202,
    "delta": 0.05,
    "alpha": 0.001,
    "M": 2000,
    "R": 100,
    "n": 300,
    "Delta_x": 0.01,
    "Delta_t": 0.005050505050505051,
    "mcmc_n_steps": 10000,
    "mcmc_n_burn": 2000,
    "is_baseline": false
  },
  "status": "success",
  "dataset": {
    "kappa_star": [
      1.2847216299636934,
      1.4241900884838463,
      3.920764034845088,
      3.9752807832159958,
      3.9824723567684557
    ],
    "n_observations": 300
  },
  "mcmc": {
    "acceptance_rate": 0.005891666666666667,
    "ess_min": 11.99011855053257,
    "ess_mean": 82.58097801195426,
    "ess_per_coord": [
      192.8134643285213,
      157.04727141674522,
      28.82986919041538,
      22.22416657355682,
      11.99011855053257
    ],
    "n_chunks": 8,
    "total_steps": 40000,
    "converged": false,
    "efficiency": 0.00029975296376331424,
    "n_forward_evals": 40000
  },
  "certificate": {
    "L_hat": 25831.606735384463,
    "KL": 0.0,
    "eta_h": 5e-05,
    "delta_term": 0.004992887122589985,
    "B_lambda": 25831.611778271585,
    "components": {
      "empirical_term": 25831.606735384463,
      "kl_term": 0.0,
      "discretization_term": 5e-05,
      "confidence_term": 0.004992887122589985
    },
    "valid": true
  },
  "posterior_summary": {
    "mean": [
      1.7969627471135876,
      3.6816276759431275,
      4.998841653035865,
      4.999636951734371,
      4.997899026351675
    ],
    "std": [
      0.023288374869931242,
      0.013981497007295379,
      0.0014497437157963092,
      0.00021276127997553476,
      0.00040095060116118785
    ]
  },
  "performance": {
    "runtime": 398.18260502815247,
    "test_log_posterior": -135398.6509567528
  }
}