{
  "experiment_id": "s3_sigma0.2_nx50_T0.3_lam1.0_m5_seed101",
  "config": {
    "s": 3,
    "sensor_positions": [
      0.2,
      0.5,
      0.8
    ],
    "placement_type": "shifted",
    "sigma": 0.2,
    "n_x": 50,
    "T": 0.3,
    "lambda": 1.0,
    "c": 1.0,
    "m": 5,
    "n_t": 50,
    "seed": 101,
    "delta": 0.05,
    "alpha": 0.001,
    "M": 2000,
    "R": 100,
    "n": 150,
    "Delta_x": 0.02,
    "Delta_t": 0.006122448979591836,
    "mcmc_n_steps": 10000,
    "mcmc_n_burn": 2000,
    "is_baseline": false
  },
  "status": "success",
  "dataset": {
    "kappa_star": [
      2.3073951969585615,
      2.4973365540384895,
      0.5996597926733394,
      1.1003257967878608,
      2.898469435940594
    ],
    "n_observations": 150
  },
  "mcmc": {
    "acceptance_rate": 0.37455,
    "ess_min": 89.25237779773822,
    "ess_mean": 167.71235617335057,
    "ess_per_coord": [
      196.85033535856772,
      187.5803380756334,
      267.84831997962675,
      97.03040965518677,
      89.25237779773822
    ],
    "n_chunks": 8,
    "total_steps": 40000,
    "converged": false,
    "efficiency": 0.0022313094449434557,
    "n_forward_evals": 40000
  },
  "certificate": {
    "L_hat": 72.17021149717488,
    "KL": 0.0,
    "eta_h": 0.0002,
    "delta_term": 0.01997154849035994,
    "B_lambda": 72.19038304566524,
    "components": {
      "empirical_term": 72.17021149717488,
      "kl_term": 0.0,
      "discretization_term": 0.0002,
      "confidence_term": 0.01997154849035994
    },
    "valid": true
  },
  "posterior_summary": {
    "mean": [
      1.9342118224733762,
      2.53885673336528,
      2.4289850418972136,
      2.498875803988939,
      1.3330121780623336
    ],
    "std": [
      0.3110690730481266,
      0.3382822488436118,
      0.16013794103963017,
      0.24168970200211473,
      0.18578736268665255
    ]
  },
  "performance": {
    "runtime": 239.19143390655518,
    "test_log_posterior": -1584.5466270152015
  }
}