{
  "experiment_id": "s3_sigma0.2_nx100_T0.3_lam2.0_m5_seed202",
  "config": {
    "s": 3,
    "sensor_positions": [
      0.2,
      0.5,
      0.8
    ],
    "placement_type": "shifted",
    "sigma": 0.2,
    "n_x": 100,
    "T": 0.3,
    "lambda": 2.0,
    "c": 1.0,
    "m": 5,
    "n_t": 50,
    "seed": 202,
    "delta": 0.05,
    "alpha": 0.001,
    "M": 2000,
    "R": 100,
    "n": 150,
    "Delta_x": 0.01,
    "Delta_t": 0.006122448979591836,
    "mcmc_n_steps": 10000,
    "mcmc_n_burn": 2000,
    "is_baseline": false
  },
  "status": "success",
  "dataset": {
    "kappa_star": [
      1.2847216299636934,
      1.4241900884838463,
      3.920764034845088,
      3.9752807832159958,
      3.9824723567684557
    ],
    "n_observations": 150
  },
  "mcmc": {
    "acceptance_rate": 0.30635,
    "ess_min": 484.24005032156754,
    "ess_mean": 1022.2084392167747,
    "ess_per_coord": [
      765.8325258794358,
      484.24005032156754,
      1342.2015968823823,
      518.4593171628823,
      2000.308705837605
    ],
    "n_chunks": 4,
    "total_steps": 20000,
    "converged": true,
    "efficiency": 0.024212002516078378,
    "n_forward_evals": 20000
  },
  "certificate": {
    "L_hat": 584.4444313567274,
    "KL": 0.0,
    "eta_h": 5e-05,
    "delta_term": 0.00998577424517997,
    "B_lambda": 584.4544671309725,
    "components": {
      "empirical_term": 584.4444313567274,
      "kl_term": 0.0,
      "discretization_term": 5e-05,
      "confidence_term": 0.00998577424517997
    },
    "valid": true
  },
  "posterior_summary": {
    "mean": [
      0.4153710132295593,
      4.554628013611072,
      4.996067458308456,
      4.988219122093953,
      3.757885599179543
    ],
    "std": [
      0.04078441229176068,
      0.07033743878330358,
      0.004033672545172081,
      0.011343417121542038,
      0.06801738738850852
    ]
  },
  "performance": {
    "runtime": 130.51144313812256,
    "test_log_posterior": -4300.392064095947
  }
}