{
  "experiment_id": "s5_sigma0.2_nx50_T0.3_lam1.0_m3_seed202",
  "config": {
    "s": 5,
    "sensor_positions": [
      0.1,
      0.3,
      0.5,
      0.7,
      0.9
    ],
    "placement_type": "fixed",
    "sigma": 0.2,
    "n_x": 50,
    "T": 0.3,
    "lambda": 1.0,
    "c": 1.0,
    "m": 3,
    "n_t": 50,
    "seed": 202,
    "delta": 0.05,
    "alpha": 0.001,
    "M": 2000,
    "R": 100,
    "n": 250,
    "Delta_x": 0.02,
    "Delta_t": 0.006122448979591836,
    "mcmc_n_steps": 10000,
    "mcmc_n_burn": 2000,
    "is_baseline": false
  },
  "status": "success",
  "dataset": {
    "kappa_star": [
      1.2847216299636934,
      1.4241900884838463,
      3.920764034845088
    ],
    "n_observations": 250
  },
  "mcmc": {
    "acceptance_rate": 0.5317000000000001,
    "ess_min": 537.0695936779159,
    "ess_mean": 603.2939393250799,
    "ess_per_coord": [
      540.1769406563787,
      537.0695936779159,
      732.6352836409452
    ],
    "n_chunks": 2,
    "total_steps": 10000,
    "converged": true,
    "efficiency": 0.053706959367791594,
    "n_forward_evals": 10000
  },
  "certificate": {
    "L_hat": 140.5112291126428,
    "KL": 0.0,
    "eta_h": 0.0002,
    "delta_term": 0.011982929094215963,
    "B_lambda": 140.52341204173703,
    "components": {
      "empirical_term": 140.5112291126428,
      "kl_term": 0.0,
      "discretization_term": 0.0002,
      "confidence_term": 0.011982929094215963
    },
    "valid": true
  },
  "posterior_summary": {
    "mean": [
      1.3278717491209684,
      2.998099135843964,
      3.210953039604232
    ],
    "std": [
      0.044440521528952615,
      0.06454471168741624,
      0.07678802278482168
    ]
  },
  "performance": {
    "runtime": 40.25527501106262,
    "test_log_posterior": -720.2002466182752
  }
}