{
  "experiment_id": "s5_sigma0.1_nx50_T0.3_lam1.0_m5_seed202",
  "config": {
    "s": 5,
    "sensor_positions": [
      0.1,
      0.3,
      0.5,
      0.7,
      0.9
    ],
    "placement_type": "fixed",
    "sigma": 0.1,
    "n_x": 50,
    "T": 0.3,
    "lambda": 1.0,
    "c": 1.0,
    "m": 5,
    "n_t": 50,
    "seed": 202,
    "delta": 0.05,
    "alpha": 0.001,
    "M": 2000,
    "R": 100,
    "n": 250,
    "Delta_x": 0.02,
    "Delta_t": 0.006122448979591836,
    "mcmc_n_steps": 10000,
    "mcmc_n_burn": 2000,
    "is_baseline": false
  },
  "status": "success",
  "dataset": {
    "kappa_star": [
      1.2847216299636934,
      1.4241900884838463,
      3.920764034845088,
      3.9752807832159958,
      3.9824723567684557
    ],
    "n_observations": 250
  },
  "mcmc": {
    "acceptance_rate": 0.1385583333333333,
    "ess_min": 62.57207610426344,
    "ess_mean": 1284.2969022424568,
    "ess_per_coord": [
      3708.5064356738426,
      1256.8702771229346,
      677.8571434099516,
      715.6785789012928,
      62.57207610426344
    ],
    "n_chunks": 8,
    "total_steps": 40000,
    "converged": false,
    "efficiency": 0.001564301902606586,
    "n_forward_evals": 40000
  },
  "certificate": {
    "L_hat": 4557.278062421865,
    "KL": 0.0,
    "eta_h": 0.0002,
    "delta_term": 0.011982929094215963,
    "B_lambda": 4557.29024535096,
    "components": {
      "empirical_term": 4557.278062421865,
      "kl_term": 0.0,
      "discretization_term": 0.0002,
      "confidence_term": 0.011982929094215963
    },
    "valid": true
  },
  "posterior_summary": {
    "mean": [
      1.8058285104163108,
      4.098866188257439,
      4.998123746038718,
      4.9988135842074835,
      4.994126403557162
    ],
    "std": [
      0.05345089306795065,
      0.03809350187309434,
      0.001613089217176542,
      0.000999795760656061,
      0.004328692113856443
    ]
  },
  "performance": {
    "runtime": 242.67614197731018,
    "test_log_posterior": -17096.97496743195
  }
}