{
  "experiment_id": "s5_sigma0.1_nx50_T0.5_lam1.0_m3_seed101",
  "config": {
    "s": 5,
    "sensor_positions": [
      0.2,
      0.35,
      0.5,
      0.65,
      0.8
    ],
    "placement_type": "shifted",
    "sigma": 0.1,
    "n_x": 50,
    "T": 0.5,
    "lambda": 1.0,
    "c": 1.0,
    "m": 3,
    "n_t": 50,
    "seed": 101,
    "delta": 0.05,
    "alpha": 0.001,
    "M": 2000,
    "R": 100,
    "n": 250,
    "Delta_x": 0.02,
    "Delta_t": 0.01020408163265306,
    "mcmc_n_steps": 10000,
    "mcmc_n_burn": 2000,
    "is_baseline": false
  },
  "status": "success",
  "dataset": {
    "kappa_star": [
      2.3073951969585615,
      2.4973365540384895,
      0.5996597926733394
    ],
    "n_observations": 250
  },
  "mcmc": {
    "acceptance_rate": 0.5383,
    "ess_min": 463.53977075962945,
    "ess_mean": 606.7453797781078,
    "ess_per_coord": [
      701.0922693565315,
      463.53977075962945,
      655.6040992181628
    ],
    "n_chunks": 2,
    "total_steps": 10000,
    "converged": true,
    "efficiency": 0.04635397707596294,
    "n_forward_evals": 10000
  },
  "certificate": {
    "L_hat": 811.5099144663353,
    "KL": 0.0,
    "eta_h": 0.0002,
    "delta_term": 0.011982929094215963,
    "B_lambda": 811.5220973954295,
    "components": {
      "empirical_term": 811.5099144663353,
      "kl_term": 0.0,
      "discretization_term": 0.0002,
      "confidence_term": 0.011982929094215963
    },
    "valid": true
  },
  "posterior_summary": {
    "mean": [
      3.0124189646652537,
      2.761894546221861,
      0.9961987931260589
    ],
    "std": [
      0.054373837031005415,
      0.024120547688339572,
      0.03098908749613606
    ]
  },
  "performance": {
    "runtime": 40.27755284309387,
    "test_log_posterior": -1247.7671352010584
  }
}