{
  "experiment_id": "s5_sigma0.1_nx50_T0.5_lam2.0_m5_seed303",
  "config": {
    "s": 5,
    "sensor_positions": [
      0.1,
      0.3,
      0.5,
      0.7,
      0.9
    ],
    "placement_type": "fixed",
    "sigma": 0.1,
    "n_x": 50,
    "T": 0.5,
    "lambda": 2.0,
    "c": 1.0,
    "m": 5,
    "n_t": 50,
    "seed": 303,
    "delta": 0.05,
    "alpha": 0.001,
    "M": 2000,
    "R": 100,
    "n": 250,
    "Delta_x": 0.02,
    "Delta_t": 0.01020408163265306,
    "mcmc_n_steps": 10000,
    "mcmc_n_burn": 2000,
    "is_baseline": false
  },
  "status": "success",
  "dataset": {
    "kappa_star": [
      3.12551948199565,
      1.4836227496566199,
      2.427779995862962,
      3.3381215081208255,
      2.6741059937440994
    ],
    "n_observations": 250
  },
  "mcmc": {
    "acceptance_rate": 0.6110000000000001,
    "ess_min": 532.5176447497424,
    "ess_mean": 579.119255121866,
    "ess_per_coord": [
      532.5176447497424,
      563.9047934411955,
      638.6884688600935,
      549.4841659284762,
      611.0012026298223
    ],
    "n_chunks": 3,
    "total_steps": 15000,
    "converged": true,
    "efficiency": 0.035501176316649494,
    "n_forward_evals": 15000
  },
  "certificate": {
    "L_hat": 3309.2707232967696,
    "KL": 0.0,
    "eta_h": 0.0002,
    "delta_term": 0.0059914645471079815,
    "B_lambda": 3309.2769147613167,
    "components": {
      "empirical_term": 3309.2707232967696,
      "kl_term": 0.0,
      "discretization_term": 0.0002,
      "confidence_term": 0.0059914645471079815
    },
    "valid": true
  },
  "posterior_summary": {
    "mean": [
      3.365198575571773,
      3.5630349168227036,
      4.033369143580315,
      4.252747305087166,
      4.05533366274374
    ],
    "std": [
      0.05016565469642793,
      0.02883358423718253,
      0.025558349605199662,
      0.03709317041683337,
      0.07229241307994888
    ]
  },
  "performance": {
    "runtime": 145.1299159526825,
    "test_log_posterior": -22019.365075726004
  }
}