{
  "experiment_id": "s3_sigma0.1_nx100_T0.3_lam0.5_m5_seed202",
  "config": {
    "s": 3,
    "sensor_positions": [
      0.25,
      0.5,
      0.75
    ],
    "placement_type": "fixed",
    "sigma": 0.1,
    "n_x": 100,
    "T": 0.3,
    "lambda": 0.5,
    "c": 1.0,
    "m": 5,
    "n_t": 50,
    "seed": 202,
    "delta": 0.05,
    "alpha": 0.001,
    "M": 2000,
    "R": 100,
    "n": 150,
    "Delta_x": 0.01,
    "Delta_t": 0.006122448979591836,
    "mcmc_n_steps": 10000,
    "mcmc_n_burn": 2000,
    "is_baseline": false
  },
  "status": "success",
  "dataset": {
    "kappa_star": [
      1.2847216299636934,
      1.4241900884838463,
      3.920764034845088,
      3.9752807832159958,
      3.9824723567684557
    ],
    "n_observations": 150
  },
  "mcmc": {
    "acceptance_rate": 0.16919166666666666,
    "ess_min": 154.95551831317266,
    "ess_mean": 1131.8924495529604,
    "ess_per_coord": [
      1351.5476470648853,
      462.0256546536957,
      1669.963491369654,
      2020.9699363633958,
      154.95551831317266
    ],
    "n_chunks": 8,
    "total_steps": 40000,
    "converged": false,
    "efficiency": 0.0038738879578293166,
    "n_forward_evals": 40000
  },
  "certificate": {
    "L_hat": 3178.1979819411777,
    "KL": 0.0,
    "eta_h": 5e-05,
    "delta_term": 0.03994309698071988,
    "B_lambda": 3178.2379750381583,
    "components": {
      "empirical_term": 3178.1979819411777,
      "kl_term": 0.0,
      "discretization_term": 5e-05,
      "confidence_term": 0.03994309698071988
    },
    "valid": true
  },
  "posterior_summary": {
    "mean": [
      1.1290440622915257,
      4.273554600112406,
      4.996003468169945,
      4.996793505549003,
      4.99530451987076
    ],
    "std": [
      0.06804033505493874,
      0.06369348979848358,
      0.0037557638796105576,
      0.003413832483899052,
      0.004396866140114068
    ]
  },
  "performance": {
    "runtime": 153.8531460762024,
    "test_log_posterior": -6335.826205746844
  }
}