{
  "experiment_id": "s5_sigma0.05_nx100_T0.5_lam1.0_m3_seed202",
  "config": {
    "s": 5,
    "sensor_positions": [
      0.1,
      0.3,
      0.5,
      0.7,
      0.9
    ],
    "placement_type": "fixed",
    "sigma": 0.05,
    "n_x": 100,
    "T": 0.5,
    "lambda": 1.0,
    "c": 1.0,
    "m": 3,
    "n_t": 50,
    "seed": 202,
    "delta": 0.05,
    "alpha": 0.001,
    "M": 2000,
    "R": 100,
    "n": 250,
    "Delta_x": 0.01,
    "Delta_t": 0.01020408163265306,
    "mcmc_n_steps": 10000,
    "mcmc_n_burn": 2000,
    "is_baseline": false
  },
  "status": "success",
  "dataset": {
    "kappa_star": [
      1.2847216299636934,
      1.4241900884838463,
      3.920764034845088
    ],
    "n_observations": 250
  },
  "mcmc": {
    "acceptance_rate": 0.5096499999999999,
    "ess_min": 556.4763306883366,
    "ess_mean": 682.7114803681342,
    "ess_per_coord": [
      677.3643312450467,
      556.4763306883366,
      814.2937791710193
    ],
    "n_chunks": 2,
    "total_steps": 10000,
    "converged": true,
    "efficiency": 0.055647633068833656,
    "n_forward_evals": 10000
  },
  "certificate": {
    "L_hat": 791.6535423576148,
    "KL": 0.0,
    "eta_h": 5e-05,
    "delta_term": 0.011982929094215963,
    "B_lambda": 791.665575286709,
    "components": {
      "empirical_term": 791.6535423576148,
      "kl_term": 0.0,
      "discretization_term": 5e-05,
      "confidence_term": 0.011982929094215963
    },
    "valid": true
  },
  "posterior_summary": {
    "mean": [
      1.3827273585426278,
      2.919358145617557,
      3.2746811684269255
    ],
    "std": [
      0.013282583169546487,
      0.017749106146137648,
      0.022641546780089804
    ]
  },
  "performance": {
    "runtime": 25.541337728500366,
    "test_log_posterior": -6791.275408115425
  }
}