{
  "experiment_id": "s5_sigma0.1_nx50_T0.5_lam0.5_m3_seed202",
  "config": {
    "s": 5,
    "sensor_positions": [
      0.1,
      0.3,
      0.5,
      0.7,
      0.9
    ],
    "placement_type": "fixed",
    "sigma": 0.1,
    "n_x": 50,
    "T": 0.5,
    "lambda": 0.5,
    "c": 1.0,
    "m": 3,
    "n_t": 50,
    "seed": 202,
    "delta": 0.05,
    "alpha": 0.001,
    "M": 2000,
    "R": 100,
    "n": 250,
    "Delta_x": 0.02,
    "Delta_t": 0.01020408163265306,
    "mcmc_n_steps": 10000,
    "mcmc_n_burn": 2000,
    "is_baseline": false
  },
  "status": "success",
  "dataset": {
    "kappa_star": [
      1.2847216299636934,
      1.4241900884838463,
      3.920764034845088
    ],
    "n_observations": 250
  },
  "mcmc": {
    "acceptance_rate": 0.5024500000000001,
    "ess_min": 611.7753350115331,
    "ess_mean": 691.3248880469746,
    "ess_per_coord": [
      663.0829576890451,
      611.7753350115331,
      799.1163714403455
    ],
    "n_chunks": 2,
    "total_steps": 10000,
    "converged": true,
    "efficiency": 0.06117753350115331,
    "n_forward_evals": 10000
  },
  "certificate": {
    "L_hat": 282.14397704345674,
    "KL": 0.0,
    "eta_h": 0.0002,
    "delta_term": 0.023965858188431926,
    "B_lambda": 282.1681429016452,
    "components": {
      "empirical_term": 282.14397704345674,
      "kl_term": 0.0,
      "discretization_term": 0.0002,
      "confidence_term": 0.023965858188431926
    },
    "valid": true
  },
  "posterior_summary": {
    "mean": [
      1.3892776683043215,
      2.934714164891083,
      3.2470268666895574
    ],
    "std": [
      0.04294897597394816,
      0.05047344959008925,
      0.06169885903431951
    ]
  },
  "performance": {
    "runtime": 40.29377603530884,
    "test_log_posterior": -900.9348681088344
  }
}