{
  "experiment_id": "s3_sigma0.2_nx100_T0.5_lam0.5_m3_seed101",
  "config": {
    "s": 3,
    "sensor_positions": [
      0.2,
      0.5,
      0.8
    ],
    "placement_type": "shifted",
    "sigma": 0.2,
    "n_x": 100,
    "T": 0.5,
    "lambda": 0.5,
    "c": 1.0,
    "m": 3,
    "n_t": 100,
    "seed": 101,
    "delta": 0.05,
    "alpha": 0.001,
    "M": 2000,
    "R": 100,
    "n": 300,
    "Delta_x": 0.01,
    "Delta_t": 0.005050505050505051,
    "mcmc_n_steps": 10000,
    "mcmc_n_burn": 2000,
    "is_baseline": false
  },
  "status": "success",
  "dataset": {
    "kappa_star": [
      2.3073951969585615,
      2.4973365540384895,
      0.5996597926733394
    ],
    "n_observations": 300
  },
  "mcmc": {
    "acceptance_rate": 0.5436,
    "ess_min": 612.1441539822848,
    "ess_mean": 707.0233955702168,
    "ess_per_coord": [
      612.1441539822848,
      705.4976399779708,
      803.4283927503948
    ],
    "n_chunks": 2,
    "total_steps": 10000,
    "converged": true,
    "efficiency": 0.06121441539822848,
    "n_forward_evals": 10000
  },
  "certificate": {
    "L_hat": 290.3436743337238,
    "KL": 0.0,
    "eta_h": 5e-05,
    "delta_term": 0.01997154849035994,
    "B_lambda": 290.36369588221413,
    "components": {
      "empirical_term": 290.3436743337238,
      "kl_term": 0.0,
      "discretization_term": 5e-05,
      "confidence_term": 0.01997154849035994
    },
    "valid": true
  },
  "posterior_summary": {
    "mean": [
      3.1397172681644894,
      3.364890274768643,
      1.3179326463005925
    ],
    "std": [
      0.13074131392286892,
      0.07383564678879889,
      0.0873838617126111
    ]
  },
  "performance": {
    "runtime": 53.07714104652405,
    "test_log_posterior": -343.51158242032614
  }
}