{
  "experiment_id": "s5_sigma0.1_nx100_T0.5_lam1.0_m5_seed101",
  "config": {
    "s": 5,
    "sensor_positions": [
      0.1,
      0.3,
      0.5,
      0.7,
      0.9
    ],
    "placement_type": "fixed",
    "sigma": 0.1,
    "n_x": 100,
    "T": 0.5,
    "lambda": 1.0,
    "c": 1.0,
    "m": 5,
    "n_t": 50,
    "seed": 101,
    "delta": 0.05,
    "alpha": 0.001,
    "M": 2000,
    "R": 100,
    "n": 250,
    "Delta_x": 0.01,
    "Delta_t": 0.01020408163265306,
    "mcmc_n_steps": 10000,
    "mcmc_n_burn": 2000,
    "is_baseline": false
  },
  "status": "success",
  "dataset": {
    "kappa_star": [
      2.3073951969585615,
      2.4973365540384895,
      0.5996597926733394,
      1.1003257967878608,
      2.898469435940594
    ],
    "n_observations": 250
  },
  "mcmc": {
    "acceptance_rate": 0.5678933333333333,
    "ess_min": 421.8167560719576,
    "ess_mean": 821.3382592640157,
    "ess_per_coord": [
      1453.1077854550854,
      924.6406933595375,
      848.0970316799152,
      421.8167560719576,
      459.02902975358256
    ],
    "n_chunks": 5,
    "total_steps": 25000,
    "converged": true,
    "efficiency": 0.016872670242878304,
    "n_forward_evals": 25000
  },
  "certificate": {
    "L_hat": 483.9963252830244,
    "KL": 0.0,
    "eta_h": 5e-05,
    "delta_term": 0.011982929094215963,
    "B_lambda": 484.0083582121186,
    "components": {
      "empirical_term": 483.9963252830244,
      "kl_term": 0.0,
      "discretization_term": 5e-05,
      "confidence_term": 0.011982929094215963
    },
    "valid": true
  },
  "posterior_summary": {
    "mean": [
      3.2163389258301773,
      2.9017776976753,
      2.335142179327729,
      2.2027092072728003,
      2.815339443339139
    ],
    "std": [
      0.09132058432356029,
      0.049404481934277884,
      0.03820997387423708,
      0.04677739047442811,
      0.09410905160282297
    ]
  },
  "performance": {
    "runtime": 237.63842916488647,
    "test_log_posterior": -7070.652235815825
  }
}