{
  "experiment_id": "s5_sigma0.2_nx50_T0.5_lam1.0_m5_seed101",
  "config": {
    "s": 5,
    "sensor_positions": [
      0.2,
      0.35,
      0.5,
      0.65,
      0.8
    ],
    "placement_type": "shifted",
    "sigma": 0.2,
    "n_x": 50,
    "T": 0.5,
    "lambda": 1.0,
    "c": 1.0,
    "m": 5,
    "n_t": 100,
    "seed": 101,
    "delta": 0.05,
    "alpha": 0.001,
    "M": 2000,
    "R": 100,
    "n": 500,
    "Delta_x": 0.02,
    "Delta_t": 0.005050505050505051,
    "mcmc_n_steps": 10000,
    "mcmc_n_burn": 2000,
    "is_baseline": false
  },
  "status": "success",
  "dataset": {
    "kappa_star": [
      2.3073951969585615,
      2.4973365540384895,
      0.5996597926733394,
      1.1003257967878608,
      2.898469435940594
    ],
    "n_observations": 500
  },
  "mcmc": {
    "acceptance_rate": 0.5593733333333334,
    "ess_min": 480.5453019679093,
    "ess_mean": 681.3155722755216,
    "ess_per_coord": [
      1213.7133487062044,
      742.6091241096728,
      484.9150663509847,
      480.5453019679093,
      484.7950202428367
    ],
    "n_chunks": 5,
    "total_steps": 25000,
    "converged": true,
    "efficiency": 0.01922181207871637,
    "n_forward_evals": 25000
  },
  "certificate": {
    "L_hat": 408.45827591513176,
    "KL": 0.0,
    "eta_h": 0.0002,
    "delta_term": 0.0059914645471079815,
    "B_lambda": 408.46446737967887,
    "components": {
      "empirical_term": 408.45827591513176,
      "kl_term": 0.0,
      "discretization_term": 0.0002,
      "confidence_term": 0.0059914645471079815
    },
    "valid": true
  },
  "posterior_summary": {
    "mean": [
      1.859925219267227,
      2.8062630997514857,
      2.417677540089092,
      2.227894808561316,
      1.4856184811431645
    ],
    "std": [
      0.07313731584091057,
      0.0591229904349263,
      0.047914975406142035,
      0.0527019111104703,
      0.06893632875726523
    ]
  },
  "performance": {
    "runtime": 278.81915187835693,
    "test_log_posterior": -4135.539378451451
  }
}