{
  "experiment_id": "s5_sigma0.1_nx50_T0.3_lam2.0_m3_seed303",
  "config": {
    "s": 5,
    "sensor_positions": [
      0.2,
      0.35,
      0.5,
      0.65,
      0.8
    ],
    "placement_type": "shifted",
    "sigma": 0.1,
    "n_x": 50,
    "T": 0.3,
    "lambda": 2.0,
    "c": 1.0,
    "m": 3,
    "n_t": 100,
    "seed": 303,
    "delta": 0.05,
    "alpha": 0.001,
    "M": 2000,
    "R": 100,
    "n": 500,
    "Delta_x": 0.02,
    "Delta_t": 0.0030303030303030303,
    "mcmc_n_steps": 10000,
    "mcmc_n_burn": 2000,
    "is_baseline": false
  },
  "status": "success",
  "dataset": {
    "kappa_star": [
      3.12551948199565,
      1.4836227496566199,
      2.427779995862962
    ],
    "n_observations": 500
  },
  "mcmc": {
    "acceptance_rate": 0.46235,
    "ess_min": 550.1972105496037,
    "ess_mean": 622.2611860601287,
    "ess_per_coord": [
      592.1757355003684,
      550.1972105496037,
      724.410612130414
    ],
    "n_chunks": 2,
    "total_steps": 10000,
    "converged": true,
    "efficiency": 0.05501972105496037,
    "n_forward_evals": 10000
  },
  "certificate": {
    "L_hat": 1595.59381173665,
    "KL": 0.0,
    "eta_h": 0.0002,
    "delta_term": 0.0029957322735539907,
    "B_lambda": 1595.5970074689235,
    "components": {
      "empirical_term": 1595.59381173665,
      "kl_term": 0.0,
      "discretization_term": 0.0002,
      "confidence_term": 0.0029957322735539907
    },
    "valid": true
  },
  "posterior_summary": {
    "mean": [
      3.3676117918946478,
      2.570680713880945,
      2.6532856684801063
    ],
    "std": [
      0.020534330196682188,
      0.009379054162807281,
      0.02184059420052113
    ]
  },
  "performance": {
    "runtime": 81.98582100868225,
    "test_log_posterior": -15816.00952256846
  }
}