{
  "experiment_id": "s3_sigma0.1_nx50_T0.3_lam2.0_m5_seed202",
  "config": {
    "s": 3,
    "sensor_positions": [
      0.2,
      0.5,
      0.8
    ],
    "placement_type": "shifted",
    "sigma": 0.1,
    "n_x": 50,
    "T": 0.3,
    "lambda": 2.0,
    "c": 1.0,
    "m": 5,
    "n_t": 50,
    "seed": 202,
    "delta": 0.05,
    "alpha": 0.001,
    "M": 2000,
    "R": 100,
    "n": 150,
    "Delta_x": 0.02,
    "Delta_t": 0.006122448979591836,
    "mcmc_n_steps": 10000,
    "mcmc_n_burn": 2000,
    "is_baseline": false
  },
  "status": "success",
  "dataset": {
    "kappa_star": [
      1.2847216299636934,
      1.4241900884838463,
      3.920764034845088,
      3.9752807832159958,
      3.9824723567684557
    ],
    "n_observations": 150
  },
  "mcmc": {
    "acceptance_rate": 0.20097142857142858,
    "ess_min": 476.63535462651157,
    "ess_mean": 1356.7292361998345,
    "ess_per_coord": [
      1272.2223484771828,
      476.63535462651157,
      658.5469482499288,
      623.2704264285854,
      3752.9711032169644
    ],
    "n_chunks": 7,
    "total_steps": 35000,
    "converged": true,
    "efficiency": 0.013618152989328901,
    "n_forward_evals": 35000
  },
  "certificate": {
    "L_hat": 2166.767081674525,
    "KL": 0.0,
    "eta_h": 0.0002,
    "delta_term": 0.00998577424517997,
    "B_lambda": 2166.77726744877,
    "components": {
      "empirical_term": 2166.767081674525,
      "kl_term": 0.0,
      "discretization_term": 0.0002,
      "confidence_term": 0.00998577424517997
    },
    "valid": true
  },
  "posterior_summary": {
    "mean": [
      0.43980985613840595,
      4.482107304835966,
      4.998810653852692,
      4.99605914183687,
      3.7390570471965985
    ],
    "std": [
      0.021942281771924765,
      0.03696387303272119,
      0.0009635003162382425,
      0.0028457979156228186,
      0.04461839320256219
    ]
  },
  "performance": {
    "runtime": 181.28202486038208,
    "test_log_posterior": -16606.462726517002
  }
}