{
  "experiment_id": "s3_sigma0.1_nx50_T0.3_lam2.0_m3_seed202",
  "config": {
    "s": 3,
    "sensor_positions": [
      0.2,
      0.5,
      0.8
    ],
    "placement_type": "shifted",
    "sigma": 0.1,
    "n_x": 50,
    "T": 0.3,
    "lambda": 2.0,
    "c": 1.0,
    "m": 3,
    "n_t": 100,
    "seed": 202,
    "delta": 0.05,
    "alpha": 0.001,
    "M": 2000,
    "R": 100,
    "n": 300,
    "Delta_x": 0.02,
    "Delta_t": 0.0030303030303030303,
    "mcmc_n_steps": 10000,
    "mcmc_n_burn": 2000,
    "is_baseline": false
  },
  "status": "success",
  "dataset": {
    "kappa_star": [
      1.2847216299636934,
      1.4241900884838463,
      3.920764034845088
    ],
    "n_observations": 300
  },
  "mcmc": {
    "acceptance_rate": 0.5447500000000001,
    "ess_min": 583.7060572045785,
    "ess_mean": 639.4567394545543,
    "ess_per_coord": [
      651.5648792540078,
      583.7060572045785,
      683.0992819050765
    ],
    "n_chunks": 2,
    "total_steps": 10000,
    "converged": true,
    "efficiency": 0.05837060572045785,
    "n_forward_evals": 10000
  },
  "certificate": {
    "L_hat": 302.7029654088739,
    "KL": 0.0,
    "eta_h": 0.0002,
    "delta_term": 0.004992887122589985,
    "B_lambda": 302.7081582959965,
    "components": {
      "empirical_term": 302.7029654088739,
      "kl_term": 0.0,
      "discretization_term": 0.0002,
      "confidence_term": 0.004992887122589985
    },
    "valid": true
  },
  "posterior_summary": {
    "mean": [
      1.729190114328158,
      2.93380135785358,
      4.272641123456164
    ],
    "std": [
      0.017995181909664256,
      0.013475351695463735,
      0.02893445964938683
    ]
  },
  "performance": {
    "runtime": 30.60825276374817,
    "test_log_posterior": -9765.66789373814
  }
}