{
  "experiment_id": "s5_sigma0.1_nx50_T0.3_lam0.5_m5_seed303",
  "config": {
    "s": 5,
    "sensor_positions": [
      0.2,
      0.35,
      0.5,
      0.65,
      0.8
    ],
    "placement_type": "shifted",
    "sigma": 0.1,
    "n_x": 50,
    "T": 0.3,
    "lambda": 0.5,
    "c": 1.0,
    "m": 5,
    "n_t": 100,
    "seed": 303,
    "delta": 0.05,
    "alpha": 0.001,
    "M": 2000,
    "R": 100,
    "n": 500,
    "Delta_x": 0.02,
    "Delta_t": 0.0030303030303030303,
    "mcmc_n_steps": 10000,
    "mcmc_n_burn": 2000,
    "is_baseline": false
  },
  "status": "success",
  "dataset": {
    "kappa_star": [
      3.12551948199565,
      1.4836227496566199,
      2.427779995862962,
      3.3381215081208255,
      2.6741059937440994
    ],
    "n_observations": 500
  },
  "mcmc": {
    "acceptance_rate": 0.5284,
    "ess_min": 489.7226085347673,
    "ess_mean": 568.6326120865474,
    "ess_per_coord": [
      570.2635831418669,
      489.7226085347673,
      498.0939020744281,
      559.9576025559192,
      725.1253641257554
    ],
    "n_chunks": 3,
    "total_steps": 15000,
    "converged": true,
    "efficiency": 0.03264817390231782,
    "n_forward_evals": 15000
  },
  "certificate": {
    "L_hat": 5713.2194967457835,
    "KL": 0.0,
    "eta_h": 0.0002,
    "delta_term": 0.011982929094215963,
    "B_lambda": 5713.231679674878,
    "components": {
      "empirical_term": 5713.2194967457835,
      "kl_term": 0.0,
      "discretization_term": 0.0002,
      "confidence_term": 0.011982929094215963
    },
    "valid": true
  },
  "posterior_summary": {
    "mean": [
      1.7912563576237486,
      3.5957434615309127,
      4.38501706174211,
      4.330772629322965,
      2.5192783384255155
    ],
    "std": [
      0.040784697981438786,
      0.03609932401237132,
      0.03094315898166117,
      0.0365576532440693,
      0.04246360523033692
    ]
  },
  "performance": {
    "runtime": 273.7502031326294,
    "test_log_posterior": -17348.029460853573
  }
}