{
  "experiment_id": "s3_sigma0.2_nx100_T0.5_lam2.0_m5_seed101",
  "config": {
    "s": 3,
    "sensor_positions": [
      0.2,
      0.5,
      0.8
    ],
    "placement_type": "shifted",
    "sigma": 0.2,
    "n_x": 100,
    "T": 0.5,
    "lambda": 2.0,
    "c": 1.0,
    "m": 5,
    "n_t": 50,
    "seed": 101,
    "delta": 0.05,
    "alpha": 0.001,
    "M": 2000,
    "R": 100,
    "n": 150,
    "Delta_x": 0.01,
    "Delta_t": 0.01020408163265306,
    "mcmc_n_steps": 10000,
    "mcmc_n_burn": 2000,
    "is_baseline": false
  },
  "status": "success",
  "dataset": {
    "kappa_star": [
      2.3073951969585615,
      2.4973365540384895,
      0.5996597926733394,
      1.1003257967878608,
      2.898469435940594
    ],
    "n_observations": 150
  },
  "mcmc": {
    "acceptance_rate": 0.38300952380952374,
    "ess_min": 444.65441314121205,
    "ess_mean": 575.975533019214,
    "ess_per_coord": [
      642.3277622298986,
      593.1855219776611,
      720.3581602755078,
      444.65441314121205,
      479.3518074717909
    ],
    "n_chunks": 7,
    "total_steps": 35000,
    "converged": true,
    "efficiency": 0.01270441180403463,
    "n_forward_evals": 35000
  },
  "certificate": {
    "L_hat": 91.09351649700551,
    "KL": 0.0,
    "eta_h": 5e-05,
    "delta_term": 0.00998577424517997,
    "B_lambda": 91.10355227125069,
    "components": {
      "empirical_term": 91.09351649700551,
      "kl_term": 0.0,
      "discretization_term": 5e-05,
      "confidence_term": 0.00998577424517997
    },
    "valid": true
  },
  "posterior_summary": {
    "mean": [
      2.0171938919697823,
      2.4511211482085535,
      2.4853105444881867,
      2.5284065559361246,
      1.311287052497222
    ],
    "std": [
      0.16090494065904962,
      0.16181206761082964,
      0.07459118083763787,
      0.1638202916560033,
      0.12791576110835373
    ]
  },
  "performance": {
    "runtime": 214.27352809906006,
    "test_log_posterior": -2382.067151312943
  }
}