{
  "experiment_id": "s3_sigma0.1_nx50_T0.3_lam1.0_m5_seed101",
  "config": {
    "s": 3,
    "sensor_positions": [
      0.25,
      0.5,
      0.75
    ],
    "placement_type": "fixed",
    "sigma": 0.1,
    "n_x": 50,
    "T": 0.3,
    "lambda": 1.0,
    "c": 1.0,
    "m": 5,
    "n_t": 50,
    "seed": 101,
    "delta": 0.05,
    "alpha": 0.001,
    "M": 2000,
    "R": 100,
    "n": 150,
    "Delta_x": 0.02,
    "Delta_t": 0.006122448979591836,
    "mcmc_n_steps": 10000,
    "mcmc_n_burn": 2000,
    "is_baseline": false
  },
  "status": "success",
  "dataset": {
    "kappa_star": [
      2.3073951969585615,
      2.4973365540384895,
      0.5996597926733394,
      1.1003257967878608,
      2.898469435940594
    ],
    "n_observations": 150
  },
  "mcmc": {
    "acceptance_rate": 0.47149166666666664,
    "ess_min": 227.53667113485398,
    "ess_mean": 496.52899723095334,
    "ess_per_coord": [
      897.3774867738213,
      840.4565411695681,
      288.7001237907197,
      227.53667113485398,
      228.57416328580334
    ],
    "n_chunks": 8,
    "total_steps": 40000,
    "converged": false,
    "efficiency": 0.005688416778371349,
    "n_forward_evals": 40000
  },
  "certificate": {
    "L_hat": 138.76167978100216,
    "KL": 0.0,
    "eta_h": 0.0002,
    "delta_term": 0.01997154849035994,
    "B_lambda": 138.78185132949253,
    "components": {
      "empirical_term": 138.76167978100216,
      "kl_term": 0.0,
      "discretization_term": 0.0002,
      "confidence_term": 0.01997154849035994
    },
    "valid": true
  },
  "posterior_summary": {
    "mean": [
      3.0022025478815784,
      2.809649072223926,
      2.325964760290728,
      2.279624575203455,
      2.4306393847971988
    ],
    "std": [
      0.12845195976468413,
      0.07095404539435633,
      0.047850668255598916,
      0.10236494206442125,
      0.1671500689839481
    ]
  },
  "performance": {
    "runtime": 262.4637539386749,
    "test_log_posterior": -7450.5056217541905
  }
}