{
  "experiment_id": "s5_sigma0.1_nx100_T0.3_lam1.0_m5_seed303",
  "config": {
    "s": 5,
    "sensor_positions": [
      0.1,
      0.3,
      0.5,
      0.7,
      0.9
    ],
    "placement_type": "fixed",
    "sigma": 0.1,
    "n_x": 100,
    "T": 0.3,
    "lambda": 1.0,
    "c": 1.0,
    "m": 5,
    "n_t": 100,
    "seed": 303,
    "delta": 0.05,
    "alpha": 0.001,
    "M": 2000,
    "R": 100,
    "n": 500,
    "Delta_x": 0.01,
    "Delta_t": 0.0030303030303030303,
    "mcmc_n_steps": 10000,
    "mcmc_n_burn": 2000,
    "is_baseline": false
  },
  "status": "success",
  "dataset": {
    "kappa_star": [
      3.12551948199565,
      1.4836227496566199,
      2.427779995862962,
      3.3381215081208255,
      2.6741059937440994
    ],
    "n_observations": 500
  },
  "mcmc": {
    "acceptance_rate": 0.5541555555555555,
    "ess_min": 444.56822680425574,
    "ess_mean": 566.0100480253874,
    "ess_per_coord": [
      726.7964851283289,
      505.1870040249715,
      444.56822680425574,
      628.6116515664243,
      524.8868726029565
    ],
    "n_chunks": 3,
    "total_steps": 15000,
    "converged": true,
    "efficiency": 0.02963788178695038,
    "n_forward_evals": 15000
  },
  "certificate": {
    "L_hat": 4922.810477385938,
    "KL": 0.0,
    "eta_h": 5e-05,
    "delta_term": 0.0059914645471079815,
    "B_lambda": 4922.8165188504845,
    "components": {
      "empirical_term": 4922.810477385938,
      "kl_term": 0.0,
      "discretization_term": 5e-05,
      "confidence_term": 0.0059914645471079815
    },
    "valid": true
  },
  "posterior_summary": {
    "mean": [
      3.405260536418536,
      3.638383373132622,
      4.242660154117103,
      4.440928005764223,
      4.332033545053651
    ],
    "std": [
      0.055435340251229925,
      0.028975946526263768,
      0.02321508616161348,
      0.030325152284864963,
      0.05400073996348017
    ]
  },
  "performance": {
    "runtime": 277.86722683906555,
    "test_log_posterior": -31258.339033962566
  }
}