{
  "experiment_id": "s5_sigma0.1_nx100_T0.3_lam1.0_m5_seed101",
  "config": {
    "s": 5,
    "sensor_positions": [
      0.1,
      0.3,
      0.5,
      0.7,
      0.9
    ],
    "placement_type": "fixed",
    "sigma": 0.1,
    "n_x": 100,
    "T": 0.3,
    "lambda": 1.0,
    "c": 1.0,
    "m": 5,
    "n_t": 50,
    "seed": 101,
    "delta": 0.05,
    "alpha": 0.001,
    "M": 2000,
    "R": 100,
    "n": 250,
    "Delta_x": 0.01,
    "Delta_t": 0.006122448979591836,
    "mcmc_n_steps": 10000,
    "mcmc_n_burn": 2000,
    "is_baseline": false
  },
  "status": "success",
  "dataset": {
    "kappa_star": [
      2.3073951969585615,
      2.4973365540384895,
      0.5996597926733394,
      1.1003257967878608,
      2.898469435940594
    ],
    "n_observations": 250
  },
  "mcmc": {
    "acceptance_rate": 0.5031,
    "ess_min": 465.19784602885414,
    "ess_mean": 586.9898734302039,
    "ess_per_coord": [
      912.8343290521232,
      524.3805665280626,
      465.19784602885414,
      486.58634871114236,
      545.9502768308373
    ],
    "n_chunks": 4,
    "total_steps": 20000,
    "converged": true,
    "efficiency": 0.02325989230144271,
    "n_forward_evals": 20000
  },
  "certificate": {
    "L_hat": 265.22874694954584,
    "KL": 0.0,
    "eta_h": 5e-05,
    "delta_term": 0.011982929094215963,
    "B_lambda": 265.24077987864,
    "components": {
      "empirical_term": 265.22874694954584,
      "kl_term": 0.0,
      "discretization_term": 5e-05,
      "confidence_term": 0.011982929094215963
    },
    "valid": true
  },
  "posterior_summary": {
    "mean": [
      3.307974352454786,
      2.958309567212903,
      2.298550027631512,
      2.13983713050726,
      2.9910059734577383
    ],
    "std": [
      0.08567486992048341,
      0.051755151942655744,
      0.03989232701667727,
      0.04469196318816947,
      0.09158821218906234
    ]
  },
  "performance": {
    "runtime": 191.03607392311096,
    "test_log_posterior": -9552.490186993256
  }
}