{
  "experiment_id": "s3_sigma0.05_nx50_T0.3_lam0.5_m3_seed303",
  "config": {
    "s": 3,
    "sensor_positions": [
      0.2,
      0.5,
      0.8
    ],
    "placement_type": "shifted",
    "sigma": 0.05,
    "n_x": 50,
    "T": 0.3,
    "lambda": 0.5,
    "c": 1.0,
    "m": 3,
    "n_t": 100,
    "seed": 303,
    "delta": 0.05,
    "alpha": 0.001,
    "M": 2000,
    "R": 100,
    "n": 300,
    "Delta_x": 0.02,
    "Delta_t": 0.0030303030303030303,
    "mcmc_n_steps": 10000,
    "mcmc_n_burn": 2000,
    "is_baseline": false
  },
  "status": "success",
  "dataset": {
    "kappa_star": [
      3.12551948199565,
      1.4836227496566199,
      2.427779995862962
    ],
    "n_observations": 300
  },
  "mcmc": {
    "acceptance_rate": 0.53945,
    "ess_min": 591.7424391097163,
    "ess_mean": 687.3786923041292,
    "ess_per_coord": [
      637.0396239070491,
      591.7424391097163,
      833.3540138956221
    ],
    "n_chunks": 2,
    "total_steps": 10000,
    "converged": true,
    "efficiency": 0.05917424391097163,
    "n_forward_evals": 10000
  },
  "certificate": {
    "L_hat": 1439.0691384803856,
    "KL": 0.0,
    "eta_h": 0.0002,
    "delta_term": 0.01997154849035994,
    "B_lambda": 1439.0893100288758,
    "components": {
      "empirical_term": 1439.0691384803856,
      "kl_term": 0.0,
      "discretization_term": 0.0002,
      "confidence_term": 0.01997154849035994
    },
    "valid": true
  },
  "posterior_summary": {
    "mean": [
      3.576082020956385,
      3.159051002967522,
      2.8975684153532377
    ],
    "std": [
      0.028059188304357736,
      0.013886277388935424,
      0.024527317080221087
    ]
  },
  "performance": {
    "runtime": 47.28185820579529,
    "test_log_posterior": -11598.368990809198
  }
}