{
  "experiment_id": "s5_sigma0.05_nx50_T0.5_lam0.5_m5_seed202",
  "config": {
    "s": 5,
    "sensor_positions": [
      0.1,
      0.3,
      0.5,
      0.7,
      0.9
    ],
    "placement_type": "fixed",
    "sigma": 0.05,
    "n_x": 50,
    "T": 0.5,
    "lambda": 0.5,
    "c": 1.0,
    "m": 5,
    "n_t": 100,
    "seed": 202,
    "delta": 0.05,
    "alpha": 0.001,
    "M": 2000,
    "R": 100,
    "n": 500,
    "Delta_x": 0.02,
    "Delta_t": 0.005050505050505051,
    "mcmc_n_steps": 10000,
    "mcmc_n_burn": 2000,
    "is_baseline": false
  },
  "status": "success",
  "dataset": {
    "kappa_star": [
      1.2847216299636934,
      1.4241900884838463,
      3.920764034845088,
      3.9752807832159958,
      3.9824723567684557
    ],
    "n_observations": 500
  },
  "mcmc": {
    "acceptance_rate": 0.048783333333333324,
    "ess_min": 48.862860044087746,
    "ess_mean": 628.8393072900576,
    "ess_per_coord": [
      1605.6284091625462,
      1268.4875987734804,
      86.3626693238234,
      134.85499914635014,
      48.862860044087746
    ],
    "n_chunks": 8,
    "total_steps": 40000,
    "converged": false,
    "efficiency": 0.0012215715011021937,
    "n_forward_evals": 40000
  },
  "certificate": {
    "L_hat": 35778.70067278744,
    "KL": 0.0,
    "eta_h": 0.0002,
    "delta_term": 0.011982929094215963,
    "B_lambda": 35778.712855716534,
    "components": {
      "empirical_term": 35778.70067278744,
      "kl_term": 0.0,
      "discretization_term": 0.0002,
      "confidence_term": 0.011982929094215963
    },
    "valid": true
  },
  "posterior_summary": {
    "mean": [
      2.232500008562234,
      3.6649283633185035,
      4.998687275510682,
      4.999620549991106,
      4.998603567356558
    ],
    "std": [
      0.03432059958322801,
      0.0202636645028431,
      0.0012427018461052342,
      0.000398255322236487,
      0.0008832167421394963
    ]
  },
  "performance": {
    "runtime": 526.9298229217529,
    "test_log_posterior": -46051.80212089743
  }
}