{
  "experiment_id": "s3_sigma0.05_nx50_T0.5_lam1.0_m3_seed101",
  "config": {
    "s": 3,
    "sensor_positions": [
      0.2,
      0.5,
      0.8
    ],
    "placement_type": "shifted",
    "sigma": 0.05,
    "n_x": 50,
    "T": 0.5,
    "lambda": 1.0,
    "c": 1.0,
    "m": 3,
    "n_t": 50,
    "seed": 101,
    "delta": 0.05,
    "alpha": 0.001,
    "M": 2000,
    "R": 100,
    "n": 150,
    "Delta_x": 0.02,
    "Delta_t": 0.01020408163265306,
    "mcmc_n_steps": 10000,
    "mcmc_n_burn": 2000,
    "is_baseline": false
  },
  "status": "success",
  "dataset": {
    "kappa_star": [
      2.3073951969585615,
      2.4973365540384895,
      0.5996597926733394
    ],
    "n_observations": 150
  },
  "mcmc": {
    "acceptance_rate": 0.57255,
    "ess_min": 586.1987490274753,
    "ess_mean": 644.1968544857751,
    "ess_per_coord": [
      627.3877985946405,
      586.1987490274753,
      719.0040158352098
    ],
    "n_chunks": 2,
    "total_steps": 10000,
    "converged": true,
    "efficiency": 0.05861987490274753,
    "n_forward_evals": 10000
  },
  "certificate": {
    "L_hat": 1252.4507061275801,
    "KL": 0.0,
    "eta_h": 0.0002,
    "delta_term": 0.01997154849035994,
    "B_lambda": 1252.4708776760704,
    "components": {
      "empirical_term": 1252.4507061275801,
      "kl_term": 0.0,
      "discretization_term": 0.0002,
      "confidence_term": 0.01997154849035994
    },
    "valid": true
  },
  "posterior_summary": {
    "mean": [
      3.1171815436342483,
      3.335630007702863,
      1.3473522145425485
    ],
    "std": [
      0.028670210412660137,
      0.01695179412328921,
      0.022706993270618748
    ]
  },
  "performance": {
    "runtime": 16.499757051467896,
    "test_log_posterior": -4395.5205737617935
  }
}