{
  "experiment_id": "s3_sigma0.05_nx100_T0.3_lam0.5_m5_seed202",
  "config": {
    "s": 3,
    "sensor_positions": [
      0.25,
      0.5,
      0.75
    ],
    "placement_type": "fixed",
    "sigma": 0.05,
    "n_x": 100,
    "T": 0.3,
    "lambda": 0.5,
    "c": 1.0,
    "m": 5,
    "n_t": 100,
    "seed": 202,
    "delta": 0.05,
    "alpha": 0.001,
    "M": 2000,
    "R": 100,
    "n": 300,
    "Delta_x": 0.01,
    "Delta_t": 0.0030303030303030303,
    "mcmc_n_steps": 10000,
    "mcmc_n_burn": 2000,
    "is_baseline": false
  },
  "status": "success",
  "dataset": {
    "kappa_star": [
      1.2847216299636934,
      1.4241900884838463,
      3.920764034845088,
      3.9752807832159958,
      3.9824723567684557
    ],
    "n_observations": 300
  },
  "mcmc": {
    "acceptance_rate": 0.016975,
    "ess_min": 26.16283668505318,
    "ess_mean": 208.25464664005713,
    "ess_per_coord": [
      531.9852118526775,
      393.1100373494698,
      41.789504540098406,
      48.22564277298683,
      26.16283668505318
    ],
    "n_chunks": 8,
    "total_steps": 40000,
    "converged": false,
    "efficiency": 0.0006540709171263295,
    "n_forward_evals": 40000
  },
  "certificate": {
    "L_hat": 25114.938190437304,
    "KL": 0.0,
    "eta_h": 5e-05,
    "delta_term": 0.01997154849035994,
    "B_lambda": 25114.95821198579,
    "components": {
      "empirical_term": 25114.938190437304,
      "kl_term": 0.0,
      "discretization_term": 5e-05,
      "confidence_term": 0.01997154849035994
    },
    "valid": true
  },
  "posterior_summary": {
    "mean": [
      1.1584400518365379,
      4.237472616583222,
      4.999387353714219,
      4.999417348956349,
      4.998451628934048
    ],
    "std": [
      0.028865199929875178,
      0.019488415409363385,
      0.0005487550591246014,
      0.0009745142237413059,
      0.00024155284117744483
    ]
  },
  "performance": {
    "runtime": 355.0263891220093,
    "test_log_posterior": -49755.86559865319
  }
}