{
  "experiment_id": "s5_sigma0.1_nx50_T0.5_lam2.0_m5_seed303",
  "config": {
    "s": 5,
    "sensor_positions": [
      0.2,
      0.35,
      0.5,
      0.65,
      0.8
    ],
    "placement_type": "shifted",
    "sigma": 0.1,
    "n_x": 50,
    "T": 0.5,
    "lambda": 2.0,
    "c": 1.0,
    "m": 5,
    "n_t": 50,
    "seed": 303,
    "delta": 0.05,
    "alpha": 0.001,
    "M": 2000,
    "R": 100,
    "n": 250,
    "Delta_x": 0.02,
    "Delta_t": 0.01020408163265306,
    "mcmc_n_steps": 10000,
    "mcmc_n_burn": 2000,
    "is_baseline": false
  },
  "status": "success",
  "dataset": {
    "kappa_star": [
      3.12551948199565,
      1.4836227496566199,
      2.427779995862962,
      3.3381215081208255,
      2.6741059937440994
    ],
    "n_observations": 250
  },
  "mcmc": {
    "acceptance_rate": 0.5880222222222222,
    "ess_min": 429.76901772294383,
    "ess_mean": 507.60691179425373,
    "ess_per_coord": [
      470.135658522301,
      601.1984745447435,
      560.4513378368832,
      476.48007034439706,
      429.76901772294383
    ],
    "n_chunks": 3,
    "total_steps": 15000,
    "converged": true,
    "efficiency": 0.028651267848196254,
    "n_forward_evals": 15000
  },
  "certificate": {
    "L_hat": 3748.314406367745,
    "KL": 0.0,
    "eta_h": 0.0002,
    "delta_term": 0.0059914645471079815,
    "B_lambda": 3748.320597832292,
    "components": {
      "empirical_term": 3748.314406367745,
      "kl_term": 0.0,
      "discretization_term": 0.0002,
      "confidence_term": 0.0059914645471079815
    },
    "valid": true
  },
  "posterior_summary": {
    "mean": [
      2.0236280392374626,
      3.4647162440292147,
      4.172975440412044,
      4.076530809054175,
      2.6515719895413445
    ],
    "std": [
      0.04248748133791387,
      0.030349259231491663,
      0.024961242974524712,
      0.028484762183969448,
      0.04173706831849172
    ]
  },
  "performance": {
    "runtime": 86.54296708106995,
    "test_log_posterior": -24466.929793426094
  }
}