{
  "experiment_id": "s3_sigma0.1_nx50_T0.5_lam0.5_m3_seed202",
  "config": {
    "s": 3,
    "sensor_positions": [
      0.25,
      0.5,
      0.75
    ],
    "placement_type": "fixed",
    "sigma": 0.1,
    "n_x": 50,
    "T": 0.5,
    "lambda": 0.5,
    "c": 1.0,
    "m": 3,
    "n_t": 50,
    "seed": 202,
    "delta": 0.05,
    "alpha": 0.001,
    "M": 2000,
    "R": 100,
    "n": 150,
    "Delta_x": 0.02,
    "Delta_t": 0.01020408163265306,
    "mcmc_n_steps": 10000,
    "mcmc_n_burn": 2000,
    "is_baseline": false
  },
  "status": "success",
  "dataset": {
    "kappa_star": [
      1.2847216299636934,
      1.4241900884838463,
      3.920764034845088
    ],
    "n_observations": 150
  },
  "mcmc": {
    "acceptance_rate": 0.50315,
    "ess_min": 594.1316496786026,
    "ess_mean": 704.7867414512845,
    "ess_per_coord": [
      695.4241632177906,
      594.1316496786026,
      824.8044114574602
    ],
    "n_chunks": 2,
    "total_steps": 10000,
    "converged": true,
    "efficiency": 0.059413164967860255,
    "n_forward_evals": 10000
  },
  "certificate": {
    "L_hat": 233.5966251026465,
    "KL": 0.0,
    "eta_h": 0.0002,
    "delta_term": 0.03994309698071988,
    "B_lambda": 233.63676819962723,
    "components": {
      "empirical_term": 233.5966251026465,
      "kl_term": 0.0,
      "discretization_term": 0.0002,
      "confidence_term": 0.03994309698071988
    },
    "valid": true
  },
  "posterior_summary": {
    "mean": [
      1.6524202055535364,
      2.9492866525735355,
      3.888368525044246
    ],
    "std": [
      0.049443683746380286,
      0.04655925631852691,
      0.0833243929412078
    ]
  },
  "performance": {
    "runtime": 29.866952180862427,
    "test_log_posterior": -923.6675349316633
  }
}