{
  "experiment_id": "s3_sigma0.1_nx100_T0.3_lam2.0_m5_seed303",
  "config": {
    "s": 3,
    "sensor_positions": [
      0.2,
      0.5,
      0.8
    ],
    "placement_type": "shifted",
    "sigma": 0.1,
    "n_x": 100,
    "T": 0.3,
    "lambda": 2.0,
    "c": 1.0,
    "m": 5,
    "n_t": 100,
    "seed": 303,
    "delta": 0.05,
    "alpha": 0.001,
    "M": 2000,
    "R": 100,
    "n": 300,
    "Delta_x": 0.01,
    "Delta_t": 0.0030303030303030303,
    "mcmc_n_steps": 10000,
    "mcmc_n_burn": 2000,
    "is_baseline": false
  },
  "status": "success",
  "dataset": {
    "kappa_star": [
      3.12551948199565,
      1.4836227496566199,
      2.427779995862962,
      3.3381215081208255,
      2.6741059937440994
    ],
    "n_observations": 300
  },
  "mcmc": {
    "acceptance_rate": 0.5115666666666666,
    "ess_min": 434.9152201774291,
    "ess_mean": 477.8726782829991,
    "ess_per_coord": [
      540.5891826921629,
      465.18280542167474,
      503.4347625336173,
      445.2414205901114,
      434.9152201774291
    ],
    "n_chunks": 4,
    "total_steps": 20000,
    "converged": true,
    "efficiency": 0.021745761008871455,
    "n_forward_evals": 20000
  },
  "certificate": {
    "L_hat": 2581.4923469879914,
    "KL": 0.0,
    "eta_h": 5e-05,
    "delta_term": 0.004992887122589985,
    "B_lambda": 2581.497389875114,
    "components": {
      "empirical_term": 2581.4923469879914,
      "kl_term": 0.0,
      "discretization_term": 5e-05,
      "confidence_term": 0.004992887122589985
    },
    "valid": true
  },
  "posterior_summary": {
    "mean": [
      1.5487678453332105,
      3.775091593468935,
      4.436055706760639,
      3.9334643937639475,
      2.4567349297632126
    ],
    "std": [
      0.028253671336784063,
      0.035862148088312,
      0.019858338413141698,
      0.03393108178506653,
      0.03106875490100991
    ]
  },
  "performance": {
    "runtime": 216.46877312660217,
    "test_log_posterior": -31706.902560418293
  }
}