{
  "experiment_id": "s5_sigma0.2_nx100_T0.5_lam0.5_m5_seed303",
  "config": {
    "s": 5,
    "sensor_positions": [
      0.1,
      0.3,
      0.5,
      0.7,
      0.9
    ],
    "placement_type": "fixed",
    "sigma": 0.2,
    "n_x": 100,
    "T": 0.5,
    "lambda": 0.5,
    "c": 1.0,
    "m": 5,
    "n_t": 50,
    "seed": 303,
    "delta": 0.05,
    "alpha": 0.001,
    "M": 2000,
    "R": 100,
    "n": 250,
    "Delta_x": 0.01,
    "Delta_t": 0.01020408163265306,
    "mcmc_n_steps": 10000,
    "mcmc_n_burn": 2000,
    "is_baseline": false
  },
  "status": "success",
  "dataset": {
    "kappa_star": [
      3.12551948199565,
      1.4836227496566199,
      2.427779995862962,
      3.3381215081208255,
      2.6741059937440994
    ],
    "n_observations": 250
  },
  "mcmc": {
    "acceptance_rate": 0.5054222222222222,
    "ess_min": 542.9159300102266,
    "ess_mean": 659.5369005656039,
    "ess_per_coord": [
      625.6147663988605,
      542.9159300102266,
      694.078360252058,
      613.714576404217,
      821.3608697626572
    ],
    "n_chunks": 3,
    "total_steps": 15000,
    "converged": true,
    "efficiency": 0.036194395334015105,
    "n_forward_evals": 15000
  },
  "certificate": {
    "L_hat": 882.7280621379147,
    "KL": 0.0,
    "eta_h": 5e-05,
    "delta_term": 0.023965858188431926,
    "B_lambda": 882.752077996103,
    "components": {
      "empirical_term": 882.7280621379147,
      "kl_term": 0.0,
      "discretization_term": 5e-05,
      "confidence_term": 0.023965858188431926
    },
    "valid": true
  },
  "posterior_summary": {
    "mean": [
      3.3490940429704437,
      3.5798411993206916,
      4.042310898161846,
      4.312359517437903,
      3.957394568232995
    ],
    "std": [
      0.21709989587571843,
      0.1288520601675356,
      0.10393760705888092,
      0.1342867089102304,
      0.2266138172001541
    ]
  },
  "performance": {
    "runtime": 89.73781824111938,
    "test_log_posterior": -1417.9937484030531
  }
}