{
  "experiment_id": "s3_sigma0.05_nx50_T0.5_lam2.0_m5_seed101",
  "config": {
    "s": 3,
    "sensor_positions": [
      0.2,
      0.5,
      0.8
    ],
    "placement_type": "shifted",
    "sigma": 0.05,
    "n_x": 50,
    "T": 0.5,
    "lambda": 2.0,
    "c": 1.0,
    "m": 5,
    "n_t": 100,
    "seed": 101,
    "delta": 0.05,
    "alpha": 0.001,
    "M": 2000,
    "R": 100,
    "n": 300,
    "Delta_x": 0.02,
    "Delta_t": 0.005050505050505051,
    "mcmc_n_steps": 10000,
    "mcmc_n_burn": 2000,
    "is_baseline": false
  },
  "status": "success",
  "dataset": {
    "kappa_star": [
      2.3073951969585615,
      2.4973365540384895,
      0.5996597926733394,
      1.1003257967878608,
      2.898469435940594
    ],
    "n_observations": 300
  },
  "mcmc": {
    "acceptance_rate": 0.3943428571428571,
    "ess_min": 410.6869261750613,
    "ess_mean": 596.1470504177661,
    "ess_per_coord": [
      787.573131993794,
      674.2238924474326,
      610.7900875336518,
      410.6869261750613,
      497.4612139388906
    ],
    "n_chunks": 7,
    "total_steps": 35000,
    "converged": true,
    "efficiency": 0.011733912176430323,
    "n_forward_evals": 35000
  },
  "certificate": {
    "L_hat": 1066.0373015897273,
    "KL": 0.0,
    "eta_h": 0.0002,
    "delta_term": 0.004992887122589985,
    "B_lambda": 1066.04249447685,
    "components": {
      "empirical_term": 1066.0373015897273,
      "kl_term": 0.0,
      "discretization_term": 0.0002,
      "confidence_term": 0.004992887122589985
    },
    "valid": true
  },
  "posterior_summary": {
    "mean": [
      2.0668812757172264,
      2.3745224564386613,
      2.3981965223041852,
      2.5084892920190103,
      1.2380389933075397
    ],
    "std": [
      0.029614073521089232,
      0.029263175773750986,
      0.01319708051139512,
      0.024140729625558282,
      0.019352788015646872
    ]
  },
  "performance": {
    "runtime": 383.802344083786,
    "test_log_posterior": -66454.59242564937
  }
}