{
  "experiment_id": "s3_sigma0.05_nx50_T0.5_lam2.0_m5_seed202",
  "config": {
    "s": 3,
    "sensor_positions": [
      0.2,
      0.5,
      0.8
    ],
    "placement_type": "shifted",
    "sigma": 0.05,
    "n_x": 50,
    "T": 0.5,
    "lambda": 2.0,
    "c": 1.0,
    "m": 5,
    "n_t": 50,
    "seed": 202,
    "delta": 0.05,
    "alpha": 0.001,
    "M": 2000,
    "R": 100,
    "n": 150,
    "Delta_x": 0.02,
    "Delta_t": 0.01020408163265306,
    "mcmc_n_steps": 10000,
    "mcmc_n_burn": 2000,
    "is_baseline": false
  },
  "status": "success",
  "dataset": {
    "kappa_star": [
      1.2847216299636934,
      1.4241900884838463,
      3.920764034845088,
      3.9752807832159958,
      3.9824723567684557
    ],
    "n_observations": 150
  },
  "mcmc": {
    "acceptance_rate": 0.11730476190476191,
    "ess_min": 451.79096183572756,
    "ess_mean": 897.7148331813471,
    "ess_per_coord": [
      580.9237678171482,
      451.79096183572756,
      704.8139621398277,
      575.7173345492353,
      2175.328139564797
    ],
    "n_chunks": 7,
    "total_steps": 35000,
    "converged": true,
    "efficiency": 0.012908313195306501,
    "n_forward_evals": 35000
  },
  "certificate": {
    "L_hat": 9222.387853431484,
    "KL": 0.0,
    "eta_h": 0.0002,
    "delta_term": 0.00998577424517997,
    "B_lambda": 9222.39803920573,
    "components": {
      "empirical_term": 9222.387853431484,
      "kl_term": 0.0,
      "discretization_term": 0.0002,
      "confidence_term": 0.00998577424517997
    },
    "valid": true
  },
  "posterior_summary": {
    "mean": [
      0.8371986916987659,
      3.849792866660907,
      4.999022465244375,
      4.994954576427087,
      3.6456167431887776
    ],
    "std": [
      0.014258370358054509,
      0.019614066751531684,
      0.0008858590994711507,
      0.0051691563043695,
      0.021307105898761926
    ]
  },
  "performance": {
    "runtime": 205.78193998336792,
    "test_log_posterior": -45373.92764415396
  }
}