{
  "experiment_id": "s3_sigma0.1_nx50_T0.3_lam2.0_m5_seed303",
  "config": {
    "s": 3,
    "sensor_positions": [
      0.25,
      0.5,
      0.75
    ],
    "placement_type": "fixed",
    "sigma": 0.1,
    "n_x": 50,
    "T": 0.3,
    "lambda": 2.0,
    "c": 1.0,
    "m": 5,
    "n_t": 100,
    "seed": 303,
    "delta": 0.05,
    "alpha": 0.001,
    "M": 2000,
    "R": 100,
    "n": 300,
    "Delta_x": 0.02,
    "Delta_t": 0.0030303030303030303,
    "mcmc_n_steps": 10000,
    "mcmc_n_burn": 2000,
    "is_baseline": false
  },
  "status": "success",
  "dataset": {
    "kappa_star": [
      3.12551948199565,
      1.4836227496566199,
      2.427779995862962,
      3.3381215081208255,
      2.6741059937440994
    ],
    "n_observations": 300
  },
  "mcmc": {
    "acceptance_rate": 0.5358166666666667,
    "ess_min": 446.67253661109237,
    "ess_mean": 690.6982863142067,
    "ess_per_coord": [
      1099.1756233669623,
      771.1135066401125,
      621.8052803145342,
      446.67253661109237,
      514.7244846383325
    ],
    "n_chunks": 4,
    "total_steps": 20000,
    "converged": true,
    "efficiency": 0.022333626830554617,
    "n_forward_evals": 20000
  },
  "certificate": {
    "L_hat": 3454.693777799179,
    "KL": 0.0,
    "eta_h": 0.0002,
    "delta_term": 0.004992887122589985,
    "B_lambda": 3454.6989706863014,
    "components": {
      "empirical_term": 3454.693777799179,
      "kl_term": 0.0,
      "discretization_term": 0.0002,
      "confidence_term": 0.004992887122589985
    },
    "valid": true
  },
  "posterior_summary": {
    "mean": [
      2.8304286335431006,
      3.6684139534057243,
      4.320615776955542,
      4.213553391022271,
      4.0279020103484955
    ],
    "std": [
      0.04472130880197339,
      0.02902149990390955,
      0.01690883733039334,
      0.02783503417638818,
      0.04971800358282576
    ]
  },
  "performance": {
    "runtime": 317.66673612594604,
    "test_log_posterior": -46023.067321118826
  }
}