{
  "experiment_id": "s3_sigma0.1_nx50_T0.3_lam1.0_m3_seed101",
  "config": {
    "s": 3,
    "sensor_positions": [
      0.25,
      0.5,
      0.75
    ],
    "placement_type": "fixed",
    "sigma": 0.1,
    "n_x": 50,
    "T": 0.3,
    "lambda": 1.0,
    "c": 1.0,
    "m": 3,
    "n_t": 50,
    "seed": 101,
    "delta": 0.05,
    "alpha": 0.001,
    "M": 2000,
    "R": 100,
    "n": 150,
    "Delta_x": 0.02,
    "Delta_t": 0.006122448979591836,
    "mcmc_n_steps": 10000,
    "mcmc_n_burn": 2000,
    "is_baseline": false
  },
  "status": "success",
  "dataset": {
    "kappa_star": [
      2.3073951969585615,
      2.4973365540384895,
      0.5996597926733394
    ],
    "n_observations": 150
  },
  "mcmc": {
    "acceptance_rate": 0.55195,
    "ess_min": 548.2222531872019,
    "ess_mean": 634.7449391666405,
    "ess_per_coord": [
      548.2222531872019,
      637.9664023495797,
      718.04616196314
    ],
    "n_chunks": 2,
    "total_steps": 10000,
    "converged": true,
    "efficiency": 0.05482222531872019,
    "n_forward_evals": 10000
  },
  "certificate": {
    "L_hat": 248.05040744279688,
    "KL": 0.0,
    "eta_h": 0.0002,
    "delta_term": 0.01997154849035994,
    "B_lambda": 248.07057899128725,
    "components": {
      "empirical_term": 248.05040744279688,
      "kl_term": 0.0,
      "discretization_term": 0.0002,
      "confidence_term": 0.01997154849035994
    },
    "valid": true
  },
  "posterior_summary": {
    "mean": [
      3.005577428599937,
      3.4535429987770714,
      1.2979743715439844
    ],
    "std": [
      0.03736717869796415,
      0.029146973930678062,
      0.03290233452545869
    ]
  },
  "performance": {
    "runtime": 25.647358894348145,
    "test_log_posterior": -1793.029915581694
  }
}