{
  "experiment_id": "s5_sigma0.2_nx100_T0.5_lam0.5_m5_seed202",
  "config": {
    "s": 5,
    "sensor_positions": [
      0.1,
      0.3,
      0.5,
      0.7,
      0.9
    ],
    "placement_type": "fixed",
    "sigma": 0.2,
    "n_x": 100,
    "T": 0.5,
    "lambda": 0.5,
    "c": 1.0,
    "m": 5,
    "n_t": 100,
    "seed": 202,
    "delta": 0.05,
    "alpha": 0.001,
    "M": 2000,
    "R": 100,
    "n": 500,
    "Delta_x": 0.01,
    "Delta_t": 0.005050505050505051,
    "mcmc_n_steps": 10000,
    "mcmc_n_burn": 2000,
    "is_baseline": false
  },
  "status": "success",
  "dataset": {
    "kappa_star": [
      1.2847216299636934,
      1.4241900884838463,
      3.920764034845088,
      3.9752807832159958,
      3.9824723567684557
    ],
    "n_observations": 500
  },
  "mcmc": {
    "acceptance_rate": 0.36125333333333337,
    "ess_min": 450.3518664536977,
    "ess_mean": 960.3749884784669,
    "ess_per_coord": [
      884.9457997116051,
      661.1301900059876,
      1536.0571807434585,
      1269.3899054775857,
      450.3518664536977
    ],
    "n_chunks": 5,
    "total_steps": 25000,
    "converged": true,
    "efficiency": 0.01801407465814791,
    "n_forward_evals": 25000
  },
  "certificate": {
    "L_hat": 2425.86425650565,
    "KL": 0.0,
    "eta_h": 5e-05,
    "delta_term": 0.011982929094215963,
    "B_lambda": 2425.876289434744,
    "components": {
      "empirical_term": 2425.86425650565,
      "kl_term": 0.0,
      "discretization_term": 5e-05,
      "confidence_term": 0.011982929094215963
    },
    "valid": true
  },
  "posterior_summary": {
    "mean": [
      2.2324302757512187,
      3.6798587652886527,
      4.980785015046134,
      4.990031404758839,
      4.975425362010833
    ],
    "std": [
      0.14263255055668736,
      0.0965999655269174,
      0.017675168601960577,
      0.009800713012090909,
      0.02178628766594515
    ]
  },
  "performance": {
    "runtime": 288.0633752346039,
    "test_log_posterior": -2966.0659755455613
  }
}