{
  "experiment_id": "s5_sigma0.1_nx50_T0.5_lam1.0_m5_seed303",
  "config": {
    "s": 5,
    "sensor_positions": [
      0.1,
      0.3,
      0.5,
      0.7,
      0.9
    ],
    "placement_type": "fixed",
    "sigma": 0.1,
    "n_x": 50,
    "T": 0.5,
    "lambda": 1.0,
    "c": 1.0,
    "m": 5,
    "n_t": 50,
    "seed": 303,
    "delta": 0.05,
    "alpha": 0.001,
    "M": 2000,
    "R": 100,
    "n": 250,
    "Delta_x": 0.02,
    "Delta_t": 0.01020408163265306,
    "mcmc_n_steps": 10000,
    "mcmc_n_burn": 2000,
    "is_baseline": false
  },
  "status": "success",
  "dataset": {
    "kappa_star": [
      3.12551948199565,
      1.4836227496566199,
      2.427779995862962,
      3.3381215081208255,
      2.6741059937440994
    ],
    "n_observations": 250
  },
  "mcmc": {
    "acceptance_rate": 0.5923555555555554,
    "ess_min": 444.32001931749744,
    "ess_mean": 559.8441936262998,
    "ess_per_coord": [
      906.9117930816993,
      555.2574943623449,
      447.85598697788663,
      444.87567439207044,
      444.32001931749744
    ],
    "n_chunks": 3,
    "total_steps": 15000,
    "converged": true,
    "efficiency": 0.029621334621166496,
    "n_forward_evals": 15000
  },
  "certificate": {
    "L_hat": 3310.378816677037,
    "KL": 0.0,
    "eta_h": 0.0002,
    "delta_term": 0.011982929094215963,
    "B_lambda": 3310.390999606131,
    "components": {
      "empirical_term": 3310.378816677037,
      "kl_term": 0.0,
      "discretization_term": 0.0002,
      "confidence_term": 0.011982929094215963
    },
    "valid": true
  },
  "posterior_summary": {
    "mean": [
      3.364660486952605,
      3.5647173948699704,
      4.035989011633573,
      4.254769370235823,
      4.042700554828115
    ],
    "std": [
      0.0781968442880521,
      0.041317459988688555,
      0.038185730316505614,
      0.04752724947046379,
      0.07683674741364423
    ]
  },
  "performance": {
    "runtime": 142.52038407325745,
    "test_log_posterior": -11013.655625875794
  }
}