{
  "experiment_id": "s3_sigma0.2_nx50_T0.3_lam2.0_m3_seed202",
  "config": {
    "s": 3,
    "sensor_positions": [
      0.25,
      0.5,
      0.75
    ],
    "placement_type": "fixed",
    "sigma": 0.2,
    "n_x": 50,
    "T": 0.3,
    "lambda": 2.0,
    "c": 1.0,
    "m": 3,
    "n_t": 50,
    "seed": 202,
    "delta": 0.05,
    "alpha": 0.001,
    "M": 2000,
    "R": 100,
    "n": 150,
    "Delta_x": 0.02,
    "Delta_t": 0.006122448979591836,
    "mcmc_n_steps": 10000,
    "mcmc_n_burn": 2000,
    "is_baseline": false
  },
  "status": "success",
  "dataset": {
    "kappa_star": [
      1.2847216299636934,
      1.4241900884838463,
      3.920764034845088
    ],
    "n_observations": 150
  },
  "mcmc": {
    "acceptance_rate": 0.5377000000000001,
    "ess_min": 507.9272393275771,
    "ess_mean": 668.6964728125727,
    "ess_per_coord": [
      507.9272393275771,
      694.4100273922384,
      803.7521517179024
    ],
    "n_chunks": 2,
    "total_steps": 10000,
    "converged": true,
    "efficiency": 0.05079272393275771,
    "n_forward_evals": 10000
  },
  "certificate": {
    "L_hat": 85.48528701835463,
    "KL": 0.0,
    "eta_h": 0.0002,
    "delta_term": 0.00998577424517997,
    "B_lambda": 85.49547279259981,
    "components": {
      "empirical_term": 85.48528701835463,
      "kl_term": 0.0,
      "discretization_term": 0.0002,
      "confidence_term": 0.00998577424517997
    },
    "valid": true
  },
  "posterior_summary": {
    "mean": [
      1.5940912753182475,
      3.0021605530534385,
      3.958889942195618
    ],
    "std": [
      0.03760002563452962,
      0.04440417523333564,
      0.06886241224878076
    ]
  },
  "performance": {
    "runtime": 30.065671920776367,
    "test_log_posterior": -1404.4529952989817
  }
}