{
  "experiment_id": "s5_sigma0.2_nx50_T0.3_lam2.0_m5_seed303",
  "config": {
    "s": 5,
    "sensor_positions": [
      0.2,
      0.35,
      0.5,
      0.65,
      0.8
    ],
    "placement_type": "shifted",
    "sigma": 0.2,
    "n_x": 50,
    "T": 0.3,
    "lambda": 2.0,
    "c": 1.0,
    "m": 5,
    "n_t": 50,
    "seed": 303,
    "delta": 0.05,
    "alpha": 0.001,
    "M": 2000,
    "R": 100,
    "n": 250,
    "Delta_x": 0.02,
    "Delta_t": 0.006122448979591836,
    "mcmc_n_steps": 10000,
    "mcmc_n_burn": 2000,
    "is_baseline": false
  },
  "status": "success",
  "dataset": {
    "kappa_star": [
      3.12551948199565,
      1.4836227496566199,
      2.427779995862962,
      3.3381215081208255,
      2.6741059937440994
    ],
    "n_observations": 250
  },
  "mcmc": {
    "acceptance_rate": 0.5864833333333334,
    "ess_min": 568.9557232113386,
    "ess_mean": 630.0742749973368,
    "ess_per_coord": [
      734.4800084249582,
      568.9557232113386,
      569.1575692850408,
      622.9551720586084,
      654.8229020067384
    ],
    "n_chunks": 4,
    "total_steps": 20000,
    "converged": true,
    "efficiency": 0.02844778616056693,
    "n_forward_evals": 20000
  },
  "certificate": {
    "L_hat": 739.0192816283287,
    "KL": 0.0,
    "eta_h": 0.0002,
    "delta_term": 0.0059914645471079815,
    "B_lambda": 739.0254730928758,
    "components": {
      "empirical_term": 739.0192816283287,
      "kl_term": 0.0,
      "discretization_term": 0.0002,
      "confidence_term": 0.0059914645471079815
    },
    "valid": true
  },
  "posterior_summary": {
    "mean": [
      1.753811860457657,
      3.596951659880861,
      4.419339331447555,
      4.340473573586537,
      2.386089168964187
    ],
    "std": [
      0.059402919008710184,
      0.04923314330964208,
      0.043650359777943036,
      0.05681790010128156,
      0.06736515556845911
    ]
  },
  "performance": {
    "runtime": 115.83522915840149,
    "test_log_posterior": -8776.655590858272
  }
}