{
  "experiment_id": "s3_sigma0.1_nx50_T0.3_lam0.5_m5_seed303",
  "config": {
    "s": 3,
    "sensor_positions": [
      0.2,
      0.5,
      0.8
    ],
    "placement_type": "shifted",
    "sigma": 0.1,
    "n_x": 50,
    "T": 0.3,
    "lambda": 0.5,
    "c": 1.0,
    "m": 5,
    "n_t": 50,
    "seed": 303,
    "delta": 0.05,
    "alpha": 0.001,
    "M": 2000,
    "R": 100,
    "n": 150,
    "Delta_x": 0.02,
    "Delta_t": 0.006122448979591836,
    "mcmc_n_steps": 10000,
    "mcmc_n_burn": 2000,
    "is_baseline": false
  },
  "status": "success",
  "dataset": {
    "kappa_star": [
      3.12551948199565,
      1.4836227496566199,
      2.427779995862962,
      3.3381215081208255,
      2.6741059937440994
    ],
    "n_observations": 150
  },
  "mcmc": {
    "acceptance_rate": 0.5009466666666667,
    "ess_min": 487.05626903367687,
    "ess_mean": 703.9183320859465,
    "ess_per_coord": [
      1109.5531381128233,
      805.1931673976977,
      587.7886347906195,
      487.05626903367687,
      530.0004510949154
    ],
    "n_chunks": 5,
    "total_steps": 25000,
    "converged": true,
    "efficiency": 0.019482250761347075,
    "n_forward_evals": 25000
  },
  "certificate": {
    "L_hat": 1250.738811581294,
    "KL": 0.0,
    "eta_h": 0.0002,
    "delta_term": 0.03994309698071988,
    "B_lambda": 1250.7789546782747,
    "components": {
      "empirical_term": 1250.738811581294,
      "kl_term": 0.0,
      "discretization_term": 0.0002,
      "confidence_term": 0.03994309698071988
    },
    "valid": true
  },
  "posterior_summary": {
    "mean": [
      1.5542929262451421,
      3.7721249440431266,
      4.433268620742102,
      3.9814087693300637,
      2.4161893120944278
    ],
    "std": [
      0.07429386523038603,
      0.09315282719033861,
      0.049110114561034764,
      0.10999245666262447,
      0.10688796743573467
    ]
  },
  "performance": {
    "runtime": 132.53483819961548,
    "test_log_posterior": -3998.2234164675206
  }
}