{
  "experiment_id": "s3_sigma0.1_nx100_T0.5_lam1.0_m5_seed303",
  "config": {
    "s": 3,
    "sensor_positions": [
      0.2,
      0.5,
      0.8
    ],
    "placement_type": "shifted",
    "sigma": 0.1,
    "n_x": 100,
    "T": 0.5,
    "lambda": 1.0,
    "c": 1.0,
    "m": 5,
    "n_t": 50,
    "seed": 303,
    "delta": 0.05,
    "alpha": 0.001,
    "M": 2000,
    "R": 100,
    "n": 150,
    "Delta_x": 0.01,
    "Delta_t": 0.01020408163265306,
    "mcmc_n_steps": 10000,
    "mcmc_n_burn": 2000,
    "is_baseline": false
  },
  "status": "success",
  "dataset": {
    "kappa_star": [
      3.12551948199565,
      1.4836227496566199,
      2.427779995862962,
      3.3381215081208255,
      2.6741059937440994
    ],
    "n_observations": 150
  },
  "mcmc": {
    "acceptance_rate": 0.5396166666666667,
    "ess_min": 459.7263839044066,
    "ess_mean": 657.0185897272447,
    "ess_per_coord": [
      954.641512234116,
      740.7754685289564,
      643.2540245535661,
      459.7263839044066,
      486.6955594151781
    ],
    "n_chunks": 4,
    "total_steps": 20000,
    "converged": true,
    "efficiency": 0.02298631919522033,
    "n_forward_evals": 20000
  },
  "certificate": {
    "L_hat": 1762.3690032900633,
    "KL": 0.0,
    "eta_h": 5e-05,
    "delta_term": 0.01997154849035994,
    "B_lambda": 1762.3890248385537,
    "components": {
      "empirical_term": 1762.3690032900633,
      "kl_term": 0.0,
      "discretization_term": 5e-05,
      "confidence_term": 0.01997154849035994
    },
    "valid": true
  },
  "posterior_summary": {
    "mean": [
      1.7214175020067806,
      3.5911969798265306,
      4.18668087828056,
      3.86897325111062,
      2.539382509934694
    ],
    "std": [
      0.05797180935620847,
      0.067185491985059,
      0.049317795212814104,
      0.08875468644918524,
      0.07966766120776446
    ]
  },
  "performance": {
    "runtime": 112.97122406959534,
    "test_log_posterior": -5651.266206611979
  }
}