{
  "experiment_id": "s5_sigma0.2_nx50_T0.5_lam2.0_m5_seed303",
  "config": {
    "s": 5,
    "sensor_positions": [
      0.2,
      0.35,
      0.5,
      0.65,
      0.8
    ],
    "placement_type": "shifted",
    "sigma": 0.2,
    "n_x": 50,
    "T": 0.5,
    "lambda": 2.0,
    "c": 1.0,
    "m": 5,
    "n_t": 100,
    "seed": 303,
    "delta": 0.05,
    "alpha": 0.001,
    "M": 2000,
    "R": 100,
    "n": 500,
    "Delta_x": 0.02,
    "Delta_t": 0.005050505050505051,
    "mcmc_n_steps": 10000,
    "mcmc_n_burn": 2000,
    "is_baseline": false
  },
  "status": "success",
  "dataset": {
    "kappa_star": [
      3.12551948199565,
      1.4836227496566199,
      2.427779995862962,
      3.3381215081208255,
      2.6741059937440994
    ],
    "n_observations": 500
  },
  "mcmc": {
    "acceptance_rate": 0.5810222222222222,
    "ess_min": 479.0116254531883,
    "ess_mean": 560.4516241906175,
    "ess_per_coord": [
      727.7189107467143,
      508.4122487290182,
      479.0116254531883,
      490.3460096786375,
      596.7693263455294
    ],
    "n_chunks": 3,
    "total_steps": 15000,
    "converged": true,
    "efficiency": 0.031934108363545884,
    "n_forward_evals": 15000
  },
  "certificate": {
    "L_hat": 2145.2444015313617,
    "KL": 0.0,
    "eta_h": 0.0002,
    "delta_term": 0.0029957322735539907,
    "B_lambda": 2145.2475972636353,
    "components": {
      "empirical_term": 2145.2444015313617,
      "kl_term": 0.0,
      "discretization_term": 0.0002,
      "confidence_term": 0.0029957322735539907
    },
    "valid": true
  },
  "posterior_summary": {
    "mean": [
      2.0168855646662975,
      3.4647247910709775,
      4.117261872345111,
      4.023488130981072,
      2.827808179042388
    ],
    "std": [
      0.04966023560238034,
      0.039244053620286684,
      0.03494616936137848,
      0.04495784877218533,
      0.062351463702324354
    ]
  },
  "performance": {
    "runtime": 168.6219789981842,
    "test_log_posterior": -12434.618970841859
  }
}