{
  "experiment_id": "s3_sigma0.05_nx100_T0.3_lam1.0_m3_seed202",
  "config": {
    "s": 3,
    "sensor_positions": [
      0.25,
      0.5,
      0.75
    ],
    "placement_type": "fixed",
    "sigma": 0.05,
    "n_x": 100,
    "T": 0.3,
    "lambda": 1.0,
    "c": 1.0,
    "m": 3,
    "n_t": 50,
    "seed": 202,
    "delta": 0.05,
    "alpha": 0.001,
    "M": 2000,
    "R": 100,
    "n": 150,
    "Delta_x": 0.01,
    "Delta_t": 0.006122448979591836,
    "mcmc_n_steps": 10000,
    "mcmc_n_burn": 2000,
    "is_baseline": false
  },
  "status": "success",
  "dataset": {
    "kappa_star": [
      1.2847216299636934,
      1.4241900884838463,
      3.920764034845088
    ],
    "n_observations": 150
  },
  "mcmc": {
    "acceptance_rate": 0.493,
    "ess_min": 553.8610111240315,
    "ess_mean": 630.5462131183557,
    "ess_per_coord": [
      625.0031729799698,
      553.8610111240315,
      712.7744552510658
    ],
    "n_chunks": 2,
    "total_steps": 10000,
    "converged": true,
    "efficiency": 0.05538610111240315,
    "n_forward_evals": 10000
  },
  "certificate": {
    "L_hat": 363.916194004437,
    "KL": 0.0,
    "eta_h": 5e-05,
    "delta_term": 0.01997154849035994,
    "B_lambda": 363.9362155529273,
    "components": {
      "empirical_term": 363.916194004437,
      "kl_term": 0.0,
      "discretization_term": 5e-05,
      "confidence_term": 0.01997154849035994
    },
    "valid": true
  },
  "posterior_summary": {
    "mean": [
      1.5906894460474712,
      2.9680379551535845,
      3.940756785397431
    ],
    "std": [
      0.015392008344550194,
      0.01379187898210997,
      0.020283451002510795
    ]
  },
  "performance": {
    "runtime": 18.209678888320923,
    "test_log_posterior": -9940.797469590712
  }
}