{
  "experiment_id": "s3_sigma0.1_nx50_T0.5_lam1.0_m5_seed101",
  "config": {
    "s": 3,
    "sensor_positions": [
      0.25,
      0.5,
      0.75
    ],
    "placement_type": "fixed",
    "sigma": 0.1,
    "n_x": 50,
    "T": 0.5,
    "lambda": 1.0,
    "c": 1.0,
    "m": 5,
    "n_t": 100,
    "seed": 101,
    "delta": 0.05,
    "alpha": 0.001,
    "M": 2000,
    "R": 100,
    "n": 300,
    "Delta_x": 0.02,
    "Delta_t": 0.005050505050505051,
    "mcmc_n_steps": 10000,
    "mcmc_n_burn": 2000,
    "is_baseline": false
  },
  "status": "success",
  "dataset": {
    "kappa_star": [
      2.3073951969585615,
      2.4973365540384895,
      0.5996597926733394,
      1.1003257967878608,
      2.898469435940594
    ],
    "n_observations": 300
  },
  "mcmc": {
    "acceptance_rate": 0.5524,
    "ess_min": 445.6388533618061,
    "ess_mean": 897.0185104792229,
    "ess_per_coord": [
      1145.816827570505,
      1234.2645161072592,
      1201.3619963281494,
      458.01035902839385,
      445.6388533618061
    ],
    "n_chunks": 8,
    "total_steps": 40000,
    "converged": true,
    "efficiency": 0.011140971334045154,
    "n_forward_evals": 40000
  },
  "certificate": {
    "L_hat": 594.6623504050283,
    "KL": 0.0,
    "eta_h": 0.0002,
    "delta_term": 0.00998577424517997,
    "B_lambda": 594.6725361792734,
    "components": {
      "empirical_term": 594.6623504050283,
      "kl_term": 0.0,
      "discretization_term": 0.0002,
      "confidence_term": 0.00998577424517997
    },
    "valid": true
  },
  "posterior_summary": {
    "mean": [
      3.0315138137311846,
      2.7347081467680634,
      2.3359523957500765,
      2.3065368242014594,
      2.3160057377792693
    ],
    "std": [
      0.08441338437485908,
      0.04384144994415897,
      0.027889683079846996,
      0.054868620651415984,
      0.09200840856196928
    ]
  },
  "performance": {
    "runtime": 284.9887731075287,
    "test_log_posterior": -10665.429131226969
  }
}