{
  "experiment_id": "s3_sigma0.05_nx50_T0.3_lam1.0_m3_seed303",
  "config": {
    "s": 3,
    "sensor_positions": [
      0.2,
      0.5,
      0.8
    ],
    "placement_type": "shifted",
    "sigma": 0.05,
    "n_x": 50,
    "T": 0.3,
    "lambda": 1.0,
    "c": 1.0,
    "m": 3,
    "n_t": 50,
    "seed": 303,
    "delta": 0.05,
    "alpha": 0.001,
    "M": 2000,
    "R": 100,
    "n": 150,
    "Delta_x": 0.02,
    "Delta_t": 0.006122448979591836,
    "mcmc_n_steps": 10000,
    "mcmc_n_burn": 2000,
    "is_baseline": false
  },
  "status": "success",
  "dataset": {
    "kappa_star": [
      3.12551948199565,
      1.4836227496566199,
      2.427779995862962
    ],
    "n_observations": 150
  },
  "mcmc": {
    "acceptance_rate": 0.5029,
    "ess_min": 627.8760683958802,
    "ess_mean": 742.20070220984,
    "ess_per_coord": [
      627.8760683958802,
      675.4896216345327,
      923.2364165991067
    ],
    "n_chunks": 2,
    "total_steps": 10000,
    "converged": true,
    "efficiency": 0.06278760683958802,
    "n_forward_evals": 10000
  },
  "certificate": {
    "L_hat": 673.38627695998,
    "KL": 0.0,
    "eta_h": 0.0002,
    "delta_term": 0.01997154849035994,
    "B_lambda": 673.4064485084704,
    "components": {
      "empirical_term": 673.38627695998,
      "kl_term": 0.0,
      "discretization_term": 0.0002,
      "confidence_term": 0.01997154849035994
    },
    "valid": true
  },
  "posterior_summary": {
    "mean": [
      3.578392775321015,
      3.161270861278603,
      2.895210715167357
    ],
    "std": [
      0.023472950064752515,
      0.015223988467603106,
      0.024558584316697583
    ]
  },
  "performance": {
    "runtime": 24.981926918029785,
    "test_log_posterior": -11637.10433613596
  }
}