{
  "experiment_id": "s3_sigma0.2_nx100_T0.3_lam0.5_m5_seed101",
  "config": {
    "s": 3,
    "sensor_positions": [
      0.2,
      0.5,
      0.8
    ],
    "placement_type": "shifted",
    "sigma": 0.2,
    "n_x": 100,
    "T": 0.3,
    "lambda": 0.5,
    "c": 1.0,
    "m": 5,
    "n_t": 50,
    "seed": 101,
    "delta": 0.05,
    "alpha": 0.001,
    "M": 2000,
    "R": 100,
    "n": 150,
    "Delta_x": 0.01,
    "Delta_t": 0.006122448979591836,
    "mcmc_n_steps": 10000,
    "mcmc_n_burn": 2000,
    "is_baseline": false
  },
  "status": "success",
  "dataset": {
    "kappa_star": [
      2.3073951969585615,
      2.4973365540384895,
      0.5996597926733394,
      1.1003257967878608,
      2.898469435940594
    ],
    "n_observations": 150
  },
  "mcmc": {
    "acceptance_rate": 0.45130833333333337,
    "ess_min": 140.9975649867914,
    "ess_mean": 181.58368540067403,
    "ess_per_coord": [
      203.77082857855643,
      208.62565219816886,
      207.60954940454917,
      146.91483183530414,
      140.9975649867914
    ],
    "n_chunks": 8,
    "total_steps": 40000,
    "converged": false,
    "efficiency": 0.003524939124669785,
    "n_forward_evals": 40000
  },
  "certificate": {
    "L_hat": 74.55776453443947,
    "KL": 0.0,
    "eta_h": 5e-05,
    "delta_term": 0.03994309698071988,
    "B_lambda": 74.5977576314202,
    "components": {
      "empirical_term": 74.55776453443947,
      "kl_term": 0.0,
      "discretization_term": 5e-05,
      "confidence_term": 0.03994309698071988
    },
    "valid": true
  },
  "posterior_summary": {
    "mean": [
      1.8437090784332255,
      2.6367364822565493,
      2.5133152723459165,
      2.164627327854083,
      1.6104750995323105
    ],
    "std": [
      0.323272650862146,
      0.36168898286895457,
      0.16911449195568118,
      0.2677564244650738,
      0.2527543742959491
    ]
  },
  "performance": {
    "runtime": 148.61023378372192,
    "test_log_posterior": -796.2464015203922
  }
}