{
  "experiment_id": "s5_sigma0.1_nx50_T0.3_lam0.5_m5_seed303",
  "config": {
    "s": 5,
    "sensor_positions": [
      0.1,
      0.3,
      0.5,
      0.7,
      0.9
    ],
    "placement_type": "fixed",
    "sigma": 0.1,
    "n_x": 50,
    "T": 0.3,
    "lambda": 0.5,
    "c": 1.0,
    "m": 5,
    "n_t": 50,
    "seed": 303,
    "delta": 0.05,
    "alpha": 0.001,
    "M": 2000,
    "R": 100,
    "n": 250,
    "Delta_x": 0.02,
    "Delta_t": 0.006122448979591836,
    "mcmc_n_steps": 10000,
    "mcmc_n_burn": 2000,
    "is_baseline": false
  },
  "status": "success",
  "dataset": {
    "kappa_star": [
      3.12551948199565,
      1.4836227496566199,
      2.427779995862962,
      3.3381215081208255,
      2.6741059937440994
    ],
    "n_observations": 250
  },
  "mcmc": {
    "acceptance_rate": 0.5503777777777777,
    "ess_min": 508.54947378875994,
    "ess_mean": 640.0686067652376,
    "ess_per_coord": [
      822.8229005802855,
      567.3801638943128,
      508.54947378875994,
      592.3814663633224,
      709.2090291995079
    ],
    "n_chunks": 3,
    "total_steps": 15000,
    "converged": true,
    "efficiency": 0.033903298252583994,
    "n_forward_evals": 15000
  },
  "certificate": {
    "L_hat": 2308.7327296612875,
    "KL": 0.0,
    "eta_h": 0.0002,
    "delta_term": 0.023965858188431926,
    "B_lambda": 2308.756895519476,
    "components": {
      "empirical_term": 2308.7327296612875,
      "kl_term": 0.0,
      "discretization_term": 0.0002,
      "confidence_term": 0.023965858188431926
    },
    "valid": true
  },
  "posterior_summary": {
    "mean": [
      3.4227157204991077,
      3.6379015542075863,
      4.250837070935282,
      4.481553901985114,
      4.209219930370603
    ],
    "std": [
      0.10617122084683009,
      0.05689293523236269,
      0.04888197369916258,
      0.06197311140981649,
      0.09771541401244138
    ]
  },
  "performance": {
    "runtime": 89.29441118240356,
    "test_log_posterior": -7792.381997467287
  }
}