{
  "experiment_id": "s3_sigma0.05_nx100_T0.5_lam2.0_m3_seed303",
  "config": {
    "s": 3,
    "sensor_positions": [
      0.25,
      0.5,
      0.75
    ],
    "placement_type": "fixed",
    "sigma": 0.05,
    "n_x": 100,
    "T": 0.5,
    "lambda": 2.0,
    "c": 1.0,
    "m": 3,
    "n_t": 50,
    "seed": 303,
    "delta": 0.05,
    "alpha": 0.001,
    "M": 2000,
    "R": 100,
    "n": 150,
    "Delta_x": 0.01,
    "Delta_t": 0.01020408163265306,
    "mcmc_n_steps": 10000,
    "mcmc_n_burn": 2000,
    "is_baseline": false
  },
  "status": "success",
  "dataset": {
    "kappa_star": [
      3.12551948199565,
      1.4836227496566199,
      2.427779995862962
    ],
    "n_observations": 150
  },
  "mcmc": {
    "acceptance_rate": 0.48514999999999997,
    "ess_min": 455.92186150037696,
    "ess_mean": 647.5185574905303,
    "ess_per_coord": [
      455.92186150037696,
      601.2042143936511,
      885.4295965775628
    ],
    "n_chunks": 2,
    "total_steps": 10000,
    "converged": true,
    "efficiency": 0.0455921861500377,
    "n_forward_evals": 10000
  },
  "certificate": {
    "L_hat": 1231.4151225044518,
    "KL": 0.0,
    "eta_h": 5e-05,
    "delta_term": 0.00998577424517997,
    "B_lambda": 1231.4251582786972,
    "components": {
      "empirical_term": 1231.4151225044518,
      "kl_term": 0.0,
      "discretization_term": 5e-05,
      "confidence_term": 0.00998577424517997
    },
    "valid": true
  },
  "posterior_summary": {
    "mean": [
      3.233627973208915,
      3.12422874776848,
      2.6617607306136444
    ],
    "std": [
      0.017349993714724572,
      0.012139437287064134,
      0.01774103490284134
    ]
  },
  "performance": {
    "runtime": 19.514482975006104,
    "test_log_posterior": -16668.491516367892
  }
}