{
  "experiment_id": "s3_sigma0.05_nx100_T0.5_lam0.5_m3_seed101",
  "config": {
    "s": 3,
    "sensor_positions": [
      0.25,
      0.5,
      0.75
    ],
    "placement_type": "fixed",
    "sigma": 0.05,
    "n_x": 100,
    "T": 0.5,
    "lambda": 0.5,
    "c": 1.0,
    "m": 3,
    "n_t": 50,
    "seed": 101,
    "delta": 0.05,
    "alpha": 0.001,
    "M": 2000,
    "R": 100,
    "n": 150,
    "Delta_x": 0.01,
    "Delta_t": 0.01020408163265306,
    "mcmc_n_steps": 10000,
    "mcmc_n_burn": 2000,
    "is_baseline": false
  },
  "status": "success",
  "dataset": {
    "kappa_star": [
      2.3073951969585615,
      2.4973365540384895,
      0.5996597926733394
    ],
    "n_observations": 150
  },
  "mcmc": {
    "acceptance_rate": 0.52525,
    "ess_min": 514.3215610542331,
    "ess_mean": 635.807916141719,
    "ess_per_coord": [
      672.8755866629394,
      514.3215610542331,
      720.2266007079845
    ],
    "n_chunks": 2,
    "total_steps": 10000,
    "converged": true,
    "efficiency": 0.051432156105423316,
    "n_forward_evals": 10000
  },
  "certificate": {
    "L_hat": 1292.2496115246436,
    "KL": 0.0,
    "eta_h": 5e-05,
    "delta_term": 0.03994309698071988,
    "B_lambda": 1292.2896046216244,
    "components": {
      "empirical_term": 1292.2496115246436,
      "kl_term": 0.0,
      "discretization_term": 5e-05,
      "confidence_term": 0.03994309698071988
    },
    "valid": true
  },
  "posterior_summary": {
    "mean": [
      2.976659824275637,
      3.3384354762737143,
      1.3305693952670195
    ],
    "std": [
      0.03540018447705086,
      0.025972998857089622,
      0.025401682697563325
    ]
  },
  "performance": {
    "runtime": 15.88285207748413,
    "test_log_posterior": -2534.505865395289
  }
}