{
  "experiment_id": "s5_sigma0.05_nx50_T0.5_lam1.0_m5_seed303",
  "config": {
    "s": 5,
    "sensor_positions": [
      0.1,
      0.3,
      0.5,
      0.7,
      0.9
    ],
    "placement_type": "fixed",
    "sigma": 0.05,
    "n_x": 50,
    "T": 0.5,
    "lambda": 1.0,
    "c": 1.0,
    "m": 5,
    "n_t": 50,
    "seed": 303,
    "delta": 0.05,
    "alpha": 0.001,
    "M": 2000,
    "R": 100,
    "n": 250,
    "Delta_x": 0.02,
    "Delta_t": 0.01020408163265306,
    "mcmc_n_steps": 10000,
    "mcmc_n_burn": 2000,
    "is_baseline": false
  },
  "status": "success",
  "dataset": {
    "kappa_star": [
      3.12551948199565,
      1.4836227496566199,
      2.427779995862962,
      3.3381215081208255,
      2.6741059937440994
    ],
    "n_observations": 250
  },
  "mcmc": {
    "acceptance_rate": 0.5637555555555555,
    "ess_min": 536.8331820914482,
    "ess_mean": 623.9818055686923,
    "ess_per_coord": [
      587.5166900790464,
      536.8331820914482,
      578.9042648801874,
      671.5544057946486,
      745.1004849981308
    ],
    "n_chunks": 3,
    "total_steps": 15000,
    "converged": true,
    "efficiency": 0.03578887880609655,
    "n_forward_evals": 15000
  },
  "certificate": {
    "L_hat": 13182.702420829182,
    "KL": 0.0,
    "eta_h": 0.0002,
    "delta_term": 0.011982929094215963,
    "B_lambda": 13182.714603758277,
    "components": {
      "empirical_term": 13182.702420829182,
      "kl_term": 0.0,
      "discretization_term": 0.0002,
      "confidence_term": 0.011982929094215963
    },
    "valid": true
  },
  "posterior_summary": {
    "mean": [
      3.365354558565642,
      3.556975592402032,
      4.022181529666184,
      4.239569221375013,
      4.082650062247213
    ],
    "std": [
      0.035052858221494836,
      0.019378059623859842,
      0.016324976132221933,
      0.02033365251066595,
      0.04212213574462405
    ]
  },
  "performance": {
    "runtime": 96.2547299861908,
    "test_log_posterior": -43841.601587376346
  }
}