{
  "experiment_id": "s5_sigma0.2_nx50_T0.5_lam0.5_m3_seed303",
  "config": {
    "s": 5,
    "sensor_positions": [
      0.1,
      0.3,
      0.5,
      0.7,
      0.9
    ],
    "placement_type": "fixed",
    "sigma": 0.2,
    "n_x": 50,
    "T": 0.5,
    "lambda": 0.5,
    "c": 1.0,
    "m": 3,
    "n_t": 100,
    "seed": 303,
    "delta": 0.05,
    "alpha": 0.001,
    "M": 2000,
    "R": 100,
    "n": 500,
    "Delta_x": 0.02,
    "Delta_t": 0.005050505050505051,
    "mcmc_n_steps": 10000,
    "mcmc_n_burn": 2000,
    "is_baseline": false
  },
  "status": "success",
  "dataset": {
    "kappa_star": [
      3.12551948199565,
      1.4836227496566199,
      2.427779995862962
    ],
    "n_observations": 500
  },
  "mcmc": {
    "acceptance_rate": 0.51005,
    "ess_min": 513.4536035334725,
    "ess_mean": 584.9177927199249,
    "ess_per_coord": [
      690.8287066634083,
      550.4710679628942,
      513.4536035334725
    ],
    "n_chunks": 2,
    "total_steps": 10000,
    "converged": true,
    "efficiency": 0.05134536035334725,
    "n_forward_evals": 10000
  },
  "certificate": {
    "L_hat": 401.76828500773416,
    "KL": 0.0,
    "eta_h": 0.0002,
    "delta_term": 0.011982929094215963,
    "B_lambda": 401.78046793682836,
    "components": {
      "empirical_term": 401.76828500773416,
      "kl_term": 0.0,
      "discretization_term": 0.0002,
      "confidence_term": 0.011982929094215963
    },
    "valid": true
  },
  "posterior_summary": {
    "mean": [
      2.7364048636453417,
      3.080328246902216,
      2.2633318190387457
    ],
    "std": [
      0.08251032228389507,
      0.06856685972947342,
      0.08197366510703687
    ]
  },
  "performance": {
    "runtime": 48.47621774673462,
    "test_log_posterior": -599.9892140953416
  }
}