{
  "experiment_id": "s3_sigma0.1_nx100_T0.3_lam1.0_m5_seed202",
  "config": {
    "s": 3,
    "sensor_positions": [
      0.2,
      0.5,
      0.8
    ],
    "placement_type": "shifted",
    "sigma": 0.1,
    "n_x": 100,
    "T": 0.3,
    "lambda": 1.0,
    "c": 1.0,
    "m": 5,
    "n_t": 100,
    "seed": 202,
    "delta": 0.05,
    "alpha": 0.001,
    "M": 2000,
    "R": 100,
    "n": 300,
    "Delta_x": 0.01,
    "Delta_t": 0.0030303030303030303,
    "mcmc_n_steps": 10000,
    "mcmc_n_burn": 2000,
    "is_baseline": false
  },
  "status": "success",
  "dataset": {
    "kappa_star": [
      1.2847216299636934,
      1.4241900884838463,
      3.920764034845088,
      3.9752807832159958,
      3.9824723567684557
    ],
    "n_observations": 300
  },
  "mcmc": {
    "acceptance_rate": 0.21603333333333333,
    "ess_min": 516.3862529994196,
    "ess_mean": 910.2891450296981,
    "ess_per_coord": [
      555.9119757451397,
      521.6544372960852,
      671.2160599702844,
      516.3862529994196,
      2286.2769991375612
    ],
    "n_chunks": 4,
    "total_steps": 20000,
    "converged": true,
    "efficiency": 0.02581931264997098,
    "n_forward_evals": 20000
  },
  "certificate": {
    "L_hat": 4339.038530834939,
    "KL": 0.0,
    "eta_h": 5e-05,
    "delta_term": 0.00998577424517997,
    "B_lambda": 4339.048566609184,
    "components": {
      "empirical_term": 4339.038530834939,
      "kl_term": 0.0,
      "discretization_term": 5e-05,
      "confidence_term": 0.00998577424517997
    },
    "valid": true
  },
  "posterior_summary": {
    "mean": [
      0.46155036285385487,
      4.444384594354686,
      4.998924438545368,
      4.996362005689975,
      3.6885465470481256
    ],
    "std": [
      0.018233564891286268,
      0.03294545764923159,
      0.0008682447257462165,
      0.0036814731132167925,
      0.0366318438229308
    ]
  },
  "performance": {
    "runtime": 216.25458788871765,
    "test_log_posterior": -16318.737001547996
  }
}