{
  "experiment_id": "s3_sigma0.2_nx50_T0.5_lam2.0_m5_seed202",
  "config": {
    "s": 3,
    "sensor_positions": [
      0.25,
      0.5,
      0.75
    ],
    "placement_type": "fixed",
    "sigma": 0.2,
    "n_x": 50,
    "T": 0.5,
    "lambda": 2.0,
    "c": 1.0,
    "m": 5,
    "n_t": 50,
    "seed": 202,
    "delta": 0.05,
    "alpha": 0.001,
    "M": 2000,
    "R": 100,
    "n": 150,
    "Delta_x": 0.02,
    "Delta_t": 0.01020408163265306,
    "mcmc_n_steps": 10000,
    "mcmc_n_burn": 2000,
    "is_baseline": false
  },
  "status": "success",
  "dataset": {
    "kappa_star": [
      1.2847216299636934,
      1.4241900884838463,
      3.920764034845088,
      3.9752807832159958,
      3.9824723567684557
    ],
    "n_observations": 150
  },
  "mcmc": {
    "acceptance_rate": 0.34028888888888886,
    "ess_min": 437.7366013622606,
    "ess_mean": 855.5359310393909,
    "ess_per_coord": [
      610.8704948392085,
      437.7366013622606,
      1757.1942778930804,
      822.0522035457147,
      649.8260775566903
    ],
    "n_chunks": 6,
    "total_steps": 30000,
    "converged": true,
    "efficiency": 0.014591220045408687,
    "n_forward_evals": 30000
  },
  "certificate": {
    "L_hat": 861.0739622427948,
    "KL": 0.0,
    "eta_h": 0.0002,
    "delta_term": 0.00998577424517997,
    "B_lambda": 861.0841480170399,
    "components": {
      "empirical_term": 861.0739622427948,
      "kl_term": 0.0,
      "discretization_term": 0.0002,
      "confidence_term": 0.00998577424517997
    },
    "valid": true
  },
  "posterior_summary": {
    "mean": [
      1.7691486321179732,
      3.7846384632702565,
      4.989560461873395,
      4.993100499442761,
      4.982975938074053
    ],
    "std": [
      0.1068962143082796,
      0.075215461960511,
      0.010431954715839253,
      0.006381546688817251,
      0.017098870309697253
    ]
  },
  "performance": {
    "runtime": 179.81833386421204,
    "test_log_posterior": -4524.789124226525
  }
}