{
  "experiment_id": "s5_sigma0.1_nx50_T0.5_lam0.5_m5_seed202",
  "config": {
    "s": 5,
    "sensor_positions": [
      0.2,
      0.35,
      0.5,
      0.65,
      0.8
    ],
    "placement_type": "shifted",
    "sigma": 0.1,
    "n_x": 50,
    "T": 0.5,
    "lambda": 0.5,
    "c": 1.0,
    "m": 5,
    "n_t": 50,
    "seed": 202,
    "delta": 0.05,
    "alpha": 0.001,
    "M": 2000,
    "R": 100,
    "n": 250,
    "Delta_x": 0.02,
    "Delta_t": 0.01020408163265306,
    "mcmc_n_steps": 10000,
    "mcmc_n_burn": 2000,
    "is_baseline": false
  },
  "status": "success",
  "dataset": {
    "kappa_star": [
      1.2847216299636934,
      1.4241900884838463,
      3.920764034845088,
      3.9752807832159958,
      3.9824723567684557
    ],
    "n_observations": 250
  },
  "mcmc": {
    "acceptance_rate": 0.38057777777777774,
    "ess_min": 402.2825500030522,
    "ess_mean": 934.3114960030965,
    "ess_per_coord": [
      1069.4383103297814,
      402.2825500030522,
      947.089591056002,
      768.6050483879783,
      1484.1419802386695
    ],
    "n_chunks": 3,
    "total_steps": 15000,
    "converged": true,
    "efficiency": 0.026818836666870148,
    "n_forward_evals": 15000
  },
  "certificate": {
    "L_hat": 4998.137393531176,
    "KL": 0.0,
    "eta_h": 0.0002,
    "delta_term": 0.023965858188431926,
    "B_lambda": 4998.161559389365,
    "components": {
      "empirical_term": 4998.137393531176,
      "kl_term": 0.0,
      "discretization_term": 0.0002,
      "confidence_term": 0.023965858188431926
    },
    "valid": true
  },
  "posterior_summary": {
    "mean": [
      1.1317989882019175,
      3.6411632088220496,
      4.992010666823329,
      4.9938467042112595,
      4.067296662369517
    ],
    "std": [
      0.05023917970462803,
      0.04805194795396381,
      0.00723913049673563,
      0.005653019895084023,
      0.0782101376875822
    ]
  },
  "performance": {
    "runtime": 139.61459708213806,
    "test_log_posterior": -6396.9742170270665
  }
}