{
  "experiment_id": "s5_sigma0.05_nx50_T0.3_lam1.0_m5_seed202",
  "config": {
    "s": 5,
    "sensor_positions": [
      0.1,
      0.3,
      0.5,
      0.7,
      0.9
    ],
    "placement_type": "fixed",
    "sigma": 0.05,
    "n_x": 50,
    "T": 0.3,
    "lambda": 1.0,
    "c": 1.0,
    "m": 5,
    "n_t": 100,
    "seed": 202,
    "delta": 0.05,
    "alpha": 0.001,
    "M": 2000,
    "R": 100,
    "n": 500,
    "Delta_x": 0.02,
    "Delta_t": 0.0030303030303030303,
    "mcmc_n_steps": 10000,
    "mcmc_n_burn": 2000,
    "is_baseline": false
  },
  "status": "success",
  "dataset": {
    "kappa_star": [
      1.2847216299636934,
      1.4241900884838463,
      3.920764034845088,
      3.9752807832159958,
      3.9824723567684557
    ],
    "n_observations": 500
  },
  "mcmc": {
    "acceptance_rate": 0.03685,
    "ess_min": 12.648419600347502,
    "ess_mean": 540.3556320263554,
    "ess_per_coord": [
      1270.9553347524188,
      1352.116451255444,
      51.37669679649068,
      14.68125772707589,
      12.648419600347502
    ],
    "n_chunks": 8,
    "total_steps": 40000,
    "converged": false,
    "efficiency": 0.0003162104900086875,
    "n_forward_evals": 40000
  },
  "certificate": {
    "L_hat": 36556.050254450616,
    "KL": 0.0,
    "eta_h": 0.0002,
    "delta_term": 0.0059914645471079815,
    "B_lambda": 36556.056445915165,
    "components": {
      "empirical_term": 36556.050254450616,
      "kl_term": 0.0,
      "discretization_term": 0.0002,
      "confidence_term": 0.0059914645471079815
    },
    "valid": true
  },
  "posterior_summary": {
    "mean": [
      1.8053087938716337,
      4.072914274844056,
      4.9996343600915685,
      4.999308774156719,
      4.9977728097889145
    ],
    "std": [
      0.02347615081544403,
      0.013128419988669466,
      0.0011586558851858957,
      0.0008518189363438594,
      0.001181918874382208
    ]
  },
  "performance": {
    "runtime": 522.1828310489655,
    "test_log_posterior": -135624.7406165949
  }
}