{
  "experiment_id": "s3_sigma0.2_nx50_T0.3_lam0.5_m5_seed101",
  "config": {
    "s": 3,
    "sensor_positions": [
      0.2,
      0.5,
      0.8
    ],
    "placement_type": "shifted",
    "sigma": 0.2,
    "n_x": 50,
    "T": 0.3,
    "lambda": 0.5,
    "c": 1.0,
    "m": 5,
    "n_t": 100,
    "seed": 101,
    "delta": 0.05,
    "alpha": 0.001,
    "M": 2000,
    "R": 100,
    "n": 300,
    "Delta_x": 0.02,
    "Delta_t": 0.0030303030303030303,
    "mcmc_n_steps": 10000,
    "mcmc_n_burn": 2000,
    "is_baseline": false
  },
  "status": "success",
  "dataset": {
    "kappa_star": [
      2.3073951969585615,
      2.4973365540384895,
      0.5996597926733394,
      1.1003257967878608,
      2.898469435940594
    ],
    "n_observations": 300
  },
  "mcmc": {
    "acceptance_rate": 0.4756916666666667,
    "ess_min": 76.04394415457352,
    "ess_mean": 193.70892729556286,
    "ess_per_coord": [
      287.24348731381633,
      302.31261503540804,
      226.8425917184422,
      76.04394415457352,
      76.10199825557414
    ],
    "n_chunks": 8,
    "total_steps": 40000,
    "converged": false,
    "efficiency": 0.001901098603864338,
    "n_forward_evals": 40000
  },
  "certificate": {
    "L_hat": 166.12506719198495,
    "KL": 0.0,
    "eta_h": 0.0002,
    "delta_term": 0.01997154849035994,
    "B_lambda": 166.14523874047532,
    "components": {
      "empirical_term": 166.12506719198495,
      "kl_term": 0.0,
      "discretization_term": 0.0002,
      "confidence_term": 0.01997154849035994
    },
    "valid": true
  },
  "posterior_summary": {
    "mean": [
      2.1135838781877663,
      2.391203159431138,
      2.4213227788694343,
      2.436675248376005,
      1.309758246670447
    ],
    "std": [
      0.3344523720469495,
      0.3581074834468125,
      0.11539650463391958,
      0.29818599084153513,
      0.24226763656391323
    ]
  },
  "performance": {
    "runtime": 441.2502658367157,
    "test_log_posterior": -1503.0881623120224
  }
}