{
  "experiment_id": "s5_sigma0.1_nx50_T0.5_lam0.5_m3_seed202",
  "config": {
    "s": 5,
    "sensor_positions": [
      0.2,
      0.35,
      0.5,
      0.65,
      0.8
    ],
    "placement_type": "shifted",
    "sigma": 0.1,
    "n_x": 50,
    "T": 0.5,
    "lambda": 0.5,
    "c": 1.0,
    "m": 3,
    "n_t": 100,
    "seed": 202,
    "delta": 0.05,
    "alpha": 0.001,
    "M": 2000,
    "R": 100,
    "n": 500,
    "Delta_x": 0.02,
    "Delta_t": 0.005050505050505051,
    "mcmc_n_steps": 10000,
    "mcmc_n_burn": 2000,
    "is_baseline": false
  },
  "status": "success",
  "dataset": {
    "kappa_star": [
      1.2847216299636934,
      1.4241900884838463,
      3.920764034845088
    ],
    "n_observations": 500
  },
  "mcmc": {
    "acceptance_rate": 0.52875,
    "ess_min": 550.6883081682902,
    "ess_mean": 624.4079261420645,
    "ess_per_coord": [
      684.9175371794139,
      550.6883081682902,
      637.6179330784896
    ],
    "n_chunks": 2,
    "total_steps": 10000,
    "converged": true,
    "efficiency": 0.05506883081682902,
    "n_forward_evals": 10000
  },
  "certificate": {
    "L_hat": 1233.6593769467954,
    "KL": 0.0,
    "eta_h": 0.0002,
    "delta_term": 0.011982929094215963,
    "B_lambda": 1233.6715598758897,
    "components": {
      "empirical_term": 1233.6593769467954,
      "kl_term": 0.0,
      "discretization_term": 0.0002,
      "confidence_term": 0.011982929094215963
    },
    "valid": true
  },
  "posterior_summary": {
    "mean": [
      1.4340658378505668,
      2.383243595225988,
      4.202283614972655
    ],
    "std": [
      0.03638421520992886,
      0.021320679914313658,
      0.06088649951106306
    ]
  },
  "performance": {
    "runtime": 77.67491602897644,
    "test_log_posterior": -2274.93991485226
  }
}