{
  "experiment_id": "s3_sigma0.05_nx100_T0.5_lam1.0_m5_seed101",
  "config": {
    "s": 3,
    "sensor_positions": [
      0.25,
      0.5,
      0.75
    ],
    "placement_type": "fixed",
    "sigma": 0.05,
    "n_x": 100,
    "T": 0.5,
    "lambda": 1.0,
    "c": 1.0,
    "m": 5,
    "n_t": 50,
    "seed": 101,
    "delta": 0.05,
    "alpha": 0.001,
    "M": 2000,
    "R": 100,
    "n": 150,
    "Delta_x": 0.01,
    "Delta_t": 0.01020408163265306,
    "mcmc_n_steps": 10000,
    "mcmc_n_burn": 2000,
    "is_baseline": false
  },
  "status": "success",
  "dataset": {
    "kappa_star": [
      2.3073951969585615,
      2.4973365540384895,
      0.5996597926733394,
      1.1003257967878608,
      2.898469435940594
    ],
    "n_observations": 150
  },
  "mcmc": {
    "acceptance_rate": 0.519,
    "ess_min": 439.3979643408701,
    "ess_mean": 638.1695361531748,
    "ess_per_coord": [
      821.6451849213182,
      714.6236448215666,
      746.2944956103844,
      439.3979643408701,
      468.8863910717345
    ],
    "n_chunks": 6,
    "total_steps": 30000,
    "converged": true,
    "efficiency": 0.014646598811362337,
    "n_forward_evals": 30000
  },
  "certificate": {
    "L_hat": 950.4906397131552,
    "KL": 0.0,
    "eta_h": 5e-05,
    "delta_term": 0.01997154849035994,
    "B_lambda": 950.5106612616456,
    "components": {
      "empirical_term": 950.4906397131552,
      "kl_term": 0.0,
      "discretization_term": 5e-05,
      "confidence_term": 0.01997154849035994
    },
    "valid": true
  },
  "posterior_summary": {
    "mean": [
      3.0025515018136413,
      2.7367076172956346,
      2.3467830211654155,
      2.3003808860299357,
      2.37090093592132
    ],
    "std": [
      0.05463833508375485,
      0.03305217290907338,
      0.020165699102765538,
      0.035695469222530155,
      0.06356766430272037
    ]
  },
  "performance": {
    "runtime": 158.82600593566895,
    "test_log_posterior": -21481.521176105227
  }
}