{
  "experiment_id": "s5_sigma0.2_nx50_T0.5_lam0.5_m3_seed303",
  "config": {
    "s": 5,
    "sensor_positions": [
      0.2,
      0.35,
      0.5,
      0.65,
      0.8
    ],
    "placement_type": "shifted",
    "sigma": 0.2,
    "n_x": 50,
    "T": 0.5,
    "lambda": 0.5,
    "c": 1.0,
    "m": 3,
    "n_t": 100,
    "seed": 303,
    "delta": 0.05,
    "alpha": 0.001,
    "M": 2000,
    "R": 100,
    "n": 500,
    "Delta_x": 0.02,
    "Delta_t": 0.005050505050505051,
    "mcmc_n_steps": 10000,
    "mcmc_n_burn": 2000,
    "is_baseline": false
  },
  "status": "success",
  "dataset": {
    "kappa_star": [
      3.12551948199565,
      1.4836227496566199,
      2.427779995862962
    ],
    "n_observations": 500
  },
  "mcmc": {
    "acceptance_rate": 0.47935,
    "ess_min": 581.3237318809973,
    "ess_mean": 622.6593480564239,
    "ess_per_coord": [
      581.3237318809973,
      675.5069224424194,
      611.1473898458551
    ],
    "n_chunks": 2,
    "total_steps": 10000,
    "converged": true,
    "efficiency": 0.05813237318809973,
    "n_forward_evals": 10000
  },
  "certificate": {
    "L_hat": 554.9449180745266,
    "KL": 0.0,
    "eta_h": 0.0002,
    "delta_term": 0.011982929094215963,
    "B_lambda": 554.9571010036208,
    "components": {
      "empirical_term": 554.9449180745266,
      "kl_term": 0.0,
      "discretization_term": 0.0002,
      "confidence_term": 0.011982929094215963
    },
    "valid": true
  },
  "posterior_summary": {
    "mean": [
      3.326018108046235,
      2.550006592947597,
      2.6615442199662915
    ],
    "std": [
      0.11398717868407421,
      0.043500060971900276,
      0.10375364382805953
    ]
  },
  "performance": {
    "runtime": 48.13201904296875,
    "test_log_posterior": -779.0495447893876
  }
}