{
  "experiment_id": "s5_sigma0.05_nx50_T0.5_lam0.5_m3_seed303",
  "config": {
    "s": 5,
    "sensor_positions": [
      0.1,
      0.3,
      0.5,
      0.7,
      0.9
    ],
    "placement_type": "fixed",
    "sigma": 0.05,
    "n_x": 50,
    "T": 0.5,
    "lambda": 0.5,
    "c": 1.0,
    "m": 3,
    "n_t": 50,
    "seed": 303,
    "delta": 0.05,
    "alpha": 0.001,
    "M": 2000,
    "R": 100,
    "n": 250,
    "Delta_x": 0.02,
    "Delta_t": 0.01020408163265306,
    "mcmc_n_steps": 10000,
    "mcmc_n_burn": 2000,
    "is_baseline": false
  },
  "status": "success",
  "dataset": {
    "kappa_star": [
      3.12551948199565,
      1.4836227496566199,
      2.427779995862962
    ],
    "n_observations": 250
  },
  "mcmc": {
    "acceptance_rate": 0.5265500000000001,
    "ess_min": 475.1156187630482,
    "ess_mean": 547.8547523254268,
    "ess_per_coord": [
      602.0177543020011,
      475.1156187630482,
      566.430883911231
    ],
    "n_chunks": 2,
    "total_steps": 10000,
    "converged": true,
    "efficiency": 0.04751156187630482,
    "n_forward_evals": 10000
  },
  "certificate": {
    "L_hat": 1193.0337721080714,
    "KL": 0.0,
    "eta_h": 0.0002,
    "delta_term": 0.023965858188431926,
    "B_lambda": 1193.0579379662597,
    "components": {
      "empirical_term": 1193.0337721080714,
      "kl_term": 0.0,
      "discretization_term": 0.0002,
      "confidence_term": 0.023965858188431926
    },
    "valid": true
  },
  "posterior_summary": {
    "mean": [
      2.7411562724288077,
      3.1260159878760136,
      2.2500287094937135
    ],
    "std": [
      0.026733981816001222,
      0.023450421264980644,
      0.023385040360029086
    ]
  },
  "performance": {
    "runtime": 28.737901210784912,
    "test_log_posterior": -3926.066075401591
  }
}