{
  "experiment_id": "s3_sigma0.1_nx100_T0.3_lam2.0_m5_seed202",
  "config": {
    "s": 3,
    "sensor_positions": [
      0.25,
      0.5,
      0.75
    ],
    "placement_type": "fixed",
    "sigma": 0.1,
    "n_x": 100,
    "T": 0.3,
    "lambda": 2.0,
    "c": 1.0,
    "m": 5,
    "n_t": 100,
    "seed": 202,
    "delta": 0.05,
    "alpha": 0.001,
    "M": 2000,
    "R": 100,
    "n": 300,
    "Delta_x": 0.01,
    "Delta_t": 0.0030303030303030303,
    "mcmc_n_steps": 10000,
    "mcmc_n_burn": 2000,
    "is_baseline": false
  },
  "status": "success",
  "dataset": {
    "kappa_star": [
      1.2847216299636934,
      1.4241900884838463,
      3.920764034845088,
      3.9752807832159958,
      3.9824723567684557
    ],
    "n_observations": 300
  },
  "mcmc": {
    "acceptance_rate": 0.016325000000000003,
    "ess_min": 26.608121958884723,
    "ess_mean": 203.29021710926094,
    "ess_per_coord": [
      452.9252554712949,
      410.51851863471813,
      62.76598730326788,
      63.63320217813913,
      26.608121958884723
    ],
    "n_chunks": 8,
    "total_steps": 40000,
    "converged": false,
    "efficiency": 0.0006652030489721181,
    "n_forward_evals": 40000
  },
  "certificate": {
    "L_hat": 6302.54246249492,
    "KL": 0.0,
    "eta_h": 5e-05,
    "delta_term": 0.004992887122589985,
    "B_lambda": 6302.547505382042,
    "components": {
      "empirical_term": 6302.54246249492,
      "kl_term": 0.0,
      "discretization_term": 5e-05,
      "confidence_term": 0.004992887122589985
    },
    "valid": true
  },
  "posterior_summary": {
    "mean": [
      1.153698728171739,
      4.249778961555518,
      4.999591661279779,
      4.999585666048481,
      4.998535429416753
    ],
    "std": [
      0.022938512008253992,
      0.018649299545397274,
      0.0005278199311038884,
      0.0009545335471676495,
      0.0007736472438419537
    ]
  },
  "performance": {
    "runtime": 314.7914481163025,
    "test_log_posterior": -49767.714529318815
  }
}