{
  "experiment_id": "s3_sigma0.05_nx100_T0.3_lam2.0_m5_seed101",
  "config": {
    "s": 3,
    "sensor_positions": [
      0.25,
      0.5,
      0.75
    ],
    "placement_type": "fixed",
    "sigma": 0.05,
    "n_x": 100,
    "T": 0.3,
    "lambda": 2.0,
    "c": 1.0,
    "m": 5,
    "n_t": 50,
    "seed": 101,
    "delta": 0.05,
    "alpha": 0.001,
    "M": 2000,
    "R": 100,
    "n": 150,
    "Delta_x": 0.01,
    "Delta_t": 0.006122448979591836,
    "mcmc_n_steps": 10000,
    "mcmc_n_burn": 2000,
    "is_baseline": false
  },
  "status": "success",
  "dataset": {
    "kappa_star": [
      2.3073951969585615,
      2.4973365540384895,
      0.5996597926733394,
      1.1003257967878608,
      2.898469435940594
    ],
    "n_observations": 150
  },
  "mcmc": {
    "acceptance_rate": 0.21982499999999996,
    "ess_min": 84.46457544161237,
    "ess_mean": 292.4802229999803,
    "ess_per_coord": [
      585.47058330868,
      471.8563485957682,
      234.20901746777625,
      86.4005901860645,
      84.46457544161237
    ],
    "n_chunks": 8,
    "total_steps": 40000,
    "converged": false,
    "efficiency": 0.002111614386040309,
    "n_forward_evals": 40000
  },
  "certificate": {
    "L_hat": 402.5688105629701,
    "KL": 0.0,
    "eta_h": 5e-05,
    "delta_term": 0.00998577424517997,
    "B_lambda": 402.5788463372153,
    "components": {
      "empirical_term": 402.5688105629701,
      "kl_term": 0.0,
      "discretization_term": 5e-05,
      "confidence_term": 0.00998577424517997
    },
    "valid": true
  },
  "posterior_summary": {
    "mean": [
      3.0458990057614472,
      2.7782022353322935,
      2.3088827419869578,
      2.2948366917920118,
      2.3821621814044835
    ],
    "std": [
      0.0443180318328182,
      0.028039259220329224,
      0.016442112465029073,
      0.0279046797309951,
      0.04721595442689408
    ]
  },
  "performance": {
    "runtime": 308.81693387031555,
    "test_log_posterior": -58307.866229136256
  }
}