{
  "experiment_id": "s3_sigma0.2_nx50_T0.3_lam0.5_m3_seed202",
  "config": {
    "s": 3,
    "sensor_positions": [
      0.25,
      0.5,
      0.75
    ],
    "placement_type": "fixed",
    "sigma": 0.2,
    "n_x": 50,
    "T": 0.3,
    "lambda": 0.5,
    "c": 1.0,
    "m": 3,
    "n_t": 50,
    "seed": 202,
    "delta": 0.05,
    "alpha": 0.001,
    "M": 2000,
    "R": 100,
    "n": 150,
    "Delta_x": 0.02,
    "Delta_t": 0.006122448979591836,
    "mcmc_n_steps": 10000,
    "mcmc_n_burn": 2000,
    "is_baseline": false
  },
  "status": "success",
  "dataset": {
    "kappa_star": [
      1.2847216299636934,
      1.4241900884838463,
      3.920764034845088
    ],
    "n_observations": 150
  },
  "mcmc": {
    "acceptance_rate": 0.5022,
    "ess_min": 617.2383251705935,
    "ess_mean": 683.5139524234104,
    "ess_per_coord": [
      617.2383251705935,
      684.4701180760178,
      748.83341402362
    ],
    "n_chunks": 2,
    "total_steps": 10000,
    "converged": true,
    "efficiency": 0.06172383251705935,
    "n_forward_evals": 10000
  },
  "certificate": {
    "L_hat": 87.6142220093224,
    "KL": 0.0,
    "eta_h": 0.0002,
    "delta_term": 0.03994309698071988,
    "B_lambda": 87.65436510630313,
    "components": {
      "empirical_term": 87.6142220093224,
      "kl_term": 0.0,
      "discretization_term": 0.0002,
      "confidence_term": 0.03994309698071988
    },
    "valid": true
  },
  "posterior_summary": {
    "mean": [
      1.6015908880377583,
      2.9978486467503176,
      3.9656775314721857
    ],
    "std": [
      0.08863421783398744,
      0.0751189297805614,
      0.1358234288417576
    ]
  },
  "performance": {
    "runtime": 25.296399116516113,
    "test_log_posterior": -354.68902803625775
  }
}