{
  "experiment_id": "s5_sigma0.2_nx50_T0.5_lam2.0_m5_seed202",
  "config": {
    "s": 5,
    "sensor_positions": [
      0.1,
      0.3,
      0.5,
      0.7,
      0.9
    ],
    "placement_type": "fixed",
    "sigma": 0.2,
    "n_x": 50,
    "T": 0.5,
    "lambda": 2.0,
    "c": 1.0,
    "m": 5,
    "n_t": 100,
    "seed": 202,
    "delta": 0.05,
    "alpha": 0.001,
    "M": 2000,
    "R": 100,
    "n": 500,
    "Delta_x": 0.02,
    "Delta_t": 0.005050505050505051,
    "mcmc_n_steps": 10000,
    "mcmc_n_burn": 2000,
    "is_baseline": false
  },
  "status": "success",
  "dataset": {
    "kappa_star": [
      1.2847216299636934,
      1.4241900884838463,
      3.920764034845088,
      3.9752807832159958,
      3.9824723567684557
    ],
    "n_observations": 500
  },
  "mcmc": {
    "acceptance_rate": 0.08407500000000001,
    "ess_min": 136.4500737901232,
    "ess_mean": 840.5359649894323,
    "ess_per_coord": [
      1029.538979678003,
      1671.0176486118382,
      612.889633646257,
      752.7834892209399,
      136.4500737901232
    ],
    "n_chunks": 8,
    "total_steps": 40000,
    "converged": false,
    "efficiency": 0.00341125184475308,
    "n_forward_evals": 40000
  },
  "certificate": {
    "L_hat": 2419.7796000972776,
    "KL": 0.0,
    "eta_h": 0.0002,
    "delta_term": 0.0029957322735539907,
    "B_lambda": 2419.782795829551,
    "components": {
      "empirical_term": 2419.7796000972776,
      "kl_term": 0.0,
      "discretization_term": 0.0002,
      "confidence_term": 0.0029957322735539907
    },
    "valid": true
  },
  "posterior_summary": {
    "mean": [
      2.2312277586388345,
      3.6628214795666936,
      4.9937589916406555,
      4.997059750384349,
      4.994656503381119
    ],
    "std": [
      0.05760436198623741,
      0.03980544888331081,
      0.0061363787649237386,
      0.002522447494924834,
      0.00389533615311629
    ]
  },
  "performance": {
    "runtime": 466.68405413627625,
    "test_log_posterior": -11840.425374105496
  }
}