{
  "experiment_id": "s5_sigma0.1_nx100_T0.5_lam2.0_m3_seed202",
  "config": {
    "s": 5,
    "sensor_positions": [
      0.2,
      0.35,
      0.5,
      0.65,
      0.8
    ],
    "placement_type": "shifted",
    "sigma": 0.1,
    "n_x": 100,
    "T": 0.5,
    "lambda": 2.0,
    "c": 1.0,
    "m": 3,
    "n_t": 100,
    "seed": 202,
    "delta": 0.05,
    "alpha": 0.001,
    "M": 2000,
    "R": 100,
    "n": 500,
    "Delta_x": 0.01,
    "Delta_t": 0.005050505050505051,
    "mcmc_n_steps": 10000,
    "mcmc_n_burn": 2000,
    "is_baseline": false
  },
  "status": "success",
  "dataset": {
    "kappa_star": [
      1.2847216299636934,
      1.4241900884838463,
      3.920764034845088
    ],
    "n_observations": 500
  },
  "mcmc": {
    "acceptance_rate": 0.5358499999999999,
    "ess_min": 464.116370261729,
    "ess_mean": 556.2575588815725,
    "ess_per_coord": [
      464.116370261729,
      483.1864971966829,
      721.4698091863058
    ],
    "n_chunks": 2,
    "total_steps": 10000,
    "converged": true,
    "efficiency": 0.0464116370261729,
    "n_forward_evals": 10000
  },
  "certificate": {
    "L_hat": 1231.6060609974847,
    "KL": 0.0,
    "eta_h": 5e-05,
    "delta_term": 0.0029957322735539907,
    "B_lambda": 1231.6091067297584,
    "components": {
      "empirical_term": 1231.6060609974847,
      "kl_term": 0.0,
      "discretization_term": 5e-05,
      "confidence_term": 0.0029957322735539907
    },
    "valid": true
  },
  "posterior_summary": {
    "mean": [
      1.4376957282514433,
      2.3832427112520684,
      4.197864101708376
    ],
    "std": [
      0.017734888733030005,
      0.012625787212995407,
      0.03020654262558702
    ]
  },
  "performance": {
    "runtime": 48.45754313468933,
    "test_log_posterior": -9085.45654256299
  }
}