{
  "experiment_id": "s5_sigma0.1_nx100_T0.5_lam2.0_m5_seed303",
  "config": {
    "s": 5,
    "sensor_positions": [
      0.2,
      0.35,
      0.5,
      0.65,
      0.8
    ],
    "placement_type": "shifted",
    "sigma": 0.1,
    "n_x": 100,
    "T": 0.5,
    "lambda": 2.0,
    "c": 1.0,
    "m": 5,
    "n_t": 100,
    "seed": 303,
    "delta": 0.05,
    "alpha": 0.001,
    "M": 2000,
    "R": 100,
    "n": 500,
    "Delta_x": 0.01,
    "Delta_t": 0.005050505050505051,
    "mcmc_n_steps": 10000,
    "mcmc_n_burn": 2000,
    "is_baseline": false
  },
  "status": "success",
  "dataset": {
    "kappa_star": [
      3.12551948199565,
      1.4836227496566199,
      2.427779995862962,
      3.3381215081208255,
      2.6741059937440994
    ],
    "n_observations": 500
  },
  "mcmc": {
    "acceptance_rate": 0.5530444444444444,
    "ess_min": 542.6048870989729,
    "ess_mean": 613.3736827685149,
    "ess_per_coord": [
      711.112215351087,
      645.2593214964961,
      542.6048870989729,
      544.9828076633676,
      622.9091822326506
    ],
    "n_chunks": 3,
    "total_steps": 15000,
    "converged": true,
    "efficiency": 0.03617365913993153,
    "n_forward_evals": 15000
  },
  "certificate": {
    "L_hat": 7829.960787687979,
    "KL": 0.0,
    "eta_h": 5e-05,
    "delta_term": 0.0029957322735539907,
    "B_lambda": 7829.963833420252,
    "components": {
      "empirical_term": 7829.960787687979,
      "kl_term": 0.0,
      "discretization_term": 5e-05,
      "confidence_term": 0.0029957322735539907
    },
    "valid": true
  },
  "posterior_summary": {
    "mean": [
      2.036213677676084,
      3.463940001507458,
      4.127373329417881,
      4.057944039840978,
      2.7752468914323116
    ],
    "std": [
      0.02680588021781805,
      0.018975021244936562,
      0.01859035487003921,
      0.01957984704536837,
      0.026863738378763928
    ]
  },
  "performance": {
    "runtime": 168.64122915267944,
    "test_log_posterior": -48606.69895681826
  }
}