{
  "experiment_id": "s3_sigma0.1_nx50_T0.3_lam1.0_m3_seed101",
  "config": {
    "s": 3,
    "sensor_positions": [
      0.2,
      0.5,
      0.8
    ],
    "placement_type": "shifted",
    "sigma": 0.1,
    "n_x": 50,
    "T": 0.3,
    "lambda": 1.0,
    "c": 1.0,
    "m": 3,
    "n_t": 50,
    "seed": 101,
    "delta": 0.05,
    "alpha": 0.001,
    "M": 2000,
    "R": 100,
    "n": 150,
    "Delta_x": 0.02,
    "Delta_t": 0.006122448979591836,
    "mcmc_n_steps": 10000,
    "mcmc_n_burn": 2000,
    "is_baseline": false
  },
  "status": "success",
  "dataset": {
    "kappa_star": [
      2.3073951969585615,
      2.4973365540384895,
      0.5996597926733394
    ],
    "n_observations": 150
  },
  "mcmc": {
    "acceptance_rate": 0.49460000000000004,
    "ess_min": 604.7329026957896,
    "ess_mean": 741.019961880615,
    "ess_per_coord": [
      604.7329026957896,
      704.7333386081274,
      913.5936443379283
    ],
    "n_chunks": 2,
    "total_steps": 10000,
    "converged": true,
    "efficiency": 0.060473290269578955,
    "n_forward_evals": 10000
  },
  "certificate": {
    "L_hat": 242.4534173614234,
    "KL": 0.0,
    "eta_h": 0.0002,
    "delta_term": 0.01997154849035994,
    "B_lambda": 242.47358890991376,
    "components": {
      "empirical_term": 242.4534173614234,
      "kl_term": 0.0,
      "discretization_term": 0.0002,
      "confidence_term": 0.01997154849035994
    },
    "valid": true
  },
  "posterior_summary": {
    "mean": [
      3.174108541835129,
      3.448224345047819,
      1.3188821237019897
    ],
    "std": [
      0.050754392893195485,
      0.030126662822541932,
      0.03596190569331321
    ]
  },
  "performance": {
    "runtime": 16.033241033554077,
    "test_log_posterior": -1553.0461593608431
  }
}