{
  "experiment_id": "s5_sigma0.05_nx50_T0.3_lam2.0_m3_seed202",
  "config": {
    "s": 5,
    "sensor_positions": [
      0.2,
      0.35,
      0.5,
      0.65,
      0.8
    ],
    "placement_type": "shifted",
    "sigma": 0.05,
    "n_x": 50,
    "T": 0.3,
    "lambda": 2.0,
    "c": 1.0,
    "m": 3,
    "n_t": 50,
    "seed": 202,
    "delta": 0.05,
    "alpha": 0.001,
    "M": 2000,
    "R": 100,
    "n": 250,
    "Delta_x": 0.02,
    "Delta_t": 0.006122448979591836,
    "mcmc_n_steps": 10000,
    "mcmc_n_burn": 2000,
    "is_baseline": false
  },
  "status": "success",
  "dataset": {
    "kappa_star": [
      1.2847216299636934,
      1.4241900884838463,
      3.920764034845088
    ],
    "n_observations": 250
  },
  "mcmc": {
    "acceptance_rate": 0.49629999999999996,
    "ess_min": 536.6573917656518,
    "ess_mean": 591.1705047842939,
    "ess_per_coord": [
      556.6393108059921,
      536.6573917656518,
      680.2148117812382
    ],
    "n_chunks": 2,
    "total_steps": 10000,
    "converged": true,
    "efficiency": 0.05366573917656518,
    "n_forward_evals": 10000
  },
  "certificate": {
    "L_hat": 2534.7436282397475,
    "KL": 0.0,
    "eta_h": 0.0002,
    "delta_term": 0.0059914645471079815,
    "B_lambda": 2534.7498197042946,
    "components": {
      "empirical_term": 2534.7436282397475,
      "kl_term": 0.0,
      "discretization_term": 0.0002,
      "confidence_term": 0.0059914645471079815
    },
    "valid": true
  },
  "posterior_summary": {
    "mean": [
      1.384120174585438,
      2.389511722953688,
      4.259140698559832
    ],
    "std": [
      0.010294346858924172,
      0.005820944752778772,
      0.01622386748069773
    ]
  },
  "performance": {
    "runtime": 41.78960061073303,
    "test_log_posterior": -25733.17304848125
  }
}