{
  "experiment_id": "s3_sigma0.1_nx100_T0.5_lam2.0_m5_seed202",
  "config": {
    "s": 3,
    "sensor_positions": [
      0.25,
      0.5,
      0.75
    ],
    "placement_type": "fixed",
    "sigma": 0.1,
    "n_x": 100,
    "T": 0.5,
    "lambda": 2.0,
    "c": 1.0,
    "m": 5,
    "n_t": 50,
    "seed": 202,
    "delta": 0.05,
    "alpha": 0.001,
    "M": 2000,
    "R": 100,
    "n": 150,
    "Delta_x": 0.01,
    "Delta_t": 0.01020408163265306,
    "mcmc_n_steps": 10000,
    "mcmc_n_burn": 2000,
    "is_baseline": false
  },
  "status": "success",
  "dataset": {
    "kappa_star": [
      1.2847216299636934,
      1.4241900884838463,
      3.920764034845088,
      3.9752807832159958,
      3.9824723567684557
    ],
    "n_observations": 150
  },
  "mcmc": {
    "acceptance_rate": 0.086225,
    "ess_min": 92.8840747009067,
    "ess_mean": 947.9464843693379,
    "ess_per_coord": [
      1636.0913226392615,
      1069.7971845060172,
      958.1331622160887,
      982.8266777844159,
      92.8840747009067
    ],
    "n_chunks": 8,
    "total_steps": 40000,
    "converged": false,
    "efficiency": 0.0023221018675226674,
    "n_forward_evals": 40000
  },
  "certificate": {
    "L_hat": 3266.764224005021,
    "KL": 0.0,
    "eta_h": 5e-05,
    "delta_term": 0.00998577424517997,
    "B_lambda": 3266.7742597792662,
    "components": {
      "empirical_term": 3266.764224005021,
      "kl_term": 0.0,
      "discretization_term": 5e-05,
      "confidence_term": 0.00998577424517997
    },
    "valid": true
  },
  "posterior_summary": {
    "mean": [
      1.7741452671599285,
      3.7138184027864454,
      4.997221377800773,
      4.9974592406530505,
      4.997045573812122
    ],
    "std": [
      0.050478632283522666,
      0.03423014983057775,
      0.0032935964181487233,
      0.002385847648058129,
      0.0028811366427073286
    ]
  },
  "performance": {
    "runtime": 170.97842288017273,
    "test_log_posterior": -17443.070852319128
  }
}