{
  "experiment_id": "s3_sigma0.1_nx100_T0.3_lam1.0_m3_seed303",
  "config": {
    "s": 3,
    "sensor_positions": [
      0.25,
      0.5,
      0.75
    ],
    "placement_type": "fixed",
    "sigma": 0.1,
    "n_x": 100,
    "T": 0.3,
    "lambda": 1.0,
    "c": 1.0,
    "m": 3,
    "n_t": 50,
    "seed": 303,
    "delta": 0.05,
    "alpha": 0.001,
    "M": 2000,
    "R": 100,
    "n": 150,
    "Delta_x": 0.01,
    "Delta_t": 0.006122448979591836,
    "mcmc_n_steps": 10000,
    "mcmc_n_burn": 2000,
    "is_baseline": false
  },
  "status": "success",
  "dataset": {
    "kappa_star": [
      3.12551948199565,
      1.4836227496566199,
      2.427779995862962
    ],
    "n_observations": 150
  },
  "mcmc": {
    "acceptance_rate": 0.5266,
    "ess_min": 516.6725894634382,
    "ess_mean": 611.6934154065162,
    "ess_per_coord": [
      516.6725894634382,
      642.4838026082456,
      675.9238541478649
    ],
    "n_chunks": 2,
    "total_steps": 10000,
    "converged": true,
    "efficiency": 0.051667258946343816,
    "n_forward_evals": 10000
  },
  "certificate": {
    "L_hat": 202.82191569518218,
    "KL": 0.0,
    "eta_h": 5e-05,
    "delta_term": 0.01997154849035994,
    "B_lambda": 202.84193724367253,
    "components": {
      "empirical_term": 202.82191569518218,
      "kl_term": 0.0,
      "discretization_term": 5e-05,
      "confidence_term": 0.01997154849035994
    },
    "valid": true
  },
  "posterior_summary": {
    "mean": [
      3.268114174967964,
      3.194670001586071,
      2.6382073871032707
    ],
    "std": [
      0.0393214111110599,
      0.03111292922154226,
      0.03855275709692104
    ]
  },
  "performance": {
    "runtime": 15.51600694656372,
    "test_log_posterior": -2963.4337718579322
  }
}