{
  "experiment_id": "s3_sigma0.1_nx50_T0.5_lam1.0_m5_seed303",
  "config": {
    "s": 3,
    "sensor_positions": [
      0.2,
      0.5,
      0.8
    ],
    "placement_type": "shifted",
    "sigma": 0.1,
    "n_x": 50,
    "T": 0.5,
    "lambda": 1.0,
    "c": 1.0,
    "m": 5,
    "n_t": 100,
    "seed": 303,
    "delta": 0.05,
    "alpha": 0.001,
    "M": 2000,
    "R": 100,
    "n": 300,
    "Delta_x": 0.02,
    "Delta_t": 0.005050505050505051,
    "mcmc_n_steps": 10000,
    "mcmc_n_burn": 2000,
    "is_baseline": false
  },
  "status": "success",
  "dataset": {
    "kappa_star": [
      3.12551948199565,
      1.4836227496566199,
      2.427779995862962,
      3.3381215081208255,
      2.6741059937440994
    ],
    "n_observations": 300
  },
  "mcmc": {
    "acceptance_rate": 0.5298888888888889,
    "ess_min": 430.07882322443174,
    "ess_mean": 468.6498753072639,
    "ess_per_coord": [
      522.2835759325734,
      484.2154048576411,
      469.8732793676009,
      430.07882322443174,
      436.79829315407244
    ],
    "n_chunks": 3,
    "total_steps": 15000,
    "converged": true,
    "efficiency": 0.02867192154829545,
    "n_forward_evals": 15000
  },
  "certificate": {
    "L_hat": 3610.4400941930676,
    "KL": 0.0,
    "eta_h": 0.0002,
    "delta_term": 0.00998577424517997,
    "B_lambda": 3610.450279967313,
    "components": {
      "empirical_term": 3610.4400941930676,
      "kl_term": 0.0,
      "discretization_term": 0.0002,
      "confidence_term": 0.00998577424517997
    },
    "valid": true
  },
  "posterior_summary": {
    "mean": [
      1.7426937080238023,
      3.5921568293249533,
      4.188031049406039,
      3.771131485726025,
      2.577616761502057
    ],
    "std": [
      0.04293986427073794,
      0.046006499784424,
      0.030773574327088656,
      0.05214508609211051,
      0.055181844097174
    ]
  },
  "performance": {
    "runtime": 163.57053399085999,
    "test_log_posterior": -11134.17655262908
  }
}