{
  "experiment_id": "s5_sigma0.05_nx100_T0.3_lam1.0_m5_seed101",
  "config": {
    "s": 5,
    "sensor_positions": [
      0.1,
      0.3,
      0.5,
      0.7,
      0.9
    ],
    "placement_type": "fixed",
    "sigma": 0.05,
    "n_x": 100,
    "T": 0.3,
    "lambda": 1.0,
    "c": 1.0,
    "m": 5,
    "n_t": 100,
    "seed": 101,
    "delta": 0.05,
    "alpha": 0.001,
    "M": 2000,
    "R": 100,
    "n": 500,
    "Delta_x": 0.01,
    "Delta_t": 0.0030303030303030303,
    "mcmc_n_steps": 10000,
    "mcmc_n_burn": 2000,
    "is_baseline": false
  },
  "status": "success",
  "dataset": {
    "kappa_star": [
      2.3073951969585615,
      2.4973365540384895,
      0.5996597926733394,
      1.1003257967878608,
      2.898469435940594
    ],
    "n_observations": 500
  },
  "mcmc": {
    "acceptance_rate": 0.5252833333333333,
    "ess_min": 437.5579831046225,
    "ess_mean": 564.8110537502213,
    "ess_per_coord": [
      666.4743152244307,
      627.1193105014922,
      643.2571924766955,
      437.5579831046225,
      449.64646744386533
    ],
    "n_chunks": 4,
    "total_steps": 20000,
    "converged": true,
    "efficiency": 0.021877899155231126,
    "n_forward_evals": 20000
  },
  "certificate": {
    "L_hat": 1557.3263125103172,
    "KL": 0.0,
    "eta_h": 5e-05,
    "delta_term": 0.0059914645471079815,
    "B_lambda": 1557.3323539748644,
    "components": {
      "empirical_term": 1557.3263125103172,
      "kl_term": 0.0,
      "discretization_term": 5e-05,
      "confidence_term": 0.0059914645471079815
    },
    "valid": true
  },
  "posterior_summary": {
    "mean": [
      3.2894148961484193,
      2.917392790099657,
      2.286577680090318,
      2.144388245338961,
      3.031681530346026
    ],
    "std": [
      0.030439409105563482,
      0.016640861194076813,
      0.012233848884079026,
      0.014711150845221694,
      0.03042869755989001
    ]
  },
  "performance": {
    "runtime": 229.2065417766571,
    "test_log_posterior": -74521.460057565
  }
}