{
  "experiment_id": "s3_sigma0.05_nx50_T0.3_lam0.5_m5_seed101",
  "config": {
    "s": 3,
    "sensor_positions": [
      0.2,
      0.5,
      0.8
    ],
    "placement_type": "shifted",
    "sigma": 0.05,
    "n_x": 50,
    "T": 0.3,
    "lambda": 0.5,
    "c": 1.0,
    "m": 5,
    "n_t": 100,
    "seed": 101,
    "delta": 0.05,
    "alpha": 0.001,
    "M": 2000,
    "R": 100,
    "n": 300,
    "Delta_x": 0.02,
    "Delta_t": 0.0030303030303030303,
    "mcmc_n_steps": 10000,
    "mcmc_n_burn": 2000,
    "is_baseline": false
  },
  "status": "success",
  "dataset": {
    "kappa_star": [
      2.3073951969585615,
      2.4973365540384895,
      0.5996597926733394,
      1.1003257967878608,
      2.898469435940594
    ],
    "n_observations": 300
  },
  "mcmc": {
    "acceptance_rate": 0.4056583333333333,
    "ess_min": 222.94622647305314,
    "ess_mean": 260.26083034616977,
    "ess_per_coord": [
      286.25209205753606,
      282.1792481449134,
      275.3344294872979,
      222.94622647305314,
      234.59215556804824
    ],
    "n_chunks": 8,
    "total_steps": 40000,
    "converged": false,
    "efficiency": 0.005573655661826328,
    "n_forward_evals": 40000
  },
  "certificate": {
    "L_hat": 480.64974900864354,
    "KL": 0.0,
    "eta_h": 0.0002,
    "delta_term": 0.01997154849035994,
    "B_lambda": 480.6699205571339,
    "components": {
      "empirical_term": 480.64974900864354,
      "kl_term": 0.0,
      "discretization_term": 0.0002,
      "confidence_term": 0.01997154849035994
    },
    "valid": true
  },
  "posterior_summary": {
    "mean": [
      2.120907657347427,
      2.3204886255825894,
      2.3796748012844136,
      2.582142985836938,
      1.1959144794079044
    ],
    "std": [
      0.07514543545315006,
      0.07778050349634447,
      0.03664936948313609,
      0.07500576478837571,
      0.05370643185118355
    ]
  },
  "performance": {
    "runtime": 443.90068197250366,
    "test_log_posterior": -22793.970480368225
  }
}