{
  "experiment_id": "s5_sigma0.05_nx100_T0.3_lam1.0_m3_seed202",
  "config": {
    "s": 5,
    "sensor_positions": [
      0.2,
      0.35,
      0.5,
      0.65,
      0.8
    ],
    "placement_type": "shifted",
    "sigma": 0.05,
    "n_x": 100,
    "T": 0.3,
    "lambda": 1.0,
    "c": 1.0,
    "m": 3,
    "n_t": 50,
    "seed": 202,
    "delta": 0.05,
    "alpha": 0.001,
    "M": 2000,
    "R": 100,
    "n": 250,
    "Delta_x": 0.01,
    "Delta_t": 0.006122448979591836,
    "mcmc_n_steps": 10000,
    "mcmc_n_burn": 2000,
    "is_baseline": false
  },
  "status": "success",
  "dataset": {
    "kappa_star": [
      1.2847216299636934,
      1.4241900884838463,
      3.920764034845088
    ],
    "n_observations": 250
  },
  "mcmc": {
    "acceptance_rate": 0.5283,
    "ess_min": 464.4366529316775,
    "ess_mean": 522.8830253710543,
    "ess_per_coord": [
      575.8673222223924,
      464.4366529316775,
      528.3451009590927
    ],
    "n_chunks": 2,
    "total_steps": 10000,
    "converged": true,
    "efficiency": 0.04644366529316775,
    "n_forward_evals": 10000
  },
  "certificate": {
    "L_hat": 2535.500093000267,
    "KL": 0.0,
    "eta_h": 5e-05,
    "delta_term": 0.011982929094215963,
    "B_lambda": 2535.5121259293614,
    "components": {
      "empirical_term": 2535.500093000267,
      "kl_term": 0.0,
      "discretization_term": 5e-05,
      "confidence_term": 0.011982929094215963
    },
    "valid": true
  },
  "posterior_summary": {
    "mean": [
      1.3816053644487227,
      2.3906725919063616,
      4.263196627640882
    ],
    "std": [
      0.015256326376871385,
      0.00870563601782734,
      0.02476958080284868
    ]
  },
  "performance": {
    "runtime": 46.918209075927734,
    "test_log_posterior": -12868.970377048301
  }
}