{
  "experiment_id": "s5_sigma0.2_nx100_T0.3_lam1.0_m3_seed101",
  "config": {
    "s": 5,
    "sensor_positions": [
      0.2,
      0.35,
      0.5,
      0.65,
      0.8
    ],
    "placement_type": "shifted",
    "sigma": 0.2,
    "n_x": 100,
    "T": 0.3,
    "lambda": 1.0,
    "c": 1.0,
    "m": 3,
    "n_t": 100,
    "seed": 101,
    "delta": 0.05,
    "alpha": 0.001,
    "M": 2000,
    "R": 100,
    "n": 500,
    "Delta_x": 0.01,
    "Delta_t": 0.0030303030303030303,
    "mcmc_n_steps": 10000,
    "mcmc_n_burn": 2000,
    "is_baseline": false
  },
  "status": "success",
  "dataset": {
    "kappa_star": [
      2.3073951969585615,
      2.4973365540384895,
      0.5996597926733394
    ],
    "n_observations": 500
  },
  "mcmc": {
    "acceptance_rate": 0.48295,
    "ess_min": 558.5570042276779,
    "ess_mean": 621.9139397412536,
    "ess_per_coord": [
      631.4652985083225,
      558.5570042276779,
      675.7195164877603
    ],
    "n_chunks": 2,
    "total_steps": 10000,
    "converged": true,
    "efficiency": 0.055855700422767794,
    "n_forward_evals": 10000
  },
  "certificate": {
    "L_hat": 671.3098274469007,
    "KL": 0.0,
    "eta_h": 5e-05,
    "delta_term": 0.0059914645471079815,
    "B_lambda": 671.3158689114479,
    "components": {
      "empirical_term": 671.3098274469007,
      "kl_term": 0.0,
      "discretization_term": 5e-05,
      "confidence_term": 0.0059914645471079815
    },
    "valid": true
  },
  "posterior_summary": {
    "mean": [
      3.0891074925579862,
      2.7539338719449646,
      0.9851188734662472
    ],
    "std": [
      0.05815332207986065,
      0.02723255120254817,
      0.04140277050436223
    ]
  },
  "performance": {
    "runtime": 48.21173930168152,
    "test_log_posterior": -1012.0059509456181
  }
}