{
  "experiment_id": "s3_sigma0.1_nx50_T0.5_lam1.0_m3_seed202",
  "config": {
    "s": 3,
    "sensor_positions": [
      0.25,
      0.5,
      0.75
    ],
    "placement_type": "fixed",
    "sigma": 0.1,
    "n_x": 50,
    "T": 0.5,
    "lambda": 1.0,
    "c": 1.0,
    "m": 3,
    "n_t": 50,
    "seed": 202,
    "delta": 0.05,
    "alpha": 0.001,
    "M": 2000,
    "R": 100,
    "n": 150,
    "Delta_x": 0.02,
    "Delta_t": 0.01020408163265306,
    "mcmc_n_steps": 10000,
    "mcmc_n_burn": 2000,
    "is_baseline": false
  },
  "status": "success",
  "dataset": {
    "kappa_star": [
      1.2847216299636934,
      1.4241900884838463,
      3.920764034845088
    ],
    "n_observations": 150
  },
  "mcmc": {
    "acceptance_rate": 0.5303,
    "ess_min": 540.1348336391271,
    "ess_mean": 642.3894534319384,
    "ess_per_coord": [
      631.0331912842382,
      540.1348336391271,
      756.0003353724495
    ],
    "n_chunks": 2,
    "total_steps": 10000,
    "converged": true,
    "efficiency": 0.054013483363912713,
    "n_forward_evals": 10000
  },
  "certificate": {
    "L_hat": 232.21469676330634,
    "KL": 0.0,
    "eta_h": 0.0002,
    "delta_term": 0.01997154849035994,
    "B_lambda": 232.2348683117967,
    "components": {
      "empirical_term": 232.21469676330634,
      "kl_term": 0.0,
      "discretization_term": 0.0002,
      "confidence_term": 0.01997154849035994
    },
    "valid": true
  },
  "posterior_summary": {
    "mean": [
      1.6522489772549251,
      2.945773343425248,
      3.8886500798962227
    ],
    "std": [
      0.03705792484577431,
      0.035915572134411815,
      0.05409864826225487
    ]
  },
  "performance": {
    "runtime": 15.533819913864136,
    "test_log_posterior": -1842.567364247977
  }
}