{
  "experiment_id": "s3_sigma0.05_nx50_T0.5_lam0.5_m5_seed202",
  "config": {
    "s": 3,
    "sensor_positions": [
      0.2,
      0.5,
      0.8
    ],
    "placement_type": "shifted",
    "sigma": 0.05,
    "n_x": 50,
    "T": 0.5,
    "lambda": 0.5,
    "c": 1.0,
    "m": 5,
    "n_t": 100,
    "seed": 202,
    "delta": 0.05,
    "alpha": 0.001,
    "M": 2000,
    "R": 100,
    "n": 300,
    "Delta_x": 0.02,
    "Delta_t": 0.005050505050505051,
    "mcmc_n_steps": 10000,
    "mcmc_n_burn": 2000,
    "is_baseline": false
  },
  "status": "success",
  "dataset": {
    "kappa_star": [
      1.2847216299636934,
      1.4241900884838463,
      3.920764034845088,
      3.9752807832159958,
      3.9824723567684557
    ],
    "n_observations": 300
  },
  "mcmc": {
    "acceptance_rate": 0.3740666666666667,
    "ess_min": 455.8458170990489,
    "ess_mean": 1139.337297536573,
    "ess_per_coord": [
      1189.529444428376,
      455.8458170990489,
      1715.0473315578397,
      487.70366648903007,
      1848.5602281085703
    ],
    "n_chunks": 4,
    "total_steps": 20000,
    "converged": true,
    "efficiency": 0.022792290854952442,
    "n_forward_evals": 20000
  },
  "certificate": {
    "L_hat": 18464.549859663402,
    "KL": 0.0,
    "eta_h": 0.0002,
    "delta_term": 0.01997154849035994,
    "B_lambda": 18464.57003121189,
    "components": {
      "empirical_term": 18464.549859663402,
      "kl_term": 0.0,
      "discretization_term": 0.0002,
      "confidence_term": 0.01997154849035994
    },
    "valid": true
  },
  "posterior_summary": {
    "mean": [
      0.8438499867013293,
      3.8354943675737148,
      4.998160050242269,
      4.990709397003339,
      3.6307702592486395
    ],
    "std": [
      0.01899685784379014,
      0.026195886677433805,
      0.0017902085884263599,
      0.008595590623140133,
      0.03280990346030444
    ]
  },
  "performance": {
    "runtime": 134.68155884742737,
    "test_log_posterior": -22292.136214931998
  }
}