{
  "experiment_id": "s5_sigma0.05_nx50_T0.5_lam0.5_m3_seed202",
  "config": {
    "s": 5,
    "sensor_positions": [
      0.2,
      0.35,
      0.5,
      0.65,
      0.8
    ],
    "placement_type": "shifted",
    "sigma": 0.05,
    "n_x": 50,
    "T": 0.5,
    "lambda": 0.5,
    "c": 1.0,
    "m": 3,
    "n_t": 100,
    "seed": 202,
    "delta": 0.05,
    "alpha": 0.001,
    "M": 2000,
    "R": 100,
    "n": 500,
    "Delta_x": 0.02,
    "Delta_t": 0.005050505050505051,
    "mcmc_n_steps": 10000,
    "mcmc_n_burn": 2000,
    "is_baseline": false
  },
  "status": "success",
  "dataset": {
    "kappa_star": [
      1.2847216299636934,
      1.4241900884838463,
      3.920764034845088
    ],
    "n_observations": 500
  },
  "mcmc": {
    "acceptance_rate": 0.50225,
    "ess_min": 408.8732383246821,
    "ess_mean": 615.5971430171654,
    "ess_per_coord": [
      706.401209727895,
      408.8732383246821,
      731.5169809989192
    ],
    "n_chunks": 2,
    "total_steps": 10000,
    "converged": true,
    "efficiency": 0.04088732383246821,
    "n_forward_evals": 10000
  },
  "certificate": {
    "L_hat": 4261.753818720642,
    "KL": 0.0,
    "eta_h": 0.0002,
    "delta_term": 0.011982929094215963,
    "B_lambda": 4261.766001649737,
    "components": {
      "empirical_term": 4261.753818720642,
      "kl_term": 0.0,
      "discretization_term": 0.0002,
      "confidence_term": 0.011982929094215963
    },
    "valid": true
  },
  "posterior_summary": {
    "mean": [
      1.4371551743176085,
      2.387548774401553,
      4.186927207213079
    ],
    "std": [
      0.018718376834429853,
      0.0113823478314893,
      0.03154146826777174
    ]
  },
  "performance": {
    "runtime": 77.86838412284851,
    "test_log_posterior": -8811.988527849553
  }
}