{
  "experiment_id": "s5_sigma0.1_nx100_T0.5_lam0.5_m3_seed303",
  "config": {
    "s": 5,
    "sensor_positions": [
      0.1,
      0.3,
      0.5,
      0.7,
      0.9
    ],
    "placement_type": "fixed",
    "sigma": 0.1,
    "n_x": 100,
    "T": 0.5,
    "lambda": 0.5,
    "c": 1.0,
    "m": 3,
    "n_t": 100,
    "seed": 303,
    "delta": 0.05,
    "alpha": 0.001,
    "M": 2000,
    "R": 100,
    "n": 500,
    "Delta_x": 0.01,
    "Delta_t": 0.005050505050505051,
    "mcmc_n_steps": 10000,
    "mcmc_n_burn": 2000,
    "is_baseline": false
  },
  "status": "success",
  "dataset": {
    "kappa_star": [
      3.12551948199565,
      1.4836227496566199,
      2.427779995862962
    ],
    "n_observations": 500
  },
  "mcmc": {
    "acceptance_rate": 0.5504,
    "ess_min": 569.9120601270607,
    "ess_mean": 612.1513376375591,
    "ess_per_coord": [
      657.8626718958176,
      569.9120601270607,
      608.6792808897991
    ],
    "n_chunks": 2,
    "total_steps": 10000,
    "converged": true,
    "efficiency": 0.056991206012706075,
    "n_forward_evals": 10000
  },
  "certificate": {
    "L_hat": 861.4494548453015,
    "KL": 0.0,
    "eta_h": 5e-05,
    "delta_term": 0.011982929094215963,
    "B_lambda": 861.4614877743957,
    "components": {
      "empirical_term": 861.4494548453015,
      "kl_term": 0.0,
      "discretization_term": 5e-05,
      "confidence_term": 0.011982929094215963
    },
    "valid": true
  },
  "posterior_summary": {
    "mean": [
      2.737110106166156,
      3.103654579918798,
      2.2545228176175027
    ],
    "std": [
      0.038018637622938264,
      0.03445931948836669,
      0.035879530315538574
    ]
  },
  "performance": {
    "runtime": 77.68846416473389,
    "test_log_posterior": -2050.61388748834
  }
}