{
  "experiment_id": "s3_sigma0.2_nx100_T0.3_lam1.0_m3_seed303",
  "config": {
    "s": 3,
    "sensor_positions": [
      0.2,
      0.5,
      0.8
    ],
    "placement_type": "shifted",
    "sigma": 0.2,
    "n_x": 100,
    "T": 0.3,
    "lambda": 1.0,
    "c": 1.0,
    "m": 3,
    "n_t": 100,
    "seed": 303,
    "delta": 0.05,
    "alpha": 0.001,
    "M": 2000,
    "R": 100,
    "n": 300,
    "Delta_x": 0.01,
    "Delta_t": 0.0030303030303030303,
    "mcmc_n_steps": 10000,
    "mcmc_n_burn": 2000,
    "is_baseline": false
  },
  "status": "success",
  "dataset": {
    "kappa_star": [
      3.12551948199565,
      1.4836227496566199,
      2.427779995862962
    ],
    "n_observations": 300
  },
  "mcmc": {
    "acceptance_rate": 0.5194,
    "ess_min": 578.6680035094215,
    "ess_mean": 725.7547176192844,
    "ess_per_coord": [
      736.3088698164221,
      578.6680035094215,
      862.2872795320098
    ],
    "n_chunks": 2,
    "total_steps": 10000,
    "converged": true,
    "efficiency": 0.05786680035094215,
    "n_forward_evals": 10000
  },
  "certificate": {
    "L_hat": 221.66606883553683,
    "KL": 0.0,
    "eta_h": 5e-05,
    "delta_term": 0.00998577424517997,
    "B_lambda": 221.676104609782,
    "components": {
      "empirical_term": 221.66606883553683,
      "kl_term": 0.0,
      "discretization_term": 5e-05,
      "confidence_term": 0.00998577424517997
    },
    "valid": true
  },
  "posterior_summary": {
    "mean": [
      3.575725651156895,
      3.14244977381017,
      2.878728140950135
    ],
    "std": [
      0.07834491896188807,
      0.0404050924863349,
      0.06932003197946515
    ]
  },
  "performance": {
    "runtime": 29.607622861862183,
    "test_log_posterior": -1547.944405344629
  }
}