{
  "experiment_id": "s3_sigma0.1_nx50_T0.3_lam0.5_m5_seed303",
  "config": {
    "s": 3,
    "sensor_positions": [
      0.2,
      0.5,
      0.8
    ],
    "placement_type": "shifted",
    "sigma": 0.1,
    "n_x": 50,
    "T": 0.3,
    "lambda": 0.5,
    "c": 1.0,
    "m": 5,
    "n_t": 100,
    "seed": 303,
    "delta": 0.05,
    "alpha": 0.001,
    "M": 2000,
    "R": 100,
    "n": 300,
    "Delta_x": 0.02,
    "Delta_t": 0.0030303030303030303,
    "mcmc_n_steps": 10000,
    "mcmc_n_burn": 2000,
    "is_baseline": false
  },
  "status": "success",
  "dataset": {
    "kappa_star": [
      3.12551948199565,
      1.4836227496566199,
      2.427779995862962,
      3.3381215081208255,
      2.6741059937440994
    ],
    "n_observations": 300
  },
  "mcmc": {
    "acceptance_rate": 0.5115333333333333,
    "ess_min": 498.4192153617227,
    "ess_mean": 648.5541901397954,
    "ess_per_coord": [
      758.1092760083884,
      649.0688172463954,
      794.9531454958392,
      498.4192153617227,
      542.2204965866314
    ],
    "n_chunks": 5,
    "total_steps": 25000,
    "converged": true,
    "efficiency": 0.019936768614468907,
    "n_forward_evals": 25000
  },
  "certificate": {
    "L_hat": 2585.5135751638713,
    "KL": 0.0,
    "eta_h": 0.0002,
    "delta_term": 0.01997154849035994,
    "B_lambda": 2585.533746712362,
    "components": {
      "empirical_term": 2585.5135751638713,
      "kl_term": 0.0,
      "discretization_term": 0.0002,
      "confidence_term": 0.01997154849035994
    },
    "valid": true
  },
  "posterior_summary": {
    "mean": [
      1.558638152783877,
      3.7618481897480223,
      4.442109654349322,
      3.943457033320943,
      2.44851077865211
    ],
    "std": [
      0.05203211452439898,
      0.06924529528274674,
      0.04181268007096369,
      0.07710330041524331,
      0.06941702380515116
    ]
  },
  "performance": {
    "runtime": 226.1873140335083,
    "test_log_posterior": -7932.68527212376
  }
}