{
  "experiment_id": "s5_sigma0.05_nx50_T0.5_lam1.0_m5_seed101",
  "config": {
    "s": 5,
    "sensor_positions": [
      0.2,
      0.35,
      0.5,
      0.65,
      0.8
    ],
    "placement_type": "shifted",
    "sigma": 0.05,
    "n_x": 50,
    "T": 0.5,
    "lambda": 1.0,
    "c": 1.0,
    "m": 5,
    "n_t": 100,
    "seed": 101,
    "delta": 0.05,
    "alpha": 0.001,
    "M": 2000,
    "R": 100,
    "n": 500,
    "Delta_x": 0.02,
    "Delta_t": 0.005050505050505051,
    "mcmc_n_steps": 10000,
    "mcmc_n_burn": 2000,
    "is_baseline": false
  },
  "status": "success",
  "dataset": {
    "kappa_star": [
      2.3073951969585615,
      2.4973365540384895,
      0.5996597926733394,
      1.1003257967878608,
      2.898469435940594
    ],
    "n_observations": 500
  },
  "mcmc": {
    "acceptance_rate": 0.5035833333333334,
    "ess_min": 462.4606532134313,
    "ess_mean": 583.3172193795635,
    "ess_per_coord": [
      762.577512144212,
      598.750761448511,
      587.1171328113436,
      462.4606532134313,
      505.68003728031977
    ],
    "n_chunks": 4,
    "total_steps": 20000,
    "converged": true,
    "efficiency": 0.023123032660671568,
    "n_forward_evals": 20000
  },
  "certificate": {
    "L_hat": 2805.921793637825,
    "KL": 0.0,
    "eta_h": 0.0002,
    "delta_term": 0.0059914645471079815,
    "B_lambda": 2805.927985102372,
    "components": {
      "empirical_term": 2805.921793637825,
      "kl_term": 0.0,
      "discretization_term": 0.0002,
      "confidence_term": 0.0059914645471079815
    },
    "valid": true
  },
  "posterior_summary": {
    "mean": [
      1.8344042309988797,
      2.798189924276703,
      2.417861283106749,
      2.233691502392824,
      1.4792931142292276
    ],
    "std": [
      0.020465764601547826,
      0.014886012201500994,
      0.0115165246808969,
      0.01384370402180026,
      0.01891799655467553
    ]
  },
  "performance": {
    "runtime": 364.1952209472656,
    "test_log_posterior": -62736.517222270646
  }
}