{
  "experiment_id": "s5_sigma0.2_nx100_T0.5_lam0.5_m5_seed303",
  "config": {
    "s": 5,
    "sensor_positions": [
      0.1,
      0.3,
      0.5,
      0.7,
      0.9
    ],
    "placement_type": "fixed",
    "sigma": 0.2,
    "n_x": 100,
    "T": 0.5,
    "lambda": 0.5,
    "c": 1.0,
    "m": 5,
    "n_t": 100,
    "seed": 303,
    "delta": 0.05,
    "alpha": 0.001,
    "M": 2000,
    "R": 100,
    "n": 500,
    "Delta_x": 0.01,
    "Delta_t": 0.005050505050505051,
    "mcmc_n_steps": 10000,
    "mcmc_n_burn": 2000,
    "is_baseline": false
  },
  "status": "success",
  "dataset": {
    "kappa_star": [
      3.12551948199565,
      1.4836227496566199,
      2.427779995862962,
      3.3381215081208255,
      2.6741059937440994
    ],
    "n_observations": 500
  },
  "mcmc": {
    "acceptance_rate": 0.5536888888888888,
    "ess_min": 497.5301017359882,
    "ess_mean": 599.162439327197,
    "ess_per_coord": [
      533.3942456595096,
      596.3220434454098,
      664.2784258755134,
      497.5301017359882,
      704.2873799195646
    ],
    "n_chunks": 3,
    "total_steps": 15000,
    "converged": true,
    "efficiency": 0.03316867344906588,
    "n_forward_evals": 15000
  },
  "certificate": {
    "L_hat": 1947.112025075301,
    "KL": 0.0,
    "eta_h": 5e-05,
    "delta_term": 0.011982929094215963,
    "B_lambda": 1947.1240580043955,
    "components": {
      "empirical_term": 1947.112025075301,
      "kl_term": 0.0,
      "discretization_term": 5e-05,
      "confidence_term": 0.011982929094215963
    },
    "valid": true
  },
  "posterior_summary": {
    "mean": [
      3.367843791467724,
      3.546886166917565,
      3.9832204989929614,
      4.191447025474434,
      4.160502138849496
    ],
    "std": [
      0.15657685940685742,
      0.08612779849736132,
      0.0651476162569978,
      0.09631184069634775,
      0.16326837093738938
    ]
  },
  "performance": {
    "runtime": 174.36154294013977,
    "test_log_posterior": -2821.7316670640635
  }
}