{
  "experiment_id": "s3_sigma0.05_nx100_T0.3_lam0.5_m5_seed303",
  "config": {
    "s": 3,
    "sensor_positions": [
      0.2,
      0.5,
      0.8
    ],
    "placement_type": "shifted",
    "sigma": 0.05,
    "n_x": 100,
    "T": 0.3,
    "lambda": 0.5,
    "c": 1.0,
    "m": 5,
    "n_t": 100,
    "seed": 303,
    "delta": 0.05,
    "alpha": 0.001,
    "M": 2000,
    "R": 100,
    "n": 300,
    "Delta_x": 0.01,
    "Delta_t": 0.0030303030303030303,
    "mcmc_n_steps": 10000,
    "mcmc_n_burn": 2000,
    "is_baseline": false
  },
  "status": "success",
  "dataset": {
    "kappa_star": [
      3.12551948199565,
      1.4836227496566199,
      2.427779995862962,
      3.3381215081208255,
      2.6741059937440994
    ],
    "n_observations": 300
  },
  "mcmc": {
    "acceptance_rate": 0.52628,
    "ess_min": 457.65915915559384,
    "ess_mean": 689.8775345415368,
    "ess_per_coord": [
      982.9094241913078,
      773.6345328439803,
      761.9492175119301,
      457.65915915559384,
      473.2353390048716
    ],
    "n_chunks": 5,
    "total_steps": 25000,
    "converged": true,
    "efficiency": 0.018306366366223754,
    "n_forward_evals": 25000
  },
  "certificate": {
    "L_hat": 9979.333246196571,
    "KL": 0.0,
    "eta_h": 5e-05,
    "delta_term": 0.01997154849035994,
    "B_lambda": 9979.353267745062,
    "components": {
      "empirical_term": 9979.333246196571,
      "kl_term": 0.0,
      "discretization_term": 5e-05,
      "confidence_term": 0.01997154849035994
    },
    "valid": true
  },
  "posterior_summary": {
    "mean": [
      1.557170193344487,
      3.7762028814965647,
      4.433394541131741,
      3.959077975056922,
      2.44344065586612
    ],
    "std": [
      0.02352446763783862,
      0.032303463125237575,
      0.017228978605332155,
      0.038483250116429224,
      0.03553868235444165
    ]
  },
  "performance": {
    "runtime": 270.35893392562866,
    "test_log_posterior": -31666.554640592276
  }
}