{
  "experiment_id": "s3_sigma0.1_nx100_T0.3_lam0.5_m3_seed303",
  "config": {
    "s": 3,
    "sensor_positions": [
      0.2,
      0.5,
      0.8
    ],
    "placement_type": "shifted",
    "sigma": 0.1,
    "n_x": 100,
    "T": 0.3,
    "lambda": 0.5,
    "c": 1.0,
    "m": 3,
    "n_t": 100,
    "seed": 303,
    "delta": 0.05,
    "alpha": 0.001,
    "M": 2000,
    "R": 100,
    "n": 300,
    "Delta_x": 0.01,
    "Delta_t": 0.0030303030303030303,
    "mcmc_n_steps": 10000,
    "mcmc_n_burn": 2000,
    "is_baseline": false
  },
  "status": "success",
  "dataset": {
    "kappa_star": [
      3.12551948199565,
      1.4836227496566199,
      2.427779995862962
    ],
    "n_observations": 300
  },
  "mcmc": {
    "acceptance_rate": 0.56695,
    "ess_min": 529.3047265470403,
    "ess_mean": 585.6854384648042,
    "ess_per_coord": [
      529.3047265470403,
      690.2811189554304,
      537.4704698919417
    ],
    "n_chunks": 2,
    "total_steps": 10000,
    "converged": true,
    "efficiency": 0.05293047265470403,
    "n_forward_evals": 10000
  },
  "certificate": {
    "L_hat": 463.5289200867974,
    "KL": 0.0,
    "eta_h": 5e-05,
    "delta_term": 0.01997154849035994,
    "B_lambda": 463.54894163528775,
    "components": {
      "empirical_term": 463.5289200867974,
      "kl_term": 0.0,
      "discretization_term": 5e-05,
      "confidence_term": 0.01997154849035994
    },
    "valid": true
  },
  "posterior_summary": {
    "mean": [
      3.5730762432272347,
      3.1520680804535295,
      2.8920150990803144
    ],
    "std": [
      0.05065799328517607,
      0.027381714918777618,
      0.04768860224691952
    ]
  },
  "performance": {
    "runtime": 47.79082798957825,
    "test_log_posterior": -2929.6572889887693
  }
}