{
  "experiment_id": "s3_sigma0.2_nx100_T0.5_lam0.5_m5_seed202",
  "config": {
    "s": 3,
    "sensor_positions": [
      0.25,
      0.5,
      0.75
    ],
    "placement_type": "fixed",
    "sigma": 0.2,
    "n_x": 100,
    "T": 0.5,
    "lambda": 0.5,
    "c": 1.0,
    "m": 5,
    "n_t": 100,
    "seed": 202,
    "delta": 0.05,
    "alpha": 0.001,
    "M": 2000,
    "R": 100,
    "n": 300,
    "Delta_x": 0.01,
    "Delta_t": 0.005050505050505051,
    "mcmc_n_steps": 10000,
    "mcmc_n_burn": 2000,
    "is_baseline": false
  },
  "status": "success",
  "dataset": {
    "kappa_star": [
      1.2847216299636934,
      1.4241900884838463,
      3.920764034845088,
      3.9752807832159958,
      3.9824723567684557
    ],
    "n_observations": 300
  },
  "mcmc": {
    "acceptance_rate": 0.40222222222222226,
    "ess_min": 563.8011649273252,
    "ess_mean": 598.1872142949629,
    "ess_per_coord": [
      563.8011649273252,
      595.2813657814472,
      636.7309390363359,
      629.5962091579136,
      565.5263925717925
    ],
    "n_chunks": 3,
    "total_steps": 15000,
    "converged": true,
    "efficiency": 0.037586744328488346,
    "n_forward_evals": 15000
  },
  "certificate": {
    "L_hat": 1690.7943600041483,
    "KL": 0.0,
    "eta_h": 5e-05,
    "delta_term": 0.01997154849035994,
    "B_lambda": 1690.8143815526387,
    "components": {
      "empirical_term": 1690.7943600041483,
      "kl_term": 0.0,
      "discretization_term": 5e-05,
      "confidence_term": 0.01997154849035994
    },
    "valid": true
  },
  "posterior_summary": {
    "mean": [
      1.7953221422347851,
      3.721629845999554,
      4.977609926804046,
      4.977750925667123,
      4.962107736189546
    ],
    "std": [
      0.1350094324267591,
      0.10076925358231541,
      0.02356257412727644,
      0.020759555425293296,
      0.03263064611241518
    ]
  },
  "performance": {
    "runtime": 169.73546290397644,
    "test_log_posterior": -2163.55978379815
  }
}