{
  "experiment_id": "s5_sigma0.2_nx100_T0.3_lam1.0_m5_seed101",
  "config": {
    "s": 5,
    "sensor_positions": [
      0.2,
      0.35,
      0.5,
      0.65,
      0.8
    ],
    "placement_type": "shifted",
    "sigma": 0.2,
    "n_x": 100,
    "T": 0.3,
    "lambda": 1.0,
    "c": 1.0,
    "m": 5,
    "n_t": 50,
    "seed": 101,
    "delta": 0.05,
    "alpha": 0.001,
    "M": 2000,
    "R": 100,
    "n": 250,
    "Delta_x": 0.01,
    "Delta_t": 0.006122448979591836,
    "mcmc_n_steps": 10000,
    "mcmc_n_burn": 2000,
    "is_baseline": false
  },
  "status": "success",
  "dataset": {
    "kappa_star": [
      2.3073951969585615,
      2.4973365540384895,
      0.5996597926733394,
      1.1003257967878608,
      2.898469435940594
    ],
    "n_observations": 250
  },
  "mcmc": {
    "acceptance_rate": 0.5172,
    "ess_min": 444.3882756993369,
    "ess_mean": 529.3113717894495,
    "ess_per_coord": [
      759.2587077057028,
      482.93902129907997,
      444.3882756993369,
      451.57618651458705,
      508.3946677285408
    ],
    "n_chunks": 5,
    "total_steps": 25000,
    "converged": true,
    "efficiency": 0.017775531027973475,
    "n_forward_evals": 25000
  },
  "certificate": {
    "L_hat": 149.79351681705782,
    "KL": 0.0,
    "eta_h": 5e-05,
    "delta_term": 0.011982929094215963,
    "B_lambda": 149.80554974615202,
    "components": {
      "empirical_term": 149.79351681705782,
      "kl_term": 0.0,
      "discretization_term": 5e-05,
      "confidence_term": 0.011982929094215963
    },
    "valid": true
  },
  "posterior_summary": {
    "mean": [
      1.5653088724704292,
      3.105790360744844,
      2.357703937261502,
      2.1796266261910633,
      1.5049338058136543
    ],
    "std": [
      0.10115509335973395,
      0.09802580525520863,
      0.07464552158938877,
      0.09194987902066801,
      0.10969047952395146
    ]
  },
  "performance": {
    "runtime": 144.08887600898743,
    "test_log_posterior": -2873.747641364992
  }
}