{
  "experiment_id": "s5_sigma0.1_nx100_T0.3_lam1.0_m3_seed101",
  "config": {
    "s": 5,
    "sensor_positions": [
      0.1,
      0.3,
      0.5,
      0.7,
      0.9
    ],
    "placement_type": "fixed",
    "sigma": 0.1,
    "n_x": 100,
    "T": 0.3,
    "lambda": 1.0,
    "c": 1.0,
    "m": 3,
    "n_t": 50,
    "seed": 101,
    "delta": 0.05,
    "alpha": 0.001,
    "M": 2000,
    "R": 100,
    "n": 250,
    "Delta_x": 0.01,
    "Delta_t": 0.006122448979591836,
    "mcmc_n_steps": 10000,
    "mcmc_n_burn": 2000,
    "is_baseline": false
  },
  "status": "success",
  "dataset": {
    "kappa_star": [
      2.3073951969585615,
      2.4973365540384895,
      0.5996597926733394
    ],
    "n_observations": 250
  },
  "mcmc": {
    "acceptance_rate": 0.52715,
    "ess_min": 500.64946347791295,
    "ess_mean": 577.0621065077116,
    "ess_per_coord": [
      521.6917914490601,
      500.64946347791295,
      708.8450645961617
    ],
    "n_chunks": 2,
    "total_steps": 10000,
    "converged": true,
    "efficiency": 0.050064946347791295,
    "n_forward_evals": 10000
  },
  "certificate": {
    "L_hat": 299.0373859974981,
    "KL": 0.0,
    "eta_h": 5e-05,
    "delta_term": 0.011982929094215963,
    "B_lambda": 299.0494189265923,
    "components": {
      "empirical_term": 299.0373859974981,
      "kl_term": 0.0,
      "discretization_term": 5e-05,
      "confidence_term": 0.011982929094215963
    },
    "valid": true
  },
  "posterior_summary": {
    "mean": [
      2.5737284507490794,
      3.4701220807339483,
      1.072343592943964
    ],
    "std": [
      0.03158884349827939,
      0.0293104295060613,
      0.024232212297749797
    ]
  },
  "performance": {
    "runtime": 40.42843294143677,
    "test_log_posterior": -1719.157011409669
  }
}