{
  "experiment_id": "s3_sigma0.2_nx100_T0.5_lam0.5_m5_seed101",
  "config": {
    "s": 3,
    "sensor_positions": [
      0.25,
      0.5,
      0.75
    ],
    "placement_type": "fixed",
    "sigma": 0.2,
    "n_x": 100,
    "T": 0.5,
    "lambda": 0.5,
    "c": 1.0,
    "m": 5,
    "n_t": 50,
    "seed": 101,
    "delta": 0.05,
    "alpha": 0.001,
    "M": 2000,
    "R": 100,
    "n": 150,
    "Delta_x": 0.01,
    "Delta_t": 0.01020408163265306,
    "mcmc_n_steps": 10000,
    "mcmc_n_burn": 2000,
    "is_baseline": false
  },
  "status": "success",
  "dataset": {
    "kappa_star": [
      2.3073951969585615,
      2.4973365540384895,
      0.5996597926733394,
      1.1003257967878608,
      2.898469435940594
    ],
    "n_observations": 150
  },
  "mcmc": {
    "acceptance_rate": 0.4966000000000001,
    "ess_min": 440.3978023921344,
    "ess_mean": 560.0407434245428,
    "ess_per_coord": [
      753.4282898996225,
      625.2634928283641,
      440.3978023921344,
      464.63372995937107,
      516.4804020432219
    ],
    "n_chunks": 5,
    "total_steps": 25000,
    "converged": true,
    "efficiency": 0.017615912095685377,
    "n_forward_evals": 25000
  },
  "certificate": {
    "L_hat": 117.5439939887774,
    "KL": 0.0,
    "eta_h": 5e-05,
    "delta_term": 0.03994309698071988,
    "B_lambda": 117.58398708575812,
    "components": {
      "empirical_term": 117.5439939887774,
      "kl_term": 0.0,
      "discretization_term": 5e-05,
      "confidence_term": 0.03994309698071988
    },
    "valid": true
  },
  "posterior_summary": {
    "mean": [
      2.960539175978638,
      2.8088108753029712,
      2.384565679501406,
      2.372512521170772,
      2.3587321408741784
    ],
    "std": [
      0.31368886924755823,
      0.19012153572428758,
      0.11513074558493976,
      0.19340316169583466,
      0.3389703420598868
    ]
  },
  "performance": {
    "runtime": 148.85574173927307,
    "test_log_posterior": -748.0283289552203
  }
}