{
  "experiment_id": "s3_sigma0.1_nx50_T0.5_lam0.5_m5_seed101",
  "config": {
    "s": 3,
    "sensor_positions": [
      0.2,
      0.5,
      0.8
    ],
    "placement_type": "shifted",
    "sigma": 0.1,
    "n_x": 50,
    "T": 0.5,
    "lambda": 0.5,
    "c": 1.0,
    "m": 5,
    "n_t": 50,
    "seed": 101,
    "delta": 0.05,
    "alpha": 0.001,
    "M": 2000,
    "R": 100,
    "n": 150,
    "Delta_x": 0.02,
    "Delta_t": 0.01020408163265306,
    "mcmc_n_steps": 10000,
    "mcmc_n_burn": 2000,
    "is_baseline": false
  },
  "status": "success",
  "dataset": {
    "kappa_star": [
      2.3073951969585615,
      2.4973365540384895,
      0.5996597926733394,
      1.1003257967878608,
      2.898469435940594
    ],
    "n_observations": 150
  },
  "mcmc": {
    "acceptance_rate": 0.5394166666666668,
    "ess_min": 358.1748025059416,
    "ess_mean": 601.7680674298643,
    "ess_per_coord": [
      844.5757524127156,
      744.7154696926918,
      686.7025323186579,
      358.1748025059416,
      374.6717802193148
    ],
    "n_chunks": 8,
    "total_steps": 40000,
    "converged": false,
    "efficiency": 0.00895437006264854,
    "n_forward_evals": 40000
  },
  "certificate": {
    "L_hat": 181.7719210575491,
    "KL": 0.0,
    "eta_h": 0.0002,
    "delta_term": 0.03994309698071988,
    "B_lambda": 181.81206415452982,
    "components": {
      "empirical_term": 181.7719210575491,
      "kl_term": 0.0,
      "discretization_term": 0.0002,
      "confidence_term": 0.03994309698071988
    },
    "valid": true
  },
  "posterior_summary": {
    "mean": [
      2.019381088048044,
      2.44601083998746,
      2.429447723554347,
      2.490677076178819,
      1.3021172422725484
    ],
    "std": [
      0.1717196613474073,
      0.17501262433548911,
      0.08271169323227989,
      0.14837401574874826,
      0.12671414478951526
    ]
  },
  "performance": {
    "runtime": 240.37178492546082,
    "test_log_posterior": -2197.422984706034
  }
}