{
  "experiment_id": "s5_sigma0.1_nx100_T0.3_lam2.0_m3_seed101",
  "config": {
    "s": 5,
    "sensor_positions": [
      0.2,
      0.35,
      0.5,
      0.65,
      0.8
    ],
    "placement_type": "shifted",
    "sigma": 0.1,
    "n_x": 100,
    "T": 0.3,
    "lambda": 2.0,
    "c": 1.0,
    "m": 3,
    "n_t": 50,
    "seed": 101,
    "delta": 0.05,
    "alpha": 0.001,
    "M": 2000,
    "R": 100,
    "n": 250,
    "Delta_x": 0.01,
    "Delta_t": 0.006122448979591836,
    "mcmc_n_steps": 10000,
    "mcmc_n_burn": 2000,
    "is_baseline": false
  },
  "status": "success",
  "dataset": {
    "kappa_star": [
      2.3073951969585615,
      2.4973365540384895,
      0.5996597926733394
    ],
    "n_observations": 250
  },
  "mcmc": {
    "acceptance_rate": 0.5018499999999999,
    "ess_min": 511.10539916152754,
    "ess_mean": 620.5301054248331,
    "ess_per_coord": [
      686.2635223822074,
      511.10539916152754,
      664.2213947307644
    ],
    "n_chunks": 2,
    "total_steps": 10000,
    "converged": true,
    "efficiency": 0.051110539916152754,
    "n_forward_evals": 10000
  },
  "certificate": {
    "L_hat": 945.4777701358403,
    "KL": 0.0,
    "eta_h": 5e-05,
    "delta_term": 0.0059914645471079815,
    "B_lambda": 945.4838116003874,
    "components": {
      "empirical_term": 945.4777701358403,
      "kl_term": 0.0,
      "discretization_term": 5e-05,
      "confidence_term": 0.0059914645471079815
    },
    "valid": true
  },
  "posterior_summary": {
    "mean": [
      3.056362672314563,
      2.7814080871592806,
      0.9563322757257109
    ],
    "std": [
      0.03270479774628068,
      0.014542753495137716,
      0.019382324883106684
    ]
  },
  "performance": {
    "runtime": 25.10801887512207,
    "test_log_posterior": -3258.2718938008156
  }
}