{
  "experiment_id": "s3_sigma0.1_nx50_T0.5_lam2.0_m5_seed202",
  "config": {
    "s": 3,
    "sensor_positions": [
      0.2,
      0.5,
      0.8
    ],
    "placement_type": "shifted",
    "sigma": 0.1,
    "n_x": 50,
    "T": 0.5,
    "lambda": 2.0,
    "c": 1.0,
    "m": 5,
    "n_t": 100,
    "seed": 202,
    "delta": 0.05,
    "alpha": 0.001,
    "M": 2000,
    "R": 100,
    "n": 300,
    "Delta_x": 0.02,
    "Delta_t": 0.005050505050505051,
    "mcmc_n_steps": 10000,
    "mcmc_n_burn": 2000,
    "is_baseline": false
  },
  "status": "success",
  "dataset": {
    "kappa_star": [
      1.2847216299636934,
      1.4241900884838463,
      3.920764034845088,
      3.9752807832159958,
      3.9824723567684557
    ],
    "n_observations": 300
  },
  "mcmc": {
    "acceptance_rate": 0.5081333333333333,
    "ess_min": 401.9859417814238,
    "ess_mean": 574.0482581557345,
    "ess_per_coord": [
      703.9420410743815,
      516.3466727520306,
      500.4943994684163,
      401.9859417814238,
      747.4722357024203
    ],
    "n_chunks": 2,
    "total_steps": 10000,
    "converged": true,
    "efficiency": 0.04019859417814238,
    "n_forward_evals": 10000
  },
  "certificate": {
    "L_hat": 4672.099999769136,
    "KL": 0.0,
    "eta_h": 0.0002,
    "delta_term": 0.004992887122589985,
    "B_lambda": 4672.105192656259,
    "components": {
      "empirical_term": 4672.099999769136,
      "kl_term": 0.0,
      "discretization_term": 0.0002,
      "confidence_term": 0.004992887122589985
    },
    "valid": true
  },
  "posterior_summary": {
    "mean": [
      0.8402451096075778,
      3.852361615520411,
      4.998331544239529,
      4.98882056970589,
      3.614973346158621
    ],
    "std": [
      0.019691136871468073,
      0.027362498640243378,
      0.001710175685041831,
      0.009823540154212896,
      0.03431232819471206
    ]
  },
  "performance": {
    "runtime": 111.52128195762634,
    "test_log_posterior": -22442.76927555343
  }
}