{
  "experiment_id": "s5_sigma0.05_nx50_T0.3_lam2.0_m5_seed303",
  "config": {
    "s": 5,
    "sensor_positions": [
      0.1,
      0.3,
      0.5,
      0.7,
      0.9
    ],
    "placement_type": "fixed",
    "sigma": 0.05,
    "n_x": 50,
    "T": 0.3,
    "lambda": 2.0,
    "c": 1.0,
    "m": 5,
    "n_t": 50,
    "seed": 303,
    "delta": 0.05,
    "alpha": 0.001,
    "M": 2000,
    "R": 100,
    "n": 250,
    "Delta_x": 0.02,
    "Delta_t": 0.006122448979591836,
    "mcmc_n_steps": 10000,
    "mcmc_n_burn": 2000,
    "is_baseline": false
  },
  "status": "success",
  "dataset": {
    "kappa_star": [
      3.12551948199565,
      1.4836227496566199,
      2.427779995862962,
      3.3381215081208255,
      2.6741059937440994
    ],
    "n_observations": 250
  },
  "mcmc": {
    "acceptance_rate": 0.4945555555555556,
    "ess_min": 524.8839911174385,
    "ess_mean": 640.1547949550887,
    "ess_per_coord": [
      600.9317928418966,
      524.8839911174385,
      569.1074294346496,
      647.0760635776292,
      858.77469780383
    ],
    "n_chunks": 3,
    "total_steps": 15000,
    "converged": true,
    "efficiency": 0.034992266074495904,
    "n_forward_evals": 15000
  },
  "certificate": {
    "L_hat": 9122.95938825718,
    "KL": 0.0,
    "eta_h": 0.0002,
    "delta_term": 0.0059914645471079815,
    "B_lambda": 9122.965579721727,
    "components": {
      "empirical_term": 9122.95938825718,
      "kl_term": 0.0,
      "discretization_term": 0.0002,
      "confidence_term": 0.0059914645471079815
    },
    "valid": true
  },
  "posterior_summary": {
    "mean": [
      3.4215308888900653,
      3.6384480004403135,
      4.244271455144535,
      4.460463176492976,
      4.251244604186465
    ],
    "std": [
      0.02514047617193782,
      0.01343184915657834,
      0.011616264426605408,
      0.015189657818338365,
      0.027688562334345863
    ]
  },
  "performance": {
    "runtime": 101.29687666893005,
    "test_log_posterior": -124447.02170904657
  }
}