{
  "experiment_id": "s3_sigma0.2_nx50_T0.3_lam2.0_m5_seed202",
  "config": {
    "s": 3,
    "sensor_positions": [
      0.25,
      0.5,
      0.75
    ],
    "placement_type": "fixed",
    "sigma": 0.2,
    "n_x": 50,
    "T": 0.3,
    "lambda": 2.0,
    "c": 1.0,
    "m": 5,
    "n_t": 100,
    "seed": 202,
    "delta": 0.05,
    "alpha": 0.001,
    "M": 2000,
    "R": 100,
    "n": 300,
    "Delta_x": 0.02,
    "Delta_t": 0.0030303030303030303,
    "mcmc_n_steps": 10000,
    "mcmc_n_burn": 2000,
    "is_baseline": false
  },
  "status": "success",
  "dataset": {
    "kappa_star": [
      1.2847216299636934,
      1.4241900884838463,
      3.920764034845088,
      3.9752807832159958,
      3.9824723567684557
    ],
    "n_observations": 300
  },
  "mcmc": {
    "acceptance_rate": 0.15001666666666666,
    "ess_min": 115.23308315376833,
    "ess_mean": 1436.4823834084903,
    "ess_per_coord": [
      3173.5122204835875,
      1743.8695047384713,
      1009.1627906569418,
      1140.6343180096817,
      115.23308315376833
    ],
    "n_chunks": 8,
    "total_steps": 40000,
    "converged": false,
    "efficiency": 0.0028808270788442084,
    "n_forward_evals": 40000
  },
  "certificate": {
    "L_hat": 1641.9071886441566,
    "KL": 0.0,
    "eta_h": 0.0002,
    "delta_term": 0.004992887122589985,
    "B_lambda": 1641.9123815312792,
    "components": {
      "empirical_term": 1641.9071886441566,
      "kl_term": 0.0,
      "discretization_term": 0.0002,
      "confidence_term": 0.004992887122589985
    },
    "valid": true
  },
  "posterior_summary": {
    "mean": [
      1.1472069896605466,
      4.260838930225419,
      4.998138806533507,
      4.998556645238443,
      4.992044922783952
    ],
    "std": [
      0.058448740478748436,
      0.047050395016625286,
      0.0017494433633116941,
      0.0014937148816870876,
      0.005690380838256067
    ]
  },
  "performance": {
    "runtime": 493.9594089984894,
    "test_log_posterior": -12558.42359673846
  }
}