{
  "experiment_id": "s5_sigma0.05_nx50_T0.5_lam0.5_m3_seed101",
  "config": {
    "s": 5,
    "sensor_positions": [
      0.2,
      0.35,
      0.5,
      0.65,
      0.8
    ],
    "placement_type": "shifted",
    "sigma": 0.05,
    "n_x": 50,
    "T": 0.5,
    "lambda": 0.5,
    "c": 1.0,
    "m": 3,
    "n_t": 50,
    "seed": 101,
    "delta": 0.05,
    "alpha": 0.001,
    "M": 2000,
    "R": 100,
    "n": 250,
    "Delta_x": 0.02,
    "Delta_t": 0.01020408163265306,
    "mcmc_n_steps": 10000,
    "mcmc_n_burn": 2000,
    "is_baseline": false
  },
  "status": "success",
  "dataset": {
    "kappa_star": [
      2.3073951969585615,
      2.4973365540384895,
      0.5996597926733394
    ],
    "n_observations": 250
  },
  "mcmc": {
    "acceptance_rate": 0.5468999999999999,
    "ess_min": 507.8673297608888,
    "ess_mean": 603.6324325632365,
    "ess_per_coord": [
      507.8673297608888,
      581.5197148722749,
      721.5102530565459
    ],
    "n_chunks": 2,
    "total_steps": 10000,
    "converged": true,
    "efficiency": 0.050786732976088884,
    "n_forward_evals": 10000
  },
  "certificate": {
    "L_hat": 2843.2783175059512,
    "KL": 0.0,
    "eta_h": 0.0002,
    "delta_term": 0.023965858188431926,
    "B_lambda": 2843.30248336414,
    "components": {
      "empirical_term": 2843.2783175059512,
      "kl_term": 0.0,
      "discretization_term": 0.0002,
      "confidence_term": 0.023965858188431926
    },
    "valid": true
  },
  "posterior_summary": {
    "mean": [
      3.000522851176793,
      2.757586183274934,
      1.0125036022754075
    ],
    "std": [
      0.036702366553111127,
      0.01488812177857929,
      0.02302213561643603
    ]
  },
  "performance": {
    "runtime": 40.130104064941406,
    "test_log_posterior": -2294.9030624179445
  }
}