{
  "experiment_id": "s3_sigma0.1_nx50_T0.3_lam1.0_m3_seed202",
  "config": {
    "s": 3,
    "sensor_positions": [
      0.2,
      0.5,
      0.8
    ],
    "placement_type": "shifted",
    "sigma": 0.1,
    "n_x": 50,
    "T": 0.3,
    "lambda": 1.0,
    "c": 1.0,
    "m": 3,
    "n_t": 50,
    "seed": 202,
    "delta": 0.05,
    "alpha": 0.001,
    "M": 2000,
    "R": 100,
    "n": 150,
    "Delta_x": 0.02,
    "Delta_t": 0.006122448979591836,
    "mcmc_n_steps": 10000,
    "mcmc_n_burn": 2000,
    "is_baseline": false
  },
  "status": "success",
  "dataset": {
    "kappa_star": [
      1.2847216299636934,
      1.4241900884838463,
      3.920764034845088
    ],
    "n_observations": 150
  },
  "mcmc": {
    "acceptance_rate": 0.5418000000000001,
    "ess_min": 528.1959177369768,
    "ess_mean": 650.669081501618,
    "ess_per_coord": [
      528.1959177369768,
      616.8220294799879,
      806.9892972878895
    ],
    "n_chunks": 2,
    "total_steps": 10000,
    "converged": true,
    "efficiency": 0.052819591773697674,
    "n_forward_evals": 10000
  },
  "certificate": {
    "L_hat": 150.22914772231627,
    "KL": 0.0,
    "eta_h": 0.0002,
    "delta_term": 0.01997154849035994,
    "B_lambda": 150.24931927080664,
    "components": {
      "empirical_term": 150.22914772231627,
      "kl_term": 0.0,
      "discretization_term": 0.0002,
      "confidence_term": 0.01997154849035994
    },
    "valid": true
  },
  "posterior_summary": {
    "mean": [
      1.7362083295622974,
      2.955679701834512,
      4.327024503777395
    ],
    "std": [
      0.0417809435374133,
      0.029133487580327713,
      0.053051807628948656
    ]
  },
  "performance": {
    "runtime": 15.829153060913086,
    "test_log_posterior": -2516.0625133375893
  }
}