{
  "experiment_id": "s5_sigma0.1_nx100_T0.3_lam2.0_m5_seed303",
  "config": {
    "s": 5,
    "sensor_positions": [
      0.2,
      0.35,
      0.5,
      0.65,
      0.8
    ],
    "placement_type": "shifted",
    "sigma": 0.1,
    "n_x": 100,
    "T": 0.3,
    "lambda": 2.0,
    "c": 1.0,
    "m": 5,
    "n_t": 100,
    "seed": 303,
    "delta": 0.05,
    "alpha": 0.001,
    "M": 2000,
    "R": 100,
    "n": 500,
    "Delta_x": 0.01,
    "Delta_t": 0.0030303030303030303,
    "mcmc_n_steps": 10000,
    "mcmc_n_burn": 2000,
    "is_baseline": false
  },
  "status": "success",
  "dataset": {
    "kappa_star": [
      3.12551948199565,
      1.4836227496566199,
      2.427779995862962,
      3.3381215081208255,
      2.6741059937440994
    ],
    "n_observations": 500
  },
  "mcmc": {
    "acceptance_rate": 0.5314666666666668,
    "ess_min": 460.1259966679749,
    "ess_mean": 517.9353468643055,
    "ess_per_coord": [
      520.347379279968,
      460.1259966679749,
      558.5599813505946,
      468.63908264446826,
      582.0042943785215
    ],
    "n_chunks": 3,
    "total_steps": 15000,
    "converged": true,
    "efficiency": 0.03067506644453166,
    "n_forward_evals": 15000
  },
  "certificate": {
    "L_hat": 5709.832864623264,
    "KL": 0.0,
    "eta_h": 5e-05,
    "delta_term": 0.0029957322735539907,
    "B_lambda": 5709.835910355537,
    "components": {
      "empirical_term": 5709.832864623264,
      "kl_term": 0.0,
      "discretization_term": 5e-05,
      "confidence_term": 0.0029957322735539907
    },
    "valid": true
  },
  "posterior_summary": {
    "mean": [
      1.7999363659107999,
      3.5915887033905505,
      4.389883156817729,
      4.325918333911662,
      2.5256750051007235
    ],
    "std": [
      0.021497503006859042,
      0.017645010917350743,
      0.01834729745191142,
      0.019375848487808035,
      0.02413754690767313
    ]
  },
  "performance": {
    "runtime": 170.41506505012512,
    "test_log_posterior": -69368.27931533754
  }
}