{
  "experiment_id": "s5_sigma0.2_nx100_T0.3_lam0.5_m5_seed202",
  "config": {
    "s": 5,
    "sensor_positions": [
      0.1,
      0.3,
      0.5,
      0.7,
      0.9
    ],
    "placement_type": "fixed",
    "sigma": 0.2,
    "n_x": 100,
    "T": 0.3,
    "lambda": 0.5,
    "c": 1.0,
    "m": 5,
    "n_t": 100,
    "seed": 202,
    "delta": 0.05,
    "alpha": 0.001,
    "M": 2000,
    "R": 100,
    "n": 500,
    "Delta_x": 0.01,
    "Delta_t": 0.0030303030303030303,
    "mcmc_n_steps": 10000,
    "mcmc_n_burn": 2000,
    "is_baseline": false
  },
  "status": "success",
  "dataset": {
    "kappa_star": [
      1.2847216299636934,
      1.4241900884838463,
      3.920764034845088,
      3.9752807832159958,
      3.9824723567684557
    ],
    "n_observations": 500
  },
  "mcmc": {
    "acceptance_rate": 0.178225,
    "ess_min": 178.88186996263477,
    "ess_mean": 826.6885165094221,
    "ess_per_coord": [
      619.6185307124543,
      550.2370937723686,
      1527.5583358360093,
      1257.1467522636442,
      178.88186996263477
    ],
    "n_chunks": 8,
    "total_steps": 40000,
    "converged": false,
    "efficiency": 0.00447204674906587,
    "n_forward_evals": 40000
  },
  "certificate": {
    "L_hat": 2494.2100831781972,
    "KL": 0.0,
    "eta_h": 5e-05,
    "delta_term": 0.011982929094215963,
    "B_lambda": 2494.2221161072916,
    "components": {
      "empirical_term": 2494.2100831781972,
      "kl_term": 0.0,
      "discretization_term": 5e-05,
      "confidence_term": 0.011982929094215963
    },
    "valid": true
  },
  "posterior_summary": {
    "mean": [
      1.7895110566356789,
      4.067952078250082,
      4.992881566526504,
      4.995362783990476,
      4.9892170023753115
    ],
    "std": [
      0.10484416299398581,
      0.07312983697796668,
      0.006592786474397807,
      0.003251275592528818,
      0.008851534323994218
    ]
  },
  "performance": {
    "runtime": 464.93346405029297,
    "test_log_posterior": -4318.763152332259
  }
}