{
  "experiment_id": "s5_sigma0.2_nx100_T0.3_lam2.0_m5_seed101",
  "config": {
    "s": 5,
    "sensor_positions": [
      0.1,
      0.3,
      0.5,
      0.7,
      0.9
    ],
    "placement_type": "fixed",
    "sigma": 0.2,
    "n_x": 100,
    "T": 0.3,
    "lambda": 2.0,
    "c": 1.0,
    "m": 5,
    "n_t": 50,
    "seed": 101,
    "delta": 0.05,
    "alpha": 0.001,
    "M": 2000,
    "R": 100,
    "n": 250,
    "Delta_x": 0.01,
    "Delta_t": 0.006122448979591836,
    "mcmc_n_steps": 10000,
    "mcmc_n_burn": 2000,
    "is_baseline": false
  },
  "status": "success",
  "dataset": {
    "kappa_star": [
      2.3073951969585615,
      2.4973365540384895,
      0.5996597926733394,
      1.1003257967878608,
      2.898469435940594
    ],
    "n_observations": 250
  },
  "mcmc": {
    "acceptance_rate": 0.55615,
    "ess_min": 419.312285349499,
    "ess_mean": 483.5730510315646,
    "ess_per_coord": [
      561.641264579286,
      496.41538022149564,
      482.4537915442096,
      419.312285349499,
      458.0425334633325
    ],
    "n_chunks": 4,
    "total_steps": 20000,
    "converged": true,
    "efficiency": 0.02096561426747495,
    "n_forward_evals": 20000
  },
  "certificate": {
    "L_hat": 148.72136015957648,
    "KL": 0.0,
    "eta_h": 5e-05,
    "delta_term": 0.0059914645471079815,
    "B_lambda": 148.72740162412356,
    "components": {
      "empirical_term": 148.72136015957648,
      "kl_term": 0.0,
      "discretization_term": 5e-05,
      "confidence_term": 0.0059914645471079815
    },
    "valid": true
  },
  "posterior_summary": {
    "mean": [
      3.3800705630548755,
      2.991242631811913,
      2.329821808458928,
      2.1105878007568126,
      2.9722894235570396
    ],
    "std": [
      0.13212216145919448,
      0.06862032009004977,
      0.04882568344083829,
      0.06017517485939596,
      0.1100158962950758
    ]
  },
  "performance": {
    "runtime": 119.04339814186096,
    "test_log_posterior": -5012.876848559745
  }
}