{
  "experiment_id": "s3_sigma0.2_nx100_T0.5_lam1.0_m5_seed202",
  "config": {
    "s": 3,
    "sensor_positions": [
      0.2,
      0.5,
      0.8
    ],
    "placement_type": "shifted",
    "sigma": 0.2,
    "n_x": 100,
    "T": 0.5,
    "lambda": 1.0,
    "c": 1.0,
    "m": 5,
    "n_t": 100,
    "seed": 202,
    "delta": 0.05,
    "alpha": 0.001,
    "M": 2000,
    "R": 100,
    "n": 300,
    "Delta_x": 0.01,
    "Delta_t": 0.005050505050505051,
    "mcmc_n_steps": 10000,
    "mcmc_n_burn": 2000,
    "is_baseline": false
  },
  "status": "success",
  "dataset": {
    "kappa_star": [
      1.2847216299636934,
      1.4241900884838463,
      3.920764034845088,
      3.9752807832159958,
      3.9824723567684557
    ],
    "n_observations": 300
  },
  "mcmc": {
    "acceptance_rate": 0.5375833333333334,
    "ess_min": 487.7413657732116,
    "ess_mean": 942.8284870337471,
    "ess_per_coord": [
      1082.989932696211,
      1028.5304453877038,
      859.603681749627,
      487.7413657732116,
      1255.2770095619824
    ],
    "n_chunks": 4,
    "total_steps": 20000,
    "converged": true,
    "efficiency": 0.02438706828866058,
    "n_forward_evals": 20000
  },
  "certificate": {
    "L_hat": 1250.832227047656,
    "KL": 0.0,
    "eta_h": 5e-05,
    "delta_term": 0.00998577424517997,
    "B_lambda": 1250.8422628219014,
    "components": {
      "empirical_term": 1250.832227047656,
      "kl_term": 0.0,
      "discretization_term": 5e-05,
      "confidence_term": 0.00998577424517997
    },
    "valid": true
  },
  "posterior_summary": {
    "mean": [
      0.826038683581158,
      3.8918290954281223,
      4.9869744776065374,
      4.949781884671622,
      3.6006415276360597
    ],
    "std": [
      0.051094181439053345,
      0.08356413465644479,
      0.012308253851701978,
      0.04405430973744331,
      0.09787354847447474
    ]
  },
  "performance": {
    "runtime": 221.07353377342224,
    "test_log_posterior": -2902.262762150296
  }
}