{
  "experiment_id": "s5_sigma0.1_nx100_T0.3_lam2.0_m5_seed101",
  "config": {
    "s": 5,
    "sensor_positions": [
      0.2,
      0.35,
      0.5,
      0.65,
      0.8
    ],
    "placement_type": "shifted",
    "sigma": 0.1,
    "n_x": 100,
    "T": 0.3,
    "lambda": 2.0,
    "c": 1.0,
    "m": 5,
    "n_t": 50,
    "seed": 101,
    "delta": 0.05,
    "alpha": 0.001,
    "M": 2000,
    "R": 100,
    "n": 250,
    "Delta_x": 0.01,
    "Delta_t": 0.006122448979591836,
    "mcmc_n_steps": 10000,
    "mcmc_n_burn": 2000,
    "is_baseline": false
  },
  "status": "success",
  "dataset": {
    "kappa_star": [
      2.3073951969585615,
      2.4973365540384895,
      0.5996597926733394,
      1.1003257967878608,
      2.898469435940594
    ],
    "n_observations": 250
  },
  "mcmc": {
    "acceptance_rate": 0.474,
    "ess_min": 433.3598979286272,
    "ess_mean": 585.8702277466192,
    "ess_per_coord": [
      852.5597426300951,
      629.0703116887008,
      539.4534246444965,
      433.3598979286272,
      474.90776184117647
    ],
    "n_chunks": 5,
    "total_steps": 25000,
    "converged": true,
    "efficiency": 0.017334395917145088,
    "n_forward_evals": 25000
  },
  "certificate": {
    "L_hat": 253.23359934761305,
    "KL": 0.0,
    "eta_h": 5e-05,
    "delta_term": 0.0059914645471079815,
    "B_lambda": 253.23964081216013,
    "components": {
      "empirical_term": 253.23359934761305,
      "kl_term": 0.0,
      "discretization_term": 5e-05,
      "confidence_term": 0.0059914645471079815
    },
    "valid": true
  },
  "posterior_summary": {
    "mean": [
      1.608196776534013,
      3.0205656920588924,
      2.3522936264921683,
      2.226753286419652,
      1.4728439848243027
    ],
    "std": [
      0.033780088983375346,
      0.028718154695827235,
      0.025793032061050335,
      0.03078986120008635,
      0.04023538132608453
    ]
  },
  "performance": {
    "runtime": 144.09113311767578,
    "test_log_posterior": -21994.9408496722
  }
}