{
  "experiment_id": "s3_sigma0.2_nx50_T0.5_lam0.5_m5_seed202",
  "config": {
    "s": 3,
    "sensor_positions": [
      0.2,
      0.5,
      0.8
    ],
    "placement_type": "shifted",
    "sigma": 0.2,
    "n_x": 50,
    "T": 0.5,
    "lambda": 0.5,
    "c": 1.0,
    "m": 5,
    "n_t": 100,
    "seed": 202,
    "delta": 0.05,
    "alpha": 0.001,
    "M": 2000,
    "R": 100,
    "n": 300,
    "Delta_x": 0.02,
    "Delta_t": 0.005050505050505051,
    "mcmc_n_steps": 10000,
    "mcmc_n_burn": 2000,
    "is_baseline": false
  },
  "status": "success",
  "dataset": {
    "kappa_star": [
      1.2847216299636934,
      1.4241900884838463,
      3.920764034845088,
      3.9752807832159958,
      3.9824723567684557
    ],
    "n_observations": 300
  },
  "mcmc": {
    "acceptance_rate": 0.5935166666666667,
    "ess_min": 634.3715216966488,
    "ess_mean": 943.7381535538628,
    "ess_per_coord": [
      1252.5121458995955,
      762.5885398855586,
      634.3715216966488,
      911.3898450369265,
      1157.8287152505845
    ],
    "n_chunks": 4,
    "total_steps": 20000,
    "converged": true,
    "efficiency": 0.03171857608483244,
    "n_forward_evals": 20000
  },
  "certificate": {
    "L_hat": 1253.982987997679,
    "KL": 0.0,
    "eta_h": 0.0002,
    "delta_term": 0.01997154849035994,
    "B_lambda": 1254.0031595461692,
    "components": {
      "empirical_term": 1253.982987997679,
      "kl_term": 0.0,
      "discretization_term": 0.0002,
      "confidence_term": 0.01997154849035994
    },
    "valid": true
  },
  "posterior_summary": {
    "mean": [
      0.8343505322662931,
      3.876567443924719,
      4.976143155983211,
      4.9104219609170165,
      3.6522019462706434
    ],
    "std": [
      0.07477221339350947,
      0.10477665251749858,
      0.021407307909396635,
      0.07424985721791812,
      0.1444634510936377
    ]
  },
  "performance": {
    "runtime": 134.61940789222717,
    "test_log_posterior": -1455.1044690879394
  }
}