{
  "experiment_id": "s3_sigma0.05_nx50_T0.3_lam1.0_m3_seed101",
  "config": {
    "s": 3,
    "sensor_positions": [
      0.2,
      0.5,
      0.8
    ],
    "placement_type": "shifted",
    "sigma": 0.05,
    "n_x": 50,
    "T": 0.3,
    "lambda": 1.0,
    "c": 1.0,
    "m": 3,
    "n_t": 50,
    "seed": 101,
    "delta": 0.05,
    "alpha": 0.001,
    "M": 2000,
    "R": 100,
    "n": 150,
    "Delta_x": 0.02,
    "Delta_t": 0.006122448979591836,
    "mcmc_n_steps": 10000,
    "mcmc_n_burn": 2000,
    "is_baseline": false
  },
  "status": "success",
  "dataset": {
    "kappa_star": [
      2.3073951969585615,
      2.4973365540384895,
      0.5996597926733394
    ],
    "n_observations": 150
  },
  "mcmc": {
    "acceptance_rate": 0.52325,
    "ess_min": 640.0206147602606,
    "ess_mean": 726.3172709809845,
    "ess_per_coord": [
      736.4046916754984,
      640.0206147602606,
      802.5265065071947
    ],
    "n_chunks": 2,
    "total_steps": 10000,
    "converged": true,
    "efficiency": 0.06400206147602606,
    "n_forward_evals": 10000
  },
  "certificate": {
    "L_hat": 744.3883827856483,
    "KL": 0.0,
    "eta_h": 0.0002,
    "delta_term": 0.01997154849035994,
    "B_lambda": 744.4085543341387,
    "components": {
      "empirical_term": 744.3883827856483,
      "kl_term": 0.0,
      "discretization_term": 0.0002,
      "confidence_term": 0.01997154849035994
    },
    "valid": true
  },
  "posterior_summary": {
    "mean": [
      3.16886763108981,
      3.4373639887217218,
      1.3123033841487912
    ],
    "std": [
      0.02304177768601247,
      0.01576583355376408,
      0.0156696402410996
    ]
  },
  "performance": {
    "runtime": 25.14857506752014,
    "test_log_posterior": -5878.198876569014
  }
}