{
  "experiment_id": "s5_sigma0.05_nx50_T0.5_lam1.0_m5_seed303",
  "config": {
    "s": 5,
    "sensor_positions": [
      0.1,
      0.3,
      0.5,
      0.7,
      0.9
    ],
    "placement_type": "fixed",
    "sigma": 0.05,
    "n_x": 50,
    "T": 0.5,
    "lambda": 1.0,
    "c": 1.0,
    "m": 5,
    "n_t": 100,
    "seed": 303,
    "delta": 0.05,
    "alpha": 0.001,
    "M": 2000,
    "R": 100,
    "n": 500,
    "Delta_x": 0.02,
    "Delta_t": 0.005050505050505051,
    "mcmc_n_steps": 10000,
    "mcmc_n_burn": 2000,
    "is_baseline": false
  },
  "status": "success",
  "dataset": {
    "kappa_star": [
      3.12551948199565,
      1.4836227496566199,
      2.427779995862962,
      3.3381215081208255,
      2.6741059937440994
    ],
    "n_observations": 500
  },
  "mcmc": {
    "acceptance_rate": 0.5979333333333332,
    "ess_min": 443.4357926836293,
    "ess_mean": 528.2347577864148,
    "ess_per_coord": [
      650.4335641156489,
      631.6212445938012,
      443.4357926836293,
      444.2848562539944,
      471.3983312850002
    ],
    "n_chunks": 3,
    "total_steps": 15000,
    "converged": true,
    "efficiency": 0.02956238617890862,
    "n_forward_evals": 15000
  },
  "certificate": {
    "L_hat": 27175.887373847887,
    "KL": 0.0,
    "eta_h": 0.0002,
    "delta_term": 0.0059914645471079815,
    "B_lambda": 27175.89356531243,
    "components": {
      "empirical_term": 27175.887373847887,
      "kl_term": 0.0,
      "discretization_term": 0.0002,
      "confidence_term": 0.0059914645471079815
    },
    "valid": true
  },
  "posterior_summary": {
    "mean": [
      3.365800365810544,
      3.558785179094298,
      4.008689711026849,
      4.216093112379096,
      4.144025083489098
    ],
    "std": [
      0.029149900277214216,
      0.015815000717234805,
      0.012688885922112857,
      0.017527238847101105,
      0.027721933942711323
    ]
  },
  "performance": {
    "runtime": 191.03875517845154,
    "test_log_posterior": -87255.80133048937
  }
}