{
  "experiment_id": "s5_sigma0.05_nx50_T0.3_lam1.0_m3_seed202",
  "config": {
    "s": 5,
    "sensor_positions": [
      0.2,
      0.35,
      0.5,
      0.65,
      0.8
    ],
    "placement_type": "shifted",
    "sigma": 0.05,
    "n_x": 50,
    "T": 0.3,
    "lambda": 1.0,
    "c": 1.0,
    "m": 3,
    "n_t": 100,
    "seed": 202,
    "delta": 0.05,
    "alpha": 0.001,
    "M": 2000,
    "R": 100,
    "n": 500,
    "Delta_x": 0.02,
    "Delta_t": 0.0030303030303030303,
    "mcmc_n_steps": 10000,
    "mcmc_n_burn": 2000,
    "is_baseline": false
  },
  "status": "success",
  "dataset": {
    "kappa_star": [
      1.2847216299636934,
      1.4241900884838463,
      3.920764034845088
    ],
    "n_observations": 500
  },
  "mcmc": {
    "acceptance_rate": 0.50755,
    "ess_min": 492.6357531744613,
    "ess_mean": 546.747673742081,
    "ess_per_coord": [
      492.6357531744613,
      503.68963703615105,
      643.9176310156307
    ],
    "n_chunks": 2,
    "total_steps": 10000,
    "converged": true,
    "efficiency": 0.04926357531744613,
    "n_forward_evals": 10000
  },
  "certificate": {
    "L_hat": 5089.947123345033,
    "KL": 0.0,
    "eta_h": 0.0002,
    "delta_term": 0.0059914645471079815,
    "B_lambda": 5089.953314809581,
    "components": {
      "empirical_term": 5089.947123345033,
      "kl_term": 0.0,
      "discretization_term": 0.0002,
      "confidence_term": 0.0059914645471079815
    },
    "valid": true
  },
  "posterior_summary": {
    "mean": [
      1.3815744070210352,
      2.382633366874656,
      4.301986036555022
    ],
    "std": [
      0.010469975935709983,
      0.00628588652056281,
      0.0186487520113112
    ]
  },
  "performance": {
    "runtime": 77.88301515579224,
    "test_log_posterior": -25594.41067359174
  }
}