{
  "experiment_id": "s3_sigma0.2_nx50_T0.5_lam2.0_m5_seed303",
  "config": {
    "s": 3,
    "sensor_positions": [
      0.2,
      0.5,
      0.8
    ],
    "placement_type": "shifted",
    "sigma": 0.2,
    "n_x": 50,
    "T": 0.5,
    "lambda": 2.0,
    "c": 1.0,
    "m": 5,
    "n_t": 50,
    "seed": 303,
    "delta": 0.05,
    "alpha": 0.001,
    "M": 2000,
    "R": 100,
    "n": 150,
    "Delta_x": 0.02,
    "Delta_t": 0.01020408163265306,
    "mcmc_n_steps": 10000,
    "mcmc_n_burn": 2000,
    "is_baseline": false
  },
  "status": "success",
  "dataset": {
    "kappa_star": [
      3.12551948199565,
      1.4836227496566199,
      2.427779995862962,
      3.3381215081208255,
      2.6741059937440994
    ],
    "n_observations": 150
  },
  "mcmc": {
    "acceptance_rate": 0.5238333333333333,
    "ess_min": 458.65580249438415,
    "ess_mean": 678.4532152467777,
    "ess_per_coord": [
      885.6131258485188,
      800.4891992375634,
      748.2551127232604,
      458.65580249438415,
      499.25283593016184
    ],
    "n_chunks": 4,
    "total_steps": 20000,
    "converged": true,
    "efficiency": 0.02293279012471921,
    "n_forward_evals": 20000
  },
  "certificate": {
    "L_hat": 475.19295902898426,
    "KL": 0.0,
    "eta_h": 0.0002,
    "delta_term": 0.00998577424517997,
    "B_lambda": 475.20314480322946,
    "components": {
      "empirical_term": 475.19295902898426,
      "kl_term": 0.0,
      "discretization_term": 0.0002,
      "confidence_term": 0.00998577424517997
    },
    "valid": true
  },
  "posterior_summary": {
    "mean": [
      1.6999429027375725,
      3.590828338860039,
      4.199328799257796,
      3.9347146631856424,
      2.49979006300073
    ],
    "std": [
      0.07455135894169794,
      0.09081508610359877,
      0.05829471603047162,
      0.10621160706068437,
      0.10828224782367639
    ]
  },
  "performance": {
    "runtime": 70.30219507217407,
    "test_log_posterior": -2925.5322076878538
  }
}