{
  "experiment_id": "s5_sigma0.05_nx50_T0.3_lam2.0_m3_seed101",
  "config": {
    "s": 5,
    "sensor_positions": [
      0.2,
      0.35,
      0.5,
      0.65,
      0.8
    ],
    "placement_type": "shifted",
    "sigma": 0.05,
    "n_x": 50,
    "T": 0.3,
    "lambda": 2.0,
    "c": 1.0,
    "m": 3,
    "n_t": 100,
    "seed": 101,
    "delta": 0.05,
    "alpha": 0.001,
    "M": 2000,
    "R": 100,
    "n": 500,
    "Delta_x": 0.02,
    "Delta_t": 0.0030303030303030303,
    "mcmc_n_steps": 10000,
    "mcmc_n_burn": 2000,
    "is_baseline": false
  },
  "status": "success",
  "dataset": {
    "kappa_star": [
      2.3073951969585615,
      2.4973365540384895,
      0.5996597926733394
    ],
    "n_observations": 500
  },
  "mcmc": {
    "acceptance_rate": 0.45780000000000004,
    "ess_min": 474.48259557005963,
    "ess_mean": 615.4263860515788,
    "ess_per_coord": [
      584.5522861889849,
      474.48259557005963,
      787.2442763956917
    ],
    "n_chunks": 2,
    "total_steps": 10000,
    "converged": true,
    "efficiency": 0.04744825955700596,
    "n_forward_evals": 10000
  },
  "certificate": {
    "L_hat": 6776.536780787224,
    "KL": 0.0,
    "eta_h": 0.0002,
    "delta_term": 0.0029957322735539907,
    "B_lambda": 6776.539976519498,
    "components": {
      "empirical_term": 6776.536780787224,
      "kl_term": 0.0,
      "discretization_term": 0.0002,
      "confidence_term": 0.0029957322735539907
    },
    "valid": true
  },
  "posterior_summary": {
    "mean": [
      3.051718789510129,
      2.7682749146905303,
      0.9884703320036005
    ],
    "std": [
      0.011840353141620043,
      0.005428831474259535,
      0.0072729263362273115
    ]
  },
  "performance": {
    "runtime": 79.7921872138977,
    "test_log_posterior": -24342.06077149438
  }
}