{
  "experiment_id": "s3_sigma0.05_nx100_T0.5_lam2.0_m5_seed202",
  "config": {
    "s": 3,
    "sensor_positions": [
      0.25,
      0.5,
      0.75
    ],
    "placement_type": "fixed",
    "sigma": 0.05,
    "n_x": 100,
    "T": 0.5,
    "lambda": 2.0,
    "c": 1.0,
    "m": 5,
    "n_t": 50,
    "seed": 202,
    "delta": 0.05,
    "alpha": 0.001,
    "M": 2000,
    "R": 100,
    "n": 150,
    "Delta_x": 0.01,
    "Delta_t": 0.01020408163265306,
    "mcmc_n_steps": 10000,
    "mcmc_n_burn": 2000,
    "is_baseline": false
  },
  "status": "success",
  "dataset": {
    "kappa_star": [
      1.2847216299636934,
      1.4241900884838463,
      3.920764034845088,
      3.9752807832159958,
      3.9824723567684557
    ],
    "n_observations": 150
  },
  "mcmc": {
    "acceptance_rate": 0.039525,
    "ess_min": 28.893735300052345,
    "ess_mean": 489.2731457606611,
    "ess_per_coord": [
      1186.0034422847666,
      1148.0895257241596,
      34.156594023293614,
      49.222431471033524,
      28.893735300052345
    ],
    "n_chunks": 8,
    "total_steps": 40000,
    "converged": false,
    "efficiency": 0.0007223433825013086,
    "n_forward_evals": 40000
  },
  "certificate": {
    "L_hat": 12934.405355763794,
    "KL": 0.0,
    "eta_h": 5e-05,
    "delta_term": 0.00998577424517997,
    "B_lambda": 12934.41539153804,
    "components": {
      "empirical_term": 12934.405355763794,
      "kl_term": 0.0,
      "discretization_term": 5e-05,
      "confidence_term": 0.00998577424517997
    },
    "valid": true
  },
  "posterior_summary": {
    "mean": [
      1.7796929919867739,
      3.6880885448710603,
      4.999411593396042,
      4.999451149573847,
      4.9970739876648
    ],
    "std": [
      0.025699240370438848,
      0.01757218712889822,
      0.0007070245410818734,
      0.0006187735466223914,
      0.0011992900795059257
    ]
  },
  "performance": {
    "runtime": 196.2750210762024,
    "test_log_posterior": -68922.15154882763
  }
}