{
  "experiment_id": "s3_sigma0.05_nx100_T0.5_lam0.5_m3_seed101",
  "config": {
    "s": 3,
    "sensor_positions": [
      0.25,
      0.5,
      0.75
    ],
    "placement_type": "fixed",
    "sigma": 0.05,
    "n_x": 100,
    "T": 0.5,
    "lambda": 0.5,
    "c": 1.0,
    "m": 3,
    "n_t": 100,
    "seed": 101,
    "delta": 0.05,
    "alpha": 0.001,
    "M": 2000,
    "R": 100,
    "n": 300,
    "Delta_x": 0.01,
    "Delta_t": 0.005050505050505051,
    "mcmc_n_steps": 10000,
    "mcmc_n_burn": 2000,
    "is_baseline": false
  },
  "status": "success",
  "dataset": {
    "kappa_star": [
      2.3073951969585615,
      2.4973365540384895,
      0.5996597926733394
    ],
    "n_observations": 300
  },
  "mcmc": {
    "acceptance_rate": 0.51335,
    "ess_min": 554.50118829619,
    "ess_mean": 678.4402306278236,
    "ess_per_coord": [
      664.5955935704407,
      554.50118829619,
      816.22391001684
    ],
    "n_chunks": 2,
    "total_steps": 10000,
    "converged": true,
    "efficiency": 0.055450118829619,
    "n_forward_evals": 10000
  },
  "certificate": {
    "L_hat": 2477.607062413381,
    "KL": 0.0,
    "eta_h": 5e-05,
    "delta_term": 0.01997154849035994,
    "B_lambda": 2477.6270839618714,
    "components": {
      "empirical_term": 2477.607062413381,
      "kl_term": 0.0,
      "discretization_term": 5e-05,
      "confidence_term": 0.01997154849035994
    },
    "valid": true
  },
  "posterior_summary": {
    "mean": [
      2.980426264224138,
      3.3448909471169004,
      1.321469969274508
    ],
    "std": [
      0.024602720973360553,
      0.019543688992343926,
      0.017109161696114615
    ]
  },
  "performance": {
    "runtime": 31.239455938339233,
    "test_log_posterior": -4953.166686750187
  }
}