{
  "experiment_id": "s5_sigma0.2_nx50_T0.5_lam2.0_m3_seed303",
  "config": {
    "s": 5,
    "sensor_positions": [
      0.2,
      0.35,
      0.5,
      0.65,
      0.8
    ],
    "placement_type": "shifted",
    "sigma": 0.2,
    "n_x": 50,
    "T": 0.5,
    "lambda": 2.0,
    "c": 1.0,
    "m": 3,
    "n_t": 100,
    "seed": 303,
    "delta": 0.05,
    "alpha": 0.001,
    "M": 2000,
    "R": 100,
    "n": 500,
    "Delta_x": 0.02,
    "Delta_t": 0.005050505050505051,
    "mcmc_n_steps": 10000,
    "mcmc_n_burn": 2000,
    "is_baseline": false
  },
  "status": "success",
  "dataset": {
    "kappa_star": [
      3.12551948199565,
      1.4836227496566199,
      2.427779995862962
    ],
    "n_observations": 500
  },
  "mcmc": {
    "acceptance_rate": 0.5417,
    "ess_min": 490.22101013014947,
    "ess_mean": 556.6343127185017,
    "ess_per_coord": [
      590.9463541046784,
      490.22101013014947,
      588.7355739206774
    ],
    "n_chunks": 2,
    "total_steps": 10000,
    "converged": true,
    "efficiency": 0.04902210101301495,
    "n_forward_evals": 10000
  },
  "certificate": {
    "L_hat": 552.466826701858,
    "KL": 0.0,
    "eta_h": 0.0002,
    "delta_term": 0.0029957322735539907,
    "B_lambda": 552.4700224341316,
    "components": {
      "empirical_term": 552.466826701858,
      "kl_term": 0.0,
      "discretization_term": 0.0002,
      "confidence_term": 0.0029957322735539907
    },
    "valid": true
  },
  "posterior_summary": {
    "mean": [
      3.320187256609561,
      2.550076238096927,
      2.653119355072824
    ],
    "std": [
      0.05566619746995597,
      0.021359996346868495,
      0.04650868744786982
    ]
  },
  "performance": {
    "runtime": 49.5838942527771,
    "test_log_posterior": -3101.895062311501
  }
}