{
  "experiment_id": "s5_sigma0.05_nx50_T0.5_lam1.0_m5_seed303",
  "config": {
    "s": 5,
    "sensor_positions": [
      0.2,
      0.35,
      0.5,
      0.65,
      0.8
    ],
    "placement_type": "shifted",
    "sigma": 0.05,
    "n_x": 50,
    "T": 0.5,
    "lambda": 1.0,
    "c": 1.0,
    "m": 5,
    "n_t": 100,
    "seed": 303,
    "delta": 0.05,
    "alpha": 0.001,
    "M": 2000,
    "R": 100,
    "n": 500,
    "Delta_x": 0.02,
    "Delta_t": 0.005050505050505051,
    "mcmc_n_steps": 10000,
    "mcmc_n_burn": 2000,
    "is_baseline": false
  },
  "status": "success",
  "dataset": {
    "kappa_star": [
      3.12551948199565,
      1.4836227496566199,
      2.427779995862962,
      3.3381215081208255,
      2.6741059937440994
    ],
    "n_observations": 500
  },
  "mcmc": {
    "acceptance_rate": 0.5908166666666667,
    "ess_min": 541.3573053286462,
    "ess_mean": 630.213196529348,
    "ess_per_coord": [
      735.8848187966915,
      615.4394172686897,
      658.694706662182,
      541.3573053286462,
      599.6897345905304
    ],
    "n_chunks": 4,
    "total_steps": 20000,
    "converged": true,
    "efficiency": 0.027067865266432314,
    "n_forward_evals": 20000
  },
  "certificate": {
    "L_hat": 30529.154977851875,
    "KL": 0.0,
    "eta_h": 0.0002,
    "delta_term": 0.0059914645471079815,
    "B_lambda": 30529.16116931642,
    "components": {
      "empirical_term": 30529.154977851875,
      "kl_term": 0.0,
      "discretization_term": 0.0002,
      "confidence_term": 0.0059914645471079815
    },
    "valid": true
  },
  "posterior_summary": {
    "mean": [
      2.050985091179116,
      3.461101205299794,
      4.133670852151109,
      4.068478501272912,
      2.7524940933926985
    ],
    "std": [
      0.018423397748306702,
      0.011872620893581128,
      0.013202524292495882,
      0.015100877433452814,
      0.021312148215045557
    ]
  },
  "performance": {
    "runtime": 361.6857011318207,
    "test_log_posterior": -96807.34276269595
  }
}