{
  "experiment_id": "s3_sigma0.1_nx50_T0.5_lam2.0_m5_seed303",
  "config": {
    "s": 3,
    "sensor_positions": [
      0.2,
      0.5,
      0.8
    ],
    "placement_type": "shifted",
    "sigma": 0.1,
    "n_x": 50,
    "T": 0.5,
    "lambda": 2.0,
    "c": 1.0,
    "m": 5,
    "n_t": 100,
    "seed": 303,
    "delta": 0.05,
    "alpha": 0.001,
    "M": 2000,
    "R": 100,
    "n": 300,
    "Delta_x": 0.02,
    "Delta_t": 0.005050505050505051,
    "mcmc_n_steps": 10000,
    "mcmc_n_burn": 2000,
    "is_baseline": false
  },
  "status": "success",
  "dataset": {
    "kappa_star": [
      3.12551948199565,
      1.4836227496566199,
      2.427779995862962,
      3.3381215081208255,
      2.6741059937440994
    ],
    "n_observations": 300
  },
  "mcmc": {
    "acceptance_rate": 0.4896444444444445,
    "ess_min": 440.9278074445116,
    "ess_mean": 538.5800985144938,
    "ess_per_coord": [
      686.189198999437,
      629.4851365384931,
      459.57877734902394,
      440.9278074445116,
      476.7195722410032
    ],
    "n_chunks": 3,
    "total_steps": 15000,
    "converged": true,
    "efficiency": 0.029395187162967438,
    "n_forward_evals": 15000
  },
  "certificate": {
    "L_hat": 3609.046396852783,
    "KL": 0.0,
    "eta_h": 0.0002,
    "delta_term": 0.004992887122589985,
    "B_lambda": 3609.0515897399055,
    "components": {
      "empirical_term": 3609.046396852783,
      "kl_term": 0.0,
      "discretization_term": 0.0002,
      "confidence_term": 0.004992887122589985
    },
    "valid": true
  },
  "posterior_summary": {
    "mean": [
      1.73439625102146,
      3.5974503084968585,
      4.187760837546575,
      3.766788198109931,
      2.583855034157276
    ],
    "std": [
      0.03043023097263422,
      0.03394807652459699,
      0.023478017800328793,
      0.03808016193674769,
      0.036140454863124505
    ]
  },
  "performance": {
    "runtime": 163.69076013565063,
    "test_log_posterior": -22260.406929232577
  }
}