{
  "experiment_id": "s3_sigma0.05_nx100_T0.5_lam2.0_m5_seed303",
  "config": {
    "s": 3,
    "sensor_positions": [
      0.25,
      0.5,
      0.75
    ],
    "placement_type": "fixed",
    "sigma": 0.05,
    "n_x": 100,
    "T": 0.5,
    "lambda": 2.0,
    "c": 1.0,
    "m": 5,
    "n_t": 50,
    "seed": 303,
    "delta": 0.05,
    "alpha": 0.001,
    "M": 2000,
    "R": 100,
    "n": 150,
    "Delta_x": 0.01,
    "Delta_t": 0.01020408163265306,
    "mcmc_n_steps": 10000,
    "mcmc_n_burn": 2000,
    "is_baseline": false
  },
  "status": "success",
  "dataset": {
    "kappa_star": [
      3.12551948199565,
      1.4836227496566199,
      2.427779995862962,
      3.3381215081208255,
      2.6741059937440994
    ],
    "n_observations": 150
  },
  "mcmc": {
    "acceptance_rate": 0.5015777777777778,
    "ess_min": 525.6776954391065,
    "ess_mean": 672.5663929294803,
    "ess_per_coord": [
      951.1503729127894,
      646.2830344682911,
      647.297665781079,
      525.6776954391065,
      592.4231960461357
    ],
    "n_chunks": 3,
    "total_steps": 15000,
    "converged": true,
    "efficiency": 0.03504517969594043,
    "n_forward_evals": 15000
  },
  "certificate": {
    "L_hat": 9593.685075637277,
    "KL": 0.0,
    "eta_h": 5e-05,
    "delta_term": 0.00998577424517997,
    "B_lambda": 9593.695111411522,
    "components": {
      "empirical_term": 9593.685075637277,
      "kl_term": 0.0,
      "discretization_term": 5e-05,
      "confidence_term": 0.00998577424517997
    },
    "valid": true
  },
  "posterior_summary": {
    "mean": [
      2.944700034420629,
      3.525672268873827,
      4.087845030147957,
      4.055418393405123,
      3.9390277859552567
    ],
    "std": [
      0.02797268826405235,
      0.018190036071325,
      0.014417328717222273,
      0.021812423631769263,
      0.03704161962933114
    ]
  },
  "performance": {
    "runtime": 77.55094623565674,
    "test_log_posterior": -65011.95692958889
  }
}