{
  "experiment_id": "s3_sigma0.1_nx100_T0.3_lam1.0_m3_seed202",
  "config": {
    "s": 3,
    "sensor_positions": [
      0.25,
      0.5,
      0.75
    ],
    "placement_type": "fixed",
    "sigma": 0.1,
    "n_x": 100,
    "T": 0.3,
    "lambda": 1.0,
    "c": 1.0,
    "m": 3,
    "n_t": 50,
    "seed": 202,
    "delta": 0.05,
    "alpha": 0.001,
    "M": 2000,
    "R": 100,
    "n": 150,
    "Delta_x": 0.01,
    "Delta_t": 0.006122448979591836,
    "mcmc_n_steps": 10000,
    "mcmc_n_burn": 2000,
    "is_baseline": false
  },
  "status": "success",
  "dataset": {
    "kappa_star": [
      1.2847216299636934,
      1.4241900884838463,
      3.920764034845088
    ],
    "n_observations": 150
  },
  "mcmc": {
    "acceptance_rate": 0.53755,
    "ess_min": 515.9463312520036,
    "ess_mean": 624.705204420981,
    "ess_per_coord": [
      715.6458921874971,
      515.9463312520036,
      642.5233898234425
    ],
    "n_chunks": 2,
    "total_steps": 10000,
    "converged": true,
    "efficiency": 0.05159463312520036,
    "n_forward_evals": 10000
  },
  "certificate": {
    "L_hat": 138.71194128294528,
    "KL": 0.0,
    "eta_h": 5e-05,
    "delta_term": 0.01997154849035994,
    "B_lambda": 138.73196283143562,
    "components": {
      "empirical_term": 138.71194128294528,
      "kl_term": 0.0,
      "discretization_term": 5e-05,
      "confidence_term": 0.01997154849035994
    },
    "valid": true
  },
  "posterior_summary": {
    "mean": [
      1.5936825145140592,
      2.9806245330407264,
      3.9391714210452147
    ],
    "std": [
      0.03125610232341879,
      0.029780700584931253,
      0.04848880737432992
    ]
  },
  "performance": {
    "runtime": 15.774062156677246,
    "test_log_posterior": -2557.379451012973
  }
}