{
  "experiment_id": "s5_sigma0.2_nx50_T0.3_lam0.5_m5_seed101",
  "config": {
    "s": 5,
    "sensor_positions": [
      0.2,
      0.35,
      0.5,
      0.65,
      0.8
    ],
    "placement_type": "shifted",
    "sigma": 0.2,
    "n_x": 50,
    "T": 0.3,
    "lambda": 0.5,
    "c": 1.0,
    "m": 5,
    "n_t": 50,
    "seed": 101,
    "delta": 0.05,
    "alpha": 0.001,
    "M": 2000,
    "R": 100,
    "n": 250,
    "Delta_x": 0.02,
    "Delta_t": 0.006122448979591836,
    "mcmc_n_steps": 10000,
    "mcmc_n_burn": 2000,
    "is_baseline": false
  },
  "status": "success",
  "dataset": {
    "kappa_star": [
      2.3073951969585615,
      2.4973365540384895,
      0.5996597926733394,
      1.1003257967878608,
      2.898469435940594
    ],
    "n_observations": 250
  },
  "mcmc": {
    "acceptance_rate": 0.5584749999999999,
    "ess_min": 423.86536691433514,
    "ess_mean": 637.0446876096075,
    "ess_per_coord": [
      1172.2780746824585,
      603.3584952568962,
      440.4799439841618,
      423.86536691433514,
      545.2415572101863
    ],
    "n_chunks": 8,
    "total_steps": 40000,
    "converged": true,
    "efficiency": 0.01059663417285838,
    "n_forward_evals": 40000
  },
  "certificate": {
    "L_hat": 152.3154726763876,
    "KL": 0.0,
    "eta_h": 0.0002,
    "delta_term": 0.023965858188431926,
    "B_lambda": 152.33963853457604,
    "components": {
      "empirical_term": 152.3154726763876,
      "kl_term": 0.0,
      "discretization_term": 0.0002,
      "confidence_term": 0.023965858188431926
    },
    "valid": true
  },
  "posterior_summary": {
    "mean": [
      1.5727750435018002,
      3.0846177971681343,
      2.3751398059189683,
      2.178672360608344,
      1.5178953084875855
    ],
    "std": [
      0.13681868796018556,
      0.14891297714890156,
      0.1242157769044183,
      0.14646229401278535,
      0.1807469687187931
    ]
  },
  "performance": {
    "runtime": 236.18432593345642,
    "test_log_posterior": -1440.8469086952873
  }
}