{
  "experiment_id": "s5_sigma0.1_nx50_T0.5_lam2.0_m5_seed101",
  "config": {
    "s": 5,
    "sensor_positions": [
      0.2,
      0.35,
      0.5,
      0.65,
      0.8
    ],
    "placement_type": "shifted",
    "sigma": 0.1,
    "n_x": 50,
    "T": 0.5,
    "lambda": 2.0,
    "c": 1.0,
    "m": 5,
    "n_t": 50,
    "seed": 101,
    "delta": 0.05,
    "alpha": 0.001,
    "M": 2000,
    "R": 100,
    "n": 250,
    "Delta_x": 0.02,
    "Delta_t": 0.01020408163265306,
    "mcmc_n_steps": 10000,
    "mcmc_n_burn": 2000,
    "is_baseline": false
  },
  "status": "success",
  "dataset": {
    "kappa_star": [
      2.3073951969585615,
      2.4973365540384895,
      0.5996597926733394,
      1.1003257967878608,
      2.898469435940594
    ],
    "n_observations": 250
  },
  "mcmc": {
    "acceptance_rate": 0.5681066666666666,
    "ess_min": 426.2199251086655,
    "ess_mean": 557.5671773449344,
    "ess_per_coord": [
      821.56360473858,
      541.1561553741304,
      544.0534870450211,
      426.2199251086655,
      454.84271445827517
    ],
    "n_chunks": 5,
    "total_steps": 25000,
    "converged": true,
    "efficiency": 0.01704879700434662,
    "n_forward_evals": 25000
  },
  "certificate": {
    "L_hat": 441.5358192432618,
    "KL": 0.0,
    "eta_h": 0.0002,
    "delta_term": 0.0059914645471079815,
    "B_lambda": 441.5420107078089,
    "components": {
      "empirical_term": 441.5358192432618,
      "kl_term": 0.0,
      "discretization_term": 0.0002,
      "confidence_term": 0.0059914645471079815
    },
    "valid": true
  },
  "posterior_summary": {
    "mean": [
      1.8126179798865496,
      2.849926192694578,
      2.4335405582829264,
      2.208151129362383,
      1.47671899823053
    ],
    "std": [
      0.04507181061610316,
      0.036341405362394996,
      0.02734474879488127,
      0.03449926293571883,
      0.04170774133699767
    ]
  },
  "performance": {
    "runtime": 1584.5334351062775,
    "test_log_posterior": -16198.350458401008
  }
}