{
  "experiment_id": "s5_sigma0.2_nx50_T0.5_lam2.0_m3_seed303",
  "config": {
    "s": 5,
    "sensor_positions": [
      0.2,
      0.35,
      0.5,
      0.65,
      0.8
    ],
    "placement_type": "shifted",
    "sigma": 0.2,
    "n_x": 50,
    "T": 0.5,
    "lambda": 2.0,
    "c": 1.0,
    "m": 3,
    "n_t": 50,
    "seed": 303,
    "delta": 0.05,
    "alpha": 0.001,
    "M": 2000,
    "R": 100,
    "n": 250,
    "Delta_x": 0.02,
    "Delta_t": 0.01020408163265306,
    "mcmc_n_steps": 10000,
    "mcmc_n_burn": 2000,
    "is_baseline": false
  },
  "status": "success",
  "dataset": {
    "kappa_star": [
      3.12551948199565,
      1.4836227496566199,
      2.427779995862962
    ],
    "n_observations": 250
  },
  "mcmc": {
    "acceptance_rate": 0.52935,
    "ess_min": 582.7457524408579,
    "ess_mean": 630.7744519393859,
    "ess_per_coord": [
      645.2224265208556,
      582.7457524408579,
      664.3551768564442
    ],
    "n_chunks": 2,
    "total_steps": 10000,
    "converged": true,
    "efficiency": 0.058274575244085795,
    "n_forward_evals": 10000
  },
  "certificate": {
    "L_hat": 236.8638319765736,
    "KL": 0.0,
    "eta_h": 0.0002,
    "delta_term": 0.0059914645471079815,
    "B_lambda": 236.8700234411207,
    "components": {
      "empirical_term": 236.8638319765736,
      "kl_term": 0.0,
      "discretization_term": 0.0002,
      "confidence_term": 0.0059914645471079815
    },
    "valid": true
  },
  "posterior_summary": {
    "mean": [
      3.3085689845832422,
      2.6240982383597147,
      2.529852068756712
    ],
    "std": [
      0.07931631276386857,
      0.03295173381577858,
      0.07178811440350373
    ]
  },
  "performance": {
    "runtime": 25.152909994125366,
    "test_log_posterior": -1538.3843459173859
  }
}