{
  "experiment_id": "s5_sigma0.1_nx50_T0.3_lam1.0_m3_seed303",
  "config": {
    "s": 5,
    "sensor_positions": [
      0.2,
      0.35,
      0.5,
      0.65,
      0.8
    ],
    "placement_type": "shifted",
    "sigma": 0.1,
    "n_x": 50,
    "T": 0.3,
    "lambda": 1.0,
    "c": 1.0,
    "m": 3,
    "n_t": 100,
    "seed": 303,
    "delta": 0.05,
    "alpha": 0.001,
    "M": 2000,
    "R": 100,
    "n": 500,
    "Delta_x": 0.02,
    "Delta_t": 0.0030303030303030303,
    "mcmc_n_steps": 10000,
    "mcmc_n_burn": 2000,
    "is_baseline": false
  },
  "status": "success",
  "dataset": {
    "kappa_star": [
      3.12551948199565,
      1.4836227496566199,
      2.427779995862962
    ],
    "n_observations": 500
  },
  "mcmc": {
    "acceptance_rate": 0.49705,
    "ess_min": 467.8425721818448,
    "ess_mean": 602.0591710180573,
    "ess_per_coord": [
      467.8425721818448,
      634.7154914203887,
      703.6194494519383
    ],
    "n_chunks": 2,
    "total_steps": 10000,
    "converged": true,
    "efficiency": 0.04678425721818448,
    "n_forward_evals": 10000
  },
  "certificate": {
    "L_hat": 1596.380576925946,
    "KL": 0.0,
    "eta_h": 0.0002,
    "delta_term": 0.0059914645471079815,
    "B_lambda": 1596.386768390493,
    "components": {
      "empirical_term": 1596.380576925946,
      "kl_term": 0.0,
      "discretization_term": 0.0002,
      "confidence_term": 0.0059914645471079815
    },
    "valid": true
  },
  "posterior_summary": {
    "mean": [
      3.3694884338553965,
      2.5706758863414008,
      2.653554492932332
    ],
    "std": [
      0.03130478771041475,
      0.013926842673242889,
      0.029405162485193728
    ]
  },
  "performance": {
    "runtime": 79.21453285217285,
    "test_log_posterior": -7910.388614091905
  }
}