{
  "experiment_id": "s5_sigma0.1_nx100_T0.3_lam2.0_m3_seed202",
  "config": {
    "s": 5,
    "sensor_positions": [
      0.2,
      0.35,
      0.5,
      0.65,
      0.8
    ],
    "placement_type": "shifted",
    "sigma": 0.1,
    "n_x": 100,
    "T": 0.3,
    "lambda": 2.0,
    "c": 1.0,
    "m": 3,
    "n_t": 100,
    "seed": 202,
    "delta": 0.05,
    "alpha": 0.001,
    "M": 2000,
    "R": 100,
    "n": 500,
    "Delta_x": 0.01,
    "Delta_t": 0.0030303030303030303,
    "mcmc_n_steps": 10000,
    "mcmc_n_burn": 2000,
    "is_baseline": false
  },
  "status": "success",
  "dataset": {
    "kappa_star": [
      1.2847216299636934,
      1.4241900884838463,
      3.920764034845088
    ],
    "n_observations": 500
  },
  "mcmc": {
    "acceptance_rate": 0.5325,
    "ess_min": 566.0082467210333,
    "ess_mean": 613.5239062053162,
    "ess_per_coord": [
      651.7995784158193,
      566.0082467210333,
      622.763893479096
    ],
    "n_chunks": 2,
    "total_steps": 10000,
    "converged": true,
    "efficiency": 0.056600824672103325,
    "n_forward_evals": 10000
  },
  "certificate": {
    "L_hat": 1438.8189223895583,
    "KL": 0.0,
    "eta_h": 5e-05,
    "delta_term": 0.0029957322735539907,
    "B_lambda": 1438.821968121832,
    "components": {
      "empirical_term": 1438.8189223895583,
      "kl_term": 0.0,
      "discretization_term": 5e-05,
      "confidence_term": 0.0029957322735539907
    },
    "valid": true
  },
  "posterior_summary": {
    "mean": [
      1.3840647635213055,
      2.3754795455636875,
      4.319856937299414
    ],
    "std": [
      0.016410518494927924,
      0.009328823588304853,
      0.024250629218635175
    ]
  },
  "performance": {
    "runtime": 49.21679377555847,
    "test_log_posterior": -13053.882003658298
  }
}