{
  "experiment_id": "s5_sigma0.1_nx50_T0.3_lam0.5_m5_seed101",
  "config": {
    "s": 5,
    "sensor_positions": [
      0.2,
      0.35,
      0.5,
      0.65,
      0.8
    ],
    "placement_type": "shifted",
    "sigma": 0.1,
    "n_x": 50,
    "T": 0.3,
    "lambda": 0.5,
    "c": 1.0,
    "m": 5,
    "n_t": 100,
    "seed": 101,
    "delta": 0.05,
    "alpha": 0.001,
    "M": 2000,
    "R": 100,
    "n": 500,
    "Delta_x": 0.02,
    "Delta_t": 0.0030303030303030303,
    "mcmc_n_steps": 10000,
    "mcmc_n_burn": 2000,
    "is_baseline": false
  },
  "status": "success",
  "dataset": {
    "kappa_star": [
      2.3073951969585615,
      2.4973365540384895,
      0.5996597926733394,
      1.1003257967878608,
      2.898469435940594
    ],
    "n_observations": 500
  },
  "mcmc": {
    "acceptance_rate": 0.4722555555555556,
    "ess_min": 423.4499775404071,
    "ess_mean": 648.6839585943475,
    "ess_per_coord": [
      1008.2773270541261,
      777.8916154336277,
      541.4114037085287,
      423.4499775404071,
      492.38946923504824
    ],
    "n_chunks": 6,
    "total_steps": 30000,
    "converged": true,
    "efficiency": 0.014114999251346903,
    "n_forward_evals": 30000
  },
  "certificate": {
    "L_hat": 539.5363352428636,
    "KL": 0.0,
    "eta_h": 0.0002,
    "delta_term": 0.011982929094215963,
    "B_lambda": 539.5485181719578,
    "components": {
      "empirical_term": 539.5363352428636,
      "kl_term": 0.0,
      "discretization_term": 0.0002,
      "confidence_term": 0.011982929094215963
    },
    "valid": true
  },
  "posterior_summary": {
    "mean": [
      1.648661463233171,
      2.974379020156245,
      2.3336709067547967,
      2.2363383637691054,
      1.4864180458663234
    ],
    "std": [
      0.047148261227659936,
      0.04492755615550887,
      0.037619417348830717,
      0.046707498955863264,
      0.056926580490470585
    ]
  },
  "performance": {
    "runtime": 390.863970041275,
    "test_log_posterior": -10819.555187271118
  }
}