{
  "experiment_id": "s5_sigma0.1_nx100_T0.5_lam0.5_m5_seed303",
  "config": {
    "s": 5,
    "sensor_positions": [
      0.2,
      0.35,
      0.5,
      0.65,
      0.8
    ],
    "placement_type": "shifted",
    "sigma": 0.1,
    "n_x": 100,
    "T": 0.5,
    "lambda": 0.5,
    "c": 1.0,
    "m": 5,
    "n_t": 100,
    "seed": 303,
    "delta": 0.05,
    "alpha": 0.001,
    "M": 2000,
    "R": 100,
    "n": 500,
    "Delta_x": 0.01,
    "Delta_t": 0.005050505050505051,
    "mcmc_n_steps": 10000,
    "mcmc_n_burn": 2000,
    "is_baseline": false
  },
  "status": "success",
  "dataset": {
    "kappa_star": [
      3.12551948199565,
      1.4836227496566199,
      2.427779995862962,
      3.3381215081208255,
      2.6741059937440994
    ],
    "n_observations": 500
  },
  "mcmc": {
    "acceptance_rate": 0.5229333333333334,
    "ess_min": 456.63585387398854,
    "ess_mean": 539.5068105230143,
    "ess_per_coord": [
      456.63585387398854,
      462.0428049549386,
      460.4761877670363,
      590.0854857489807,
      728.2937202701272
    ],
    "n_chunks": 3,
    "total_steps": 15000,
    "converged": true,
    "efficiency": 0.0304423902582659,
    "n_forward_evals": 15000
  },
  "certificate": {
    "L_hat": 7833.322413997827,
    "KL": 0.0,
    "eta_h": 5e-05,
    "delta_term": 0.011982929094215963,
    "B_lambda": 7833.334446926921,
    "components": {
      "empirical_term": 7833.322413997827,
      "kl_term": 0.0,
      "discretization_term": 5e-05,
      "confidence_term": 0.011982929094215963
    },
    "valid": true
  },
  "posterior_summary": {
    "mean": [
      2.046582098868118,
      3.4552987847546905,
      4.131059220044006,
      4.054873069690014,
      2.7812435997034424
    ],
    "std": [
      0.04760968006859867,
      0.034126838784826294,
      0.03306465810742467,
      0.0401979678067347,
      0.061048302172464146
    ]
  },
  "performance": {
    "runtime": 170.22566509246826,
    "test_log_posterior": -12157.634371223754
  }
}