{
  "experiment_id": "s5_sigma0.05_nx50_T0.5_lam2.0_m5_seed303",
  "config": {
    "s": 5,
    "sensor_positions": [
      0.1,
      0.3,
      0.5,
      0.7,
      0.9
    ],
    "placement_type": "fixed",
    "sigma": 0.05,
    "n_x": 50,
    "T": 0.5,
    "lambda": 2.0,
    "c": 1.0,
    "m": 5,
    "n_t": 100,
    "seed": 303,
    "delta": 0.05,
    "alpha": 0.001,
    "M": 2000,
    "R": 100,
    "n": 500,
    "Delta_x": 0.02,
    "Delta_t": 0.005050505050505051,
    "mcmc_n_steps": 10000,
    "mcmc_n_burn": 2000,
    "is_baseline": false
  },
  "status": "success",
  "dataset": {
    "kappa_star": [
      3.12551948199565,
      1.4836227496566199,
      2.427779995862962,
      3.3381215081208255,
      2.6741059937440994
    ],
    "n_observations": 500
  },
  "mcmc": {
    "acceptance_rate": 0.5263111111111112,
    "ess_min": 514.3526326697896,
    "ess_mean": 696.9031434246049,
    "ess_per_coord": [
      868.0364054011218,
      672.4231750692365,
      682.8534940246168,
      514.3526326697896,
      746.8500099582598
    ],
    "n_chunks": 3,
    "total_steps": 15000,
    "converged": true,
    "efficiency": 0.034290175511319305,
    "n_forward_evals": 15000
  },
  "certificate": {
    "L_hat": 27174.521578669744,
    "KL": 0.0,
    "eta_h": 0.0002,
    "delta_term": 0.0029957322735539907,
    "B_lambda": 27174.524774402016,
    "components": {
      "empirical_term": 27174.521578669744,
      "kl_term": 0.0,
      "discretization_term": 0.0002,
      "confidence_term": 0.0029957322735539907
    },
    "valid": true
  },
  "posterior_summary": {
    "mean": [
      3.3646718524417967,
      3.557746116095517,
      4.009977489649424,
      4.217198033069176,
      4.14345945984808
    ],
    "std": [
      0.020520865008581714,
      0.010123421333832887,
      0.008803590131024304,
      0.012423571211513948,
      0.021323552974284492
    ]
  },
  "performance": {
    "runtime": 196.72140336036682,
    "test_log_posterior": -174503.65648495316
  }
}