{
  "experiment_id": "s5_sigma0.2_nx50_T0.5_lam0.5_m5_seed202",
  "config": {
    "s": 5,
    "sensor_positions": [
      0.2,
      0.35,
      0.5,
      0.65,
      0.8
    ],
    "placement_type": "shifted",
    "sigma": 0.2,
    "n_x": 50,
    "T": 0.5,
    "lambda": 0.5,
    "c": 1.0,
    "m": 5,
    "n_t": 50,
    "seed": 202,
    "delta": 0.05,
    "alpha": 0.001,
    "M": 2000,
    "R": 100,
    "n": 250,
    "Delta_x": 0.02,
    "Delta_t": 0.01020408163265306,
    "mcmc_n_steps": 10000,
    "mcmc_n_burn": 2000,
    "is_baseline": false
  },
  "status": "success",
  "dataset": {
    "kappa_star": [
      1.2847216299636934,
      1.4241900884838463,
      3.920764034845088,
      3.9752807832159958,
      3.9824723567684557
    ],
    "n_observations": 250
  },
  "mcmc": {
    "acceptance_rate": 0.5219777777777778,
    "ess_min": 561.4449468058085,
    "ess_mean": 857.2967027909714,
    "ess_per_coord": [
      1067.5693706511474,
      752.477766171163,
      818.2157747771097,
      561.4449468058085,
      1086.775655549628
    ],
    "n_chunks": 3,
    "total_steps": 15000,
    "converged": true,
    "efficiency": 0.03742966312038724,
    "n_forward_evals": 15000
  },
  "certificate": {
    "L_hat": 1317.4164718595314,
    "KL": 0.0,
    "eta_h": 0.0002,
    "delta_term": 0.023965858188431926,
    "B_lambda": 1317.4406377177197,
    "components": {
      "empirical_term": 1317.4164718595314,
      "kl_term": 0.0,
      "discretization_term": 0.0002,
      "confidence_term": 0.023965858188431926
    },
    "valid": true
  },
  "posterior_summary": {
    "mean": [
      1.1172803720682305,
      3.7028239073811178,
      4.9700214103374565,
      4.967009057353673,
      4.100786608034117
    ],
    "std": [
      0.10936211060467677,
      0.09384456578190711,
      0.02562017259124468,
      0.032468791700404245,
      0.1676628494082038
    ]
  },
  "performance": {
    "runtime": 86.26781105995178,
    "test_log_posterior": -1649.890219478529
  }
}