{
  "experiment_id": "s3_sigma0.05_nx100_T0.5_lam1.0_m5_seed101",
  "config": {
    "s": 3,
    "sensor_positions": [
      0.2,
      0.5,
      0.8
    ],
    "placement_type": "shifted",
    "sigma": 0.05,
    "n_x": 100,
    "T": 0.5,
    "lambda": 1.0,
    "c": 1.0,
    "m": 5,
    "n_t": 50,
    "seed": 101,
    "delta": 0.05,
    "alpha": 0.001,
    "M": 2000,
    "R": 100,
    "n": 150,
    "Delta_x": 0.01,
    "Delta_t": 0.01020408163265306,
    "mcmc_n_steps": 10000,
    "mcmc_n_burn": 2000,
    "is_baseline": false
  },
  "status": "success",
  "dataset": {
    "kappa_star": [
      2.3073951969585615,
      2.4973365540384895,
      0.5996597926733394,
      1.1003257967878608,
      2.898469435940594
    ],
    "n_observations": 150
  },
  "mcmc": {
    "acceptance_rate": 0.4103904761904762,
    "ess_min": 431.1854102779209,
    "ess_mean": 535.669584949081,
    "ess_per_coord": [
      550.3738491188811,
      431.1854102779209,
      631.5224775591813,
      525.2243607643477,
      540.0418270250743
    ],
    "n_chunks": 7,
    "total_steps": 35000,
    "converged": true,
    "efficiency": 0.01231958315079774,
    "n_forward_evals": 35000
  },
  "certificate": {
    "L_hat": 534.6181613927964,
    "KL": 0.0,
    "eta_h": 5e-05,
    "delta_term": 0.01997154849035994,
    "B_lambda": 534.6381829412868,
    "components": {
      "empirical_term": 534.6181613927964,
      "kl_term": 0.0,
      "discretization_term": 5e-05,
      "confidence_term": 0.01997154849035994
    },
    "valid": true
  },
  "posterior_summary": {
    "mean": [
      2.038652675059547,
      2.4019544442345473,
      2.404263535689477,
      2.5170897382074044,
      1.2587722406422126
    ],
    "std": [
      0.06463298736294978,
      0.05886793557140925,
      0.026559859611774993,
      0.04769388854374385,
      0.038572243326161285
    ]
  },
  "performance": {
    "runtime": 127.89738607406616,
    "test_log_posterior": -16987.573180100873
  }
}