{
  "experiment_id": "s5_sigma0.05_nx50_T0.5_lam1.0_m5_seed202",
  "config": {
    "s": 5,
    "sensor_positions": [
      0.1,
      0.3,
      0.5,
      0.7,
      0.9
    ],
    "placement_type": "fixed",
    "sigma": 0.05,
    "n_x": 50,
    "T": 0.5,
    "lambda": 1.0,
    "c": 1.0,
    "m": 5,
    "n_t": 100,
    "seed": 202,
    "delta": 0.05,
    "alpha": 0.001,
    "M": 2000,
    "R": 100,
    "n": 500,
    "Delta_x": 0.02,
    "Delta_t": 0.005050505050505051,
    "mcmc_n_steps": 10000,
    "mcmc_n_burn": 2000,
    "is_baseline": false
  },
  "status": "success",
  "dataset": {
    "kappa_star": [
      1.2847216299636934,
      1.4241900884838463,
      3.920764034845088,
      3.9752807832159958,
      3.9824723567684557
    ],
    "n_observations": 500
  },
  "mcmc": {
    "acceptance_rate": 0.026158333333333336,
    "ess_min": 17.495797127240337,
    "ess_mean": 289.338236038133,
    "ess_per_coord": [
      780.6040524984737,
      594.1794203285887,
      31.038951598685834,
      17.495797127240337,
      23.372958637676472
    ],
    "n_chunks": 8,
    "total_steps": 40000,
    "converged": false,
    "efficiency": 0.0004373949281810084,
    "n_forward_evals": 40000
  },
  "certificate": {
    "L_hat": 35778.64472536158,
    "KL": 0.0,
    "eta_h": 0.0002,
    "delta_term": 0.0059914645471079815,
    "B_lambda": 35778.650916826125,
    "components": {
      "empirical_term": 35778.64472536158,
      "kl_term": 0.0,
      "discretization_term": 0.0002,
      "confidence_term": 0.0059914645471079815
    },
    "valid": true
  },
  "posterior_summary": {
    "mean": [
      2.2224100412894545,
      3.667189363400745,
      4.999231753764937,
      4.9996828865694205,
      4.997096235672808
    ],
    "std": [
      0.022566636597369263,
      0.016209187698044015,
      0.0006767380627408063,
      0.0004246732805810192,
      0.0006663193289819208
    ]
  },
  "performance": {
    "runtime": 529.4993650913239,
    "test_log_posterior": -92095.65806576928
  }
}