{
  "experiment_id": "s5_sigma0.05_nx100_T0.3_lam0.5_m3_seed303",
  "config": {
    "s": 5,
    "sensor_positions": [
      0.2,
      0.35,
      0.5,
      0.65,
      0.8
    ],
    "placement_type": "shifted",
    "sigma": 0.05,
    "n_x": 100,
    "T": 0.3,
    "lambda": 0.5,
    "c": 1.0,
    "m": 3,
    "n_t": 50,
    "seed": 303,
    "delta": 0.05,
    "alpha": 0.001,
    "M": 2000,
    "R": 100,
    "n": 250,
    "Delta_x": 0.01,
    "Delta_t": 0.006122448979591836,
    "mcmc_n_steps": 10000,
    "mcmc_n_burn": 2000,
    "is_baseline": false
  },
  "status": "success",
  "dataset": {
    "kappa_star": [
      3.12551948199565,
      1.4836227496566199,
      2.427779995862962
    ],
    "n_observations": 250
  },
  "mcmc": {
    "acceptance_rate": 0.49265000000000003,
    "ess_min": 520.2608400508075,
    "ess_mean": 541.8766558082967,
    "ess_per_coord": [
      521.1078473999144,
      520.2608400508075,
      584.2612799741684
    ],
    "n_chunks": 2,
    "total_steps": 10000,
    "converged": true,
    "efficiency": 0.05202608400508075,
    "n_forward_evals": 10000
  },
  "certificate": {
    "L_hat": 2654.7212602384097,
    "KL": 0.0,
    "eta_h": 5e-05,
    "delta_term": 0.023965858188431926,
    "B_lambda": 2654.7452760965984,
    "components": {
      "empirical_term": 2654.7212602384097,
      "kl_term": 0.0,
      "discretization_term": 5e-05,
      "confidence_term": 0.023965858188431926
    },
    "valid": true
  },
  "posterior_summary": {
    "mean": [
      3.363299181090187,
      2.586559846196999,
      2.6010673333524412
    ],
    "std": [
      0.0331944017031417,
      0.01264137116245657,
      0.028084112887215157
    ]
  },
  "performance": {
    "runtime": 40.48493003845215,
    "test_log_posterior": -7701.590033368621
  }
}