{
  "experiment_id": "s5_sigma0.1_nx50_T0.3_lam2.0_m3_seed101",
  "config": {
    "s": 5,
    "sensor_positions": [
      0.1,
      0.3,
      0.5,
      0.7,
      0.9
    ],
    "placement_type": "fixed",
    "sigma": 0.1,
    "n_x": 50,
    "T": 0.3,
    "lambda": 2.0,
    "c": 1.0,
    "m": 3,
    "n_t": 100,
    "seed": 101,
    "delta": 0.05,
    "alpha": 0.001,
    "M": 2000,
    "R": 100,
    "n": 500,
    "Delta_x": 0.02,
    "Delta_t": 0.0030303030303030303,
    "mcmc_n_steps": 10000,
    "mcmc_n_burn": 2000,
    "is_baseline": false
  },
  "status": "success",
  "dataset": {
    "kappa_star": [
      2.3073951969585615,
      2.4973365540384895,
      0.5996597926733394
    ],
    "n_observations": 500
  },
  "mcmc": {
    "acceptance_rate": 0.5264,
    "ess_min": 599.3819913694194,
    "ess_mean": 704.0805610174749,
    "ess_per_coord": [
      599.3819913694194,
      701.6262895811784,
      811.233402101827
    ],
    "n_chunks": 2,
    "total_steps": 10000,
    "converged": true,
    "efficiency": 0.05993819913694194,
    "n_forward_evals": 10000
  },
  "certificate": {
    "L_hat": 590.1076811800806,
    "KL": 0.0,
    "eta_h": 0.0002,
    "delta_term": 0.0029957322735539907,
    "B_lambda": 590.1108769123541,
    "components": {
      "empirical_term": 590.1076811800806,
      "kl_term": 0.0,
      "discretization_term": 0.0002,
      "confidence_term": 0.0029957322735539907
    },
    "valid": true
  },
  "posterior_summary": {
    "mean": [
      2.557421014678175,
      3.4605662456876987,
      1.085137815869254
    ],
    "std": [
      0.01723909536335896,
      0.013987087315131336,
      0.01109240111443696
    ]
  },
  "performance": {
    "runtime": 48.15634202957153,
    "test_log_posterior": -6749.750205997311
  }
}