{
  "experiment_id": "s5_sigma0.1_nx100_T0.3_lam0.5_m3_seed101",
  "config": {
    "s": 5,
    "sensor_positions": [
      0.2,
      0.35,
      0.5,
      0.65,
      0.8
    ],
    "placement_type": "shifted",
    "sigma": 0.1,
    "n_x": 100,
    "T": 0.3,
    "lambda": 0.5,
    "c": 1.0,
    "m": 3,
    "n_t": 100,
    "seed": 101,
    "delta": 0.05,
    "alpha": 0.001,
    "M": 2000,
    "R": 100,
    "n": 500,
    "Delta_x": 0.01,
    "Delta_t": 0.0030303030303030303,
    "mcmc_n_steps": 10000,
    "mcmc_n_burn": 2000,
    "is_baseline": false
  },
  "status": "success",
  "dataset": {
    "kappa_star": [
      2.3073951969585615,
      2.4973365540384895,
      0.5996597926733394
    ],
    "n_observations": 500
  },
  "mcmc": {
    "acceptance_rate": 0.51315,
    "ess_min": 423.42308206453623,
    "ess_mean": 518.7272063333675,
    "ess_per_coord": [
      622.336078988343,
      423.42308206453623,
      510.4224579472228
    ],
    "n_chunks": 2,
    "total_steps": 10000,
    "converged": true,
    "efficiency": 0.04234230820645362,
    "n_forward_evals": 10000
  },
  "certificate": {
    "L_hat": 1898.3326311278297,
    "KL": 0.0,
    "eta_h": 5e-05,
    "delta_term": 0.011982929094215963,
    "B_lambda": 1898.344664056924,
    "components": {
      "empirical_term": 1898.3326311278297,
      "kl_term": 0.0,
      "discretization_term": 5e-05,
      "confidence_term": 0.011982929094215963
    },
    "valid": true
  },
  "posterior_summary": {
    "mean": [
      3.067291279194152,
      2.7656214155613106,
      0.9847937820038498
    ],
    "std": [
      0.04478612153164875,
      0.020501340742465946,
      0.030424501512943843
    ]
  },
  "performance": {
    "runtime": 48.40297508239746,
    "test_log_posterior": -1626.5945919236253
  }
}