{
  "experiment_id": "s5_sigma0.1_nx50_T0.3_lam2.0_m5_seed303",
  "config": {
    "s": 5,
    "sensor_positions": [
      0.2,
      0.35,
      0.5,
      0.65,
      0.8
    ],
    "placement_type": "shifted",
    "sigma": 0.1,
    "n_x": 50,
    "T": 0.3,
    "lambda": 2.0,
    "c": 1.0,
    "m": 5,
    "n_t": 50,
    "seed": 303,
    "delta": 0.05,
    "alpha": 0.001,
    "M": 2000,
    "R": 100,
    "n": 250,
    "Delta_x": 0.02,
    "Delta_t": 0.006122448979591836,
    "mcmc_n_steps": 10000,
    "mcmc_n_burn": 2000,
    "is_baseline": false
  },
  "status": "success",
  "dataset": {
    "kappa_star": [
      3.12551948199565,
      1.4836227496566199,
      2.427779995862962,
      3.3381215081208255,
      2.6741059937440994
    ],
    "n_observations": 250
  },
  "mcmc": {
    "acceptance_rate": 0.5299833333333334,
    "ess_min": 511.4481283855878,
    "ess_mean": 642.5001551687003,
    "ess_per_coord": [
      511.4481283855878,
      537.3197801954967,
      643.1357359655253,
      740.3815177763994,
      780.2156135204916
    ],
    "n_chunks": 4,
    "total_steps": 20000,
    "converged": true,
    "efficiency": 0.025572406419279388,
    "n_forward_evals": 20000
  },
  "certificate": {
    "L_hat": 2718.0652734531377,
    "KL": 0.0,
    "eta_h": 0.0002,
    "delta_term": 0.0059914645471079815,
    "B_lambda": 2718.071464917685,
    "components": {
      "empirical_term": 2718.0652734531377,
      "kl_term": 0.0,
      "discretization_term": 0.0002,
      "confidence_term": 0.0059914645471079815
    },
    "valid": true
  },
  "posterior_summary": {
    "mean": [
      1.7792705470993782,
      3.6022456215928598,
      4.39785930623405,
      4.332048492885814,
      2.4365728062708856
    ],
    "std": [
      0.028078407732316804,
      0.022397968643521386,
      0.023699998716221676,
      0.028846155514106516,
      0.029548820552365185
    ]
  },
  "performance": {
    "runtime": 188.0644097328186,
    "test_log_posterior": -34647.51325599442
  }
}