{
  "experiment_id": "s5_sigma0.2_nx50_T0.5_lam1.0_m5_seed101",
  "config": {
    "s": 5,
    "sensor_positions": [
      0.1,
      0.3,
      0.5,
      0.7,
      0.9
    ],
    "placement_type": "fixed",
    "sigma": 0.2,
    "n_x": 50,
    "T": 0.5,
    "lambda": 1.0,
    "c": 1.0,
    "m": 5,
    "n_t": 100,
    "seed": 101,
    "delta": 0.05,
    "alpha": 0.001,
    "M": 2000,
    "R": 100,
    "n": 500,
    "Delta_x": 0.02,
    "Delta_t": 0.005050505050505051,
    "mcmc_n_steps": 10000,
    "mcmc_n_burn": 2000,
    "is_baseline": false
  },
  "status": "success",
  "dataset": {
    "kappa_star": [
      2.3073951969585615,
      2.4973365540384895,
      0.5996597926733394,
      1.1003257967878608,
      2.898469435940594
    ],
    "n_observations": 500
  },
  "mcmc": {
    "acceptance_rate": 0.5794666666666667,
    "ess_min": 530.5878865519047,
    "ess_mean": 809.087834855176,
    "ess_per_coord": [
      1322.2696604672658,
      807.1241437967145,
      812.7010732723668,
      530.5878865519047,
      572.7564101876284
    ],
    "n_chunks": 5,
    "total_steps": 25000,
    "converged": true,
    "efficiency": 0.021223515462076188,
    "n_forward_evals": 25000
  },
  "certificate": {
    "L_hat": 432.0403236806477,
    "KL": 0.0,
    "eta_h": 0.0002,
    "delta_term": 0.0059914645471079815,
    "B_lambda": 432.0465151451948,
    "components": {
      "empirical_term": 432.0403236806477,
      "kl_term": 0.0,
      "discretization_term": 0.0002,
      "confidence_term": 0.0059914645471079815
    },
    "valid": true
  },
  "posterior_summary": {
    "mean": [
      3.268971098527711,
      2.877280660933272,
      2.3015378535180506,
      2.210612086044468,
      2.8785736863479765
    ],
    "std": [
      0.13157097180996408,
      0.06905352068210188,
      0.047441943458510515,
      0.0729747352689784,
      0.1431057373446902
    ]
  },
  "performance": {
    "runtime": 287.8515729904175,
    "test_log_posterior": -3635.5720535841215
  }
}