{
  "experiment_id": "s5_sigma0.2_nx100_T0.5_lam1.0_m5_seed202",
  "config": {
    "s": 5,
    "sensor_positions": [
      0.1,
      0.3,
      0.5,
      0.7,
      0.9
    ],
    "placement_type": "fixed",
    "sigma": 0.2,
    "n_x": 100,
    "T": 0.5,
    "lambda": 1.0,
    "c": 1.0,
    "m": 5,
    "n_t": 50,
    "seed": 202,
    "delta": 0.05,
    "alpha": 0.001,
    "M": 2000,
    "R": 100,
    "n": 250,
    "Delta_x": 0.01,
    "Delta_t": 0.01020408163265306,
    "mcmc_n_steps": 10000,
    "mcmc_n_burn": 2000,
    "is_baseline": false
  },
  "status": "success",
  "dataset": {
    "kappa_star": [
      1.2847216299636934,
      1.4241900884838463,
      3.920764034845088,
      3.9752807832159958,
      3.9824723567684557
    ],
    "n_observations": 250
  },
  "mcmc": {
    "acceptance_rate": 0.34570833333333334,
    "ess_min": 448.38310552803233,
    "ess_mean": 1371.820874943934,
    "ess_per_coord": [
      448.38310552803233,
      787.5720530887002,
      2661.196271774105,
      2023.802902375245,
      938.1500419535876
    ],
    "n_chunks": 8,
    "total_steps": 40000,
    "converged": true,
    "efficiency": 0.011209577638200808,
    "n_forward_evals": 40000
  },
  "certificate": {
    "L_hat": 1179.390518387679,
    "KL": 0.0,
    "eta_h": 5e-05,
    "delta_term": 0.011982929094215963,
    "B_lambda": 1179.4025513167735,
    "components": {
      "empirical_term": 1179.390518387679,
      "kl_term": 0.0,
      "discretization_term": 5e-05,
      "confidence_term": 0.011982929094215963
    },
    "valid": true
  },
  "posterior_summary": {
    "mean": [
      2.287977374196935,
      3.7376817860992655,
      4.984623051091545,
      4.992363438463624,
      4.979743277015102
    ],
    "std": [
      0.12642257605101923,
      0.07870775220603198,
      0.014928955388841219,
      0.006637565266999619,
      0.021072395956605247
    ]
  },
  "performance": {
    "runtime": 246.09144496917725,
    "test_log_posterior": -3019.5871789111343
  }
}