{
  "experiment_id": "s3_sigma0.1_nx100_T0.5_lam1.0_m5_seed202",
  "config": {
    "s": 3,
    "sensor_positions": [
      0.25,
      0.5,
      0.75
    ],
    "placement_type": "fixed",
    "sigma": 0.1,
    "n_x": 100,
    "T": 0.5,
    "lambda": 1.0,
    "c": 1.0,
    "m": 5,
    "n_t": 100,
    "seed": 202,
    "delta": 0.05,
    "alpha": 0.001,
    "M": 2000,
    "R": 100,
    "n": 300,
    "Delta_x": 0.01,
    "Delta_t": 0.005050505050505051,
    "mcmc_n_steps": 10000,
    "mcmc_n_burn": 2000,
    "is_baseline": false
  },
  "status": "success",
  "dataset": {
    "kappa_star": [
      1.2847216299636934,
      1.4241900884838463,
      3.920764034845088,
      3.9752807832159958,
      3.9824723567684557
    ],
    "n_observations": 300
  },
  "mcmc": {
    "acceptance_rate": 0.11310833333333337,
    "ess_min": 198.97628096879077,
    "ess_mean": 1134.125327106802,
    "ess_per_coord": [
      1756.228591031627,
      1409.1492566304316,
      1256.8339485044032,
      1049.438558398757,
      198.97628096879077
    ],
    "n_chunks": 8,
    "total_steps": 40000,
    "converged": false,
    "efficiency": 0.0049744070242197696,
    "n_forward_evals": 40000
  },
  "certificate": {
    "L_hat": 6483.004690287949,
    "KL": 0.0,
    "eta_h": 5e-05,
    "delta_term": 0.00998577424517997,
    "B_lambda": 6483.014726062194,
    "components": {
      "empirical_term": 6483.004690287949,
      "kl_term": 0.0,
      "discretization_term": 5e-05,
      "confidence_term": 0.00998577424517997
    },
    "valid": true
  },
  "posterior_summary": {
    "mean": [
      1.8050533669924436,
      3.688652334372064,
      4.996697981024727,
      4.997442600385565,
      4.995023309777199
    ],
    "std": [
      0.04918871684047064,
      0.03839721577125589,
      0.003132923470642701,
      0.0024765515819112492,
      0.004210508701550496
    ]
  },
  "performance": {
    "runtime": 320.6757411956787,
    "test_log_posterior": -16969.067283775195
  }
}