{
  "experiment_id": "s5_sigma0.1_nx100_T0.3_lam1.0_m3_seed202",
  "config": {
    "s": 5,
    "sensor_positions": [
      0.1,
      0.3,
      0.5,
      0.7,
      0.9
    ],
    "placement_type": "fixed",
    "sigma": 0.1,
    "n_x": 100,
    "T": 0.3,
    "lambda": 1.0,
    "c": 1.0,
    "m": 3,
    "n_t": 50,
    "seed": 202,
    "delta": 0.05,
    "alpha": 0.001,
    "M": 2000,
    "R": 100,
    "n": 250,
    "Delta_x": 0.01,
    "Delta_t": 0.006122448979591836,
    "mcmc_n_steps": 10000,
    "mcmc_n_burn": 2000,
    "is_baseline": false
  },
  "status": "success",
  "dataset": {
    "kappa_star": [
      1.2847216299636934,
      1.4241900884838463,
      3.920764034845088
    ],
    "n_observations": 250
  },
  "mcmc": {
    "acceptance_rate": 0.5165000000000001,
    "ess_min": 561.8484721464265,
    "ess_mean": 637.7130596442729,
    "ess_per_coord": [
      622.9548354400989,
      561.8484721464265,
      728.3358713462933
    ],
    "n_chunks": 2,
    "total_steps": 10000,
    "converged": true,
    "efficiency": 0.05618484721464265,
    "n_forward_evals": 10000
  },
  "certificate": {
    "L_hat": 214.22180883646666,
    "KL": 0.0,
    "eta_h": 5e-05,
    "delta_term": 0.011982929094215963,
    "B_lambda": 214.23384176556087,
    "components": {
      "empirical_term": 214.22180883646666,
      "kl_term": 0.0,
      "discretization_term": 5e-05,
      "confidence_term": 0.011982929094215963
    },
    "valid": true
  },
  "posterior_summary": {
    "mean": [
      1.3219005312561967,
      2.9857431697766295,
      3.244173390622301
    ],
    "std": [
      0.02527227540883325,
      0.025348918055389875,
      0.03350559902888521
    ]
  },
  "performance": {
    "runtime": 43.712234020233154,
    "test_log_posterior": -2499.5446716857464
  }
}