{
  "experiment_id": "s3_sigma0.1_nx50_T0.3_lam1.0_m5_seed202",
  "config": {
    "s": 3,
    "sensor_positions": [
      0.2,
      0.5,
      0.8
    ],
    "placement_type": "shifted",
    "sigma": 0.1,
    "n_x": 50,
    "T": 0.3,
    "lambda": 1.0,
    "c": 1.0,
    "m": 5,
    "n_t": 50,
    "seed": 202,
    "delta": 0.05,
    "alpha": 0.001,
    "M": 2000,
    "R": 100,
    "n": 150,
    "Delta_x": 0.02,
    "Delta_t": 0.006122448979591836,
    "mcmc_n_steps": 10000,
    "mcmc_n_burn": 2000,
    "is_baseline": false
  },
  "status": "success",
  "dataset": {
    "kappa_star": [
      1.2847216299636934,
      1.4241900884838463,
      3.920764034845088,
      3.9752807832159958,
      3.9824723567684557
    ],
    "n_observations": 150
  },
  "mcmc": {
    "acceptance_rate": 0.3138666666666667,
    "ess_min": 442.7698847723983,
    "ess_mean": 799.763946490702,
    "ess_per_coord": [
      499.91736674136376,
      442.7698847723983,
      831.414667328223,
      731.7231870600376,
      1492.9946265514873
    ],
    "n_chunks": 3,
    "total_steps": 15000,
    "converged": true,
    "efficiency": 0.029517992318159887,
    "n_forward_evals": 15000
  },
  "certificate": {
    "L_hat": 2168.293310830642,
    "KL": 0.0,
    "eta_h": 0.0002,
    "delta_term": 0.01997154849035994,
    "B_lambda": 2168.3134823791324,
    "components": {
      "empirical_term": 2168.293310830642,
      "kl_term": 0.0,
      "discretization_term": 0.0002,
      "confidence_term": 0.01997154849035994
    },
    "valid": true
  },
  "posterior_summary": {
    "mean": [
      0.43586974231795694,
      4.50560278798963,
      4.997598007144274,
      4.993531283583472,
      3.735577642658598
    ],
    "std": [
      0.030838885542276356,
      0.04783300694379618,
      0.0026279467836119153,
      0.005878385908609009,
      0.04626566391603493
    ]
  },
  "performance": {
    "runtime": 57.393879890441895,
    "test_log_posterior": -8307.204451271293
  }
}