{
  "experiment_id": "s3_sigma0.05_nx100_T0.3_lam2.0_m3_seed303",
  "config": {
    "s": 3,
    "sensor_positions": [
      0.25,
      0.5,
      0.75
    ],
    "placement_type": "fixed",
    "sigma": 0.05,
    "n_x": 100,
    "T": 0.3,
    "lambda": 2.0,
    "c": 1.0,
    "m": 3,
    "n_t": 100,
    "seed": 303,
    "delta": 0.05,
    "alpha": 0.001,
    "M": 2000,
    "R": 100,
    "n": 300,
    "Delta_x": 0.01,
    "Delta_t": 0.0030303030303030303,
    "mcmc_n_steps": 10000,
    "mcmc_n_burn": 2000,
    "is_baseline": false
  },
  "status": "success",
  "dataset": {
    "kappa_star": [
      3.12551948199565,
      1.4836227496566199,
      2.427779995862962
    ],
    "n_observations": 300
  },
  "mcmc": {
    "acceptance_rate": 0.5164,
    "ess_min": 532.9794665585739,
    "ess_mean": 645.7508455042886,
    "ess_per_coord": [
      532.9794665585739,
      617.1320186772962,
      787.1410512769958
    ],
    "n_chunks": 2,
    "total_steps": 10000,
    "converged": true,
    "efficiency": 0.05329794665585739,
    "n_forward_evals": 10000
  },
  "certificate": {
    "L_hat": 1405.539354779167,
    "KL": 0.0,
    "eta_h": 5e-05,
    "delta_term": 0.004992887122589985,
    "B_lambda": 1405.5443976662898,
    "components": {
      "empirical_term": 1405.539354779167,
      "kl_term": 0.0,
      "discretization_term": 5e-05,
      "confidence_term": 0.004992887122589985
    },
    "valid": true
  },
  "posterior_summary": {
    "mean": [
      3.2625267542897434,
      3.189036660055964,
      2.6499300558572374
    ],
    "std": [
      0.012015406801731444,
      0.007187558712328556,
      0.009141133921213428
    ]
  },
  "performance": {
    "runtime": 48.708786964416504,
    "test_log_posterior": -46760.2839805166
  }
}