{
  "experiment_id": "s5_sigma0.2_nx50_T0.3_lam1.0_m5_seed202",
  "config": {
    "s": 5,
    "sensor_positions": [
      0.1,
      0.3,
      0.5,
      0.7,
      0.9
    ],
    "placement_type": "fixed",
    "sigma": 0.2,
    "n_x": 50,
    "T": 0.3,
    "lambda": 1.0,
    "c": 1.0,
    "m": 5,
    "n_t": 50,
    "seed": 202,
    "delta": 0.05,
    "alpha": 0.001,
    "M": 2000,
    "R": 100,
    "n": 250,
    "Delta_x": 0.02,
    "Delta_t": 0.006122448979591836,
    "mcmc_n_steps": 10000,
    "mcmc_n_burn": 2000,
    "is_baseline": false
  },
  "status": "success",
  "dataset": {
    "kappa_star": [
      1.2847216299636934,
      1.4241900884838463,
      3.920764034845088,
      3.9752807832159958,
      3.9824723567684557
    ],
    "n_observations": 250
  },
  "mcmc": {
    "acceptance_rate": 0.2414833333333333,
    "ess_min": 201.1722422760343,
    "ess_mean": 1117.0952278667767,
    "ess_per_coord": [
      899.7979427543702,
      1164.6701650583327,
      1978.826193145489,
      1341.009596099657,
      201.1722422760343
    ],
    "n_chunks": 8,
    "total_steps": 40000,
    "converged": false,
    "efficiency": 0.005029306056900857,
    "n_forward_evals": 40000
  },
  "certificate": {
    "L_hat": 1203.0857257442133,
    "KL": 0.0,
    "eta_h": 0.0002,
    "delta_term": 0.011982929094215963,
    "B_lambda": 1203.0979086733075,
    "components": {
      "empirical_term": 1203.0857257442133,
      "kl_term": 0.0,
      "discretization_term": 0.0002,
      "confidence_term": 0.011982929094215963
    },
    "valid": true
  },
  "posterior_summary": {
    "mean": [
      1.802059067673104,
      4.129685342031516,
      4.994617452118669,
      4.997037414937892,
      4.9900271106956335
    ],
    "std": [
      0.11823975261404568,
      0.0825950399619717,
      0.0047510535711634055,
      0.00310682186064301,
      0.010270785114667398
    ]
  },
  "performance": {
    "runtime": 393.64155888557434,
    "test_log_posterior": -4354.764595440512
  }
}