{
  "experiment_id": "s3_sigma0.2_nx100_T0.5_lam2.0_m3_seed303",
  "config": {
    "s": 3,
    "sensor_positions": [
      0.25,
      0.5,
      0.75
    ],
    "placement_type": "fixed",
    "sigma": 0.2,
    "n_x": 100,
    "T": 0.5,
    "lambda": 2.0,
    "c": 1.0,
    "m": 3,
    "n_t": 50,
    "seed": 303,
    "delta": 0.05,
    "alpha": 0.001,
    "M": 2000,
    "R": 100,
    "n": 150,
    "Delta_x": 0.01,
    "Delta_t": 0.01020408163265306,
    "mcmc_n_steps": 10000,
    "mcmc_n_burn": 2000,
    "is_baseline": false
  },
  "status": "success",
  "dataset": {
    "kappa_star": [
      3.12551948199565,
      1.4836227496566199,
      2.427779995862962
    ],
    "n_observations": 150
  },
  "mcmc": {
    "acceptance_rate": 0.4927,
    "ess_min": 626.274584120944,
    "ess_mean": 768.4186549783791,
    "ess_per_coord": [
      626.274584120944,
      732.3200829635447,
      946.6612978506487
    ],
    "n_chunks": 2,
    "total_steps": 10000,
    "converged": true,
    "efficiency": 0.0626274584120944,
    "n_forward_evals": 10000
  },
  "certificate": {
    "L_hat": 127.70628002171478,
    "KL": 0.0,
    "eta_h": 5e-05,
    "delta_term": 0.00998577424517997,
    "B_lambda": 127.71631579595996,
    "components": {
      "empirical_term": 127.70628002171478,
      "kl_term": 0.0,
      "discretization_term": 5e-05,
      "confidence_term": 0.00998577424517997
    },
    "valid": true
  },
  "posterior_summary": {
    "mean": [
      3.2423775956815035,
      3.1422538055502365,
      2.6753967545072266
    ],
    "std": [
      0.06605689312027764,
      0.04737149361548354,
      0.0701914731257385
    ]
  },
  "performance": {
    "runtime": 24.97949504852295,
    "test_log_posterior": -1154.8241135794624
  }
}