{
  "experiment_id": "s5_sigma0.1_nx50_T0.3_lam1.0_m3_seed303",
  "config": {
    "s": 5,
    "sensor_positions": [
      0.1,
      0.3,
      0.5,
      0.7,
      0.9
    ],
    "placement_type": "fixed",
    "sigma": 0.1,
    "n_x": 50,
    "T": 0.3,
    "lambda": 1.0,
    "c": 1.0,
    "m": 3,
    "n_t": 100,
    "seed": 303,
    "delta": 0.05,
    "alpha": 0.001,
    "M": 2000,
    "R": 100,
    "n": 500,
    "Delta_x": 0.02,
    "Delta_t": 0.0030303030303030303,
    "mcmc_n_steps": 10000,
    "mcmc_n_burn": 2000,
    "is_baseline": false
  },
  "status": "success",
  "dataset": {
    "kappa_star": [
      3.12551948199565,
      1.4836227496566199,
      2.427779995862962
    ],
    "n_observations": 500
  },
  "mcmc": {
    "acceptance_rate": 0.51325,
    "ess_min": 601.7494093188133,
    "ess_mean": 678.0110196030519,
    "ess_per_coord": [
      736.7346990927854,
      601.7494093188133,
      695.548950397557
    ],
    "n_chunks": 2,
    "total_steps": 10000,
    "converged": true,
    "efficiency": 0.060174940931881325,
    "n_forward_evals": 10000
  },
  "certificate": {
    "L_hat": 641.6281229839635,
    "KL": 0.0,
    "eta_h": 0.0002,
    "delta_term": 0.0059914645471079815,
    "B_lambda": 641.6343144485106,
    "components": {
      "empirical_term": 641.6281229839635,
      "kl_term": 0.0,
      "discretization_term": 0.0002,
      "confidence_term": 0.0059914645471079815
    },
    "valid": true
  },
  "posterior_summary": {
    "mean": [
      2.703174660234934,
      3.197033560800774,
      2.2219992966840807
    ],
    "std": [
      0.0236054528190419,
      0.019286255804862044,
      0.020764666517876923
    ]
  },
  "performance": {
    "runtime": 48.57988095283508,
    "test_log_posterior": -5746.82051471736
  }
}