{
  "experiment_id": "s3_sigma0.05_nx100_T0.3_lam1.0_m5_seed101",
  "config": {
    "s": 3,
    "sensor_positions": [
      0.2,
      0.5,
      0.8
    ],
    "placement_type": "shifted",
    "sigma": 0.05,
    "n_x": 100,
    "T": 0.3,
    "lambda": 1.0,
    "c": 1.0,
    "m": 5,
    "n_t": 50,
    "seed": 101,
    "delta": 0.05,
    "alpha": 0.001,
    "M": 2000,
    "R": 100,
    "n": 150,
    "Delta_x": 0.01,
    "Delta_t": 0.006122448979591836,
    "mcmc_n_steps": 10000,
    "mcmc_n_burn": 2000,
    "is_baseline": false
  },
  "status": "success",
  "dataset": {
    "kappa_star": [
      2.3073951969585615,
      2.4973365540384895,
      0.5996597926733394,
      1.1003257967878608,
      2.898469435940594
    ],
    "n_observations": 150
  },
  "mcmc": {
    "acceptance_rate": 0.37648333333333334,
    "ess_min": 168.8161285415367,
    "ess_mean": 230.77476786362885,
    "ess_per_coord": [
      291.3139558176526,
      265.9862417183126,
      250.53938336313496,
      168.8161285415367,
      177.21812987750744
    ],
    "n_chunks": 8,
    "total_steps": 40000,
    "converged": false,
    "efficiency": 0.004220403213538417,
    "n_forward_evals": 40000
  },
  "certificate": {
    "L_hat": 226.24633150262525,
    "KL": 0.0,
    "eta_h": 5e-05,
    "delta_term": 0.01997154849035994,
    "B_lambda": 226.2663530511156,
    "components": {
      "empirical_term": 226.24633150262525,
      "kl_term": 0.0,
      "discretization_term": 5e-05,
      "confidence_term": 0.01997154849035994
    },
    "valid": true
  },
  "posterior_summary": {
    "mean": [
      2.041970855573542,
      2.394727565345996,
      2.3734590703148406,
      2.5756680257336004,
      1.2176889783205078
    ],
    "std": [
      0.07968239850297337,
      0.08269832254321088,
      0.034393976538899376,
      0.06509270594861759,
      0.048851531584112
    ]
  },
  "performance": {
    "runtime": 239.78036403656006,
    "test_log_posterior": -23168.03431762318
  }
}