{
  "experiment_id": "s3_sigma0.1_nx100_T0.3_lam0.5_m5_seed101",
  "config": {
    "s": 3,
    "sensor_positions": [
      0.25,
      0.5,
      0.75
    ],
    "placement_type": "fixed",
    "sigma": 0.1,
    "n_x": 100,
    "T": 0.3,
    "lambda": 0.5,
    "c": 1.0,
    "m": 5,
    "n_t": 50,
    "seed": 101,
    "delta": 0.05,
    "alpha": 0.001,
    "M": 2000,
    "R": 100,
    "n": 150,
    "Delta_x": 0.01,
    "Delta_t": 0.006122448979591836,
    "mcmc_n_steps": 10000,
    "mcmc_n_burn": 2000,
    "is_baseline": false
  },
  "status": "success",
  "dataset": {
    "kappa_star": [
      2.3073951969585615,
      2.4973365540384895,
      0.5996597926733394,
      1.1003257967878608,
      2.898469435940594
    ],
    "n_observations": 150
  },
  "mcmc": {
    "acceptance_rate": 0.36141666666666666,
    "ess_min": 262.4189714906622,
    "ess_mean": 504.36296508850467,
    "ess_per_coord": [
      765.2280362020289,
      790.0269968310979,
      441.4841586997492,
      262.6566622189847,
      262.4189714906622
    ],
    "n_chunks": 8,
    "total_steps": 40000,
    "converged": false,
    "efficiency": 0.006560474287266555,
    "n_forward_evals": 40000
  },
  "certificate": {
    "L_hat": 141.68121413674527,
    "KL": 0.0,
    "eta_h": 5e-05,
    "delta_term": 0.03994309698071988,
    "B_lambda": 141.72120723372598,
    "components": {
      "empirical_term": 141.68121413674527,
      "kl_term": 0.0,
      "discretization_term": 5e-05,
      "confidence_term": 0.03994309698071988
    },
    "valid": true
  },
  "posterior_summary": {
    "mean": [
      3.1091448894024416,
      2.745561345244365,
      2.3367289206026123,
      2.3388900207597745,
      2.3248467789012826
    ],
    "std": [
      0.19694013466894486,
      0.11673062691917,
      0.07085959606200251,
      0.14069734420166113,
      0.23065051132095482
    ]
  },
  "performance": {
    "runtime": 154.15962600708008,
    "test_log_posterior": -3729.225898889887
  }
}