{
  "experiment_id": "s5_sigma0.05_nx50_T0.3_lam2.0_m5_seed303",
  "config": {
    "s": 5,
    "sensor_positions": [
      0.1,
      0.3,
      0.5,
      0.7,
      0.9
    ],
    "placement_type": "fixed",
    "sigma": 0.05,
    "n_x": 50,
    "T": 0.3,
    "lambda": 2.0,
    "c": 1.0,
    "m": 5,
    "n_t": 100,
    "seed": 303,
    "delta": 0.05,
    "alpha": 0.001,
    "M": 2000,
    "R": 100,
    "n": 500,
    "Delta_x": 0.02,
    "Delta_t": 0.0030303030303030303,
    "mcmc_n_steps": 10000,
    "mcmc_n_burn": 2000,
    "is_baseline": false
  },
  "status": "success",
  "dataset": {
    "kappa_star": [
      3.12551948199565,
      1.4836227496566199,
      2.427779995862962,
      3.3381215081208255,
      2.6741059937440994
    ],
    "n_observations": 500
  },
  "mcmc": {
    "acceptance_rate": 0.27140000000000003,
    "ess_min": 534.8163797158658,
    "ess_mean": 653.843415430609,
    "ess_per_coord": [
      775.9751541317454,
      549.7478364621962,
      534.8163797158658,
      593.4886220150631,
      815.1890848281738
    ],
    "n_chunks": 3,
    "total_steps": 15000,
    "converged": true,
    "efficiency": 0.03565442531439105,
    "n_forward_evals": 15000
  },
  "certificate": {
    "L_hat": 18824.789602884717,
    "KL": 0.0,
    "eta_h": 0.0002,
    "delta_term": 0.0029957322735539907,
    "B_lambda": 18824.79279861699,
    "components": {
      "empirical_term": 18824.789602884717,
      "kl_term": 0.0,
      "discretization_term": 0.0002,
      "confidence_term": 0.0029957322735539907
    },
    "valid": true
  },
  "posterior_summary": {
    "mean": [
      3.422198396654191,
      3.638769413235555,
      4.248377289336431,
      4.450455792282403,
      4.311976020976338
    ],
    "std": [
      0.020989087756598888,
      0.010841184583989706,
      0.008498424100973337,
      0.01088413670718109,
      0.01989082910447904
    ]
  },
  "performance": {
    "runtime": 240.06070590019226,
    "test_log_posterior": -249060.2144692831
  }
}