{
  "experiment_id": "s3_sigma0.2_nx50_T0.5_lam0.5_m3_seed101",
  "config": {
    "s": 3,
    "sensor_positions": [
      0.25,
      0.5,
      0.75
    ],
    "placement_type": "fixed",
    "sigma": 0.2,
    "n_x": 50,
    "T": 0.5,
    "lambda": 0.5,
    "c": 1.0,
    "m": 3,
    "n_t": 50,
    "seed": 101,
    "delta": 0.05,
    "alpha": 0.001,
    "M": 2000,
    "R": 100,
    "n": 150,
    "Delta_x": 0.02,
    "Delta_t": 0.01020408163265306,
    "mcmc_n_steps": 10000,
    "mcmc_n_burn": 2000,
    "is_baseline": false
  },
  "status": "success",
  "dataset": {
    "kappa_star": [
      2.3073951969585615,
      2.4973365540384895,
      0.5996597926733394
    ],
    "n_observations": 150
  },
  "mcmc": {
    "acceptance_rate": 0.5581999999999999,
    "ess_min": 603.7373913567128,
    "ess_mean": 622.3763439276621,
    "ess_per_coord": [
      603.7373913567128,
      613.8335628626998,
      649.5580775635738
    ],
    "n_chunks": 2,
    "total_steps": 10000,
    "converged": true,
    "efficiency": 0.06037373913567128,
    "n_forward_evals": 10000
  },
  "certificate": {
    "L_hat": 157.53204918792272,
    "KL": 0.0,
    "eta_h": 0.0002,
    "delta_term": 0.03994309698071988,
    "B_lambda": 157.57219228490345,
    "components": {
      "empirical_term": 157.53204918792272,
      "kl_term": 0.0,
      "discretization_term": 0.0002,
      "confidence_term": 0.03994309698071988
    },
    "valid": true
  },
  "posterior_summary": {
    "mean": [
      2.9765714667380485,
      3.338231494631342,
      1.3652055308606494
    ],
    "std": [
      0.14060095942818043,
      0.09535284154552946,
      0.11359111732296967
    ]
  },
  "performance": {
    "runtime": 26.877557277679443,
    "test_log_posterior": -204.30266390590407
  }
}