{
  "experiment_id": "s3_sigma0.05_nx100_T0.5_lam0.5_m3_seed202",
  "config": {
    "s": 3,
    "sensor_positions": [
      0.25,
      0.5,
      0.75
    ],
    "placement_type": "fixed",
    "sigma": 0.05,
    "n_x": 100,
    "T": 0.5,
    "lambda": 0.5,
    "c": 1.0,
    "m": 3,
    "n_t": 100,
    "seed": 202,
    "delta": 0.05,
    "alpha": 0.001,
    "M": 2000,
    "R": 100,
    "n": 300,
    "Delta_x": 0.01,
    "Delta_t": 0.005050505050505051,
    "mcmc_n_steps": 10000,
    "mcmc_n_burn": 2000,
    "is_baseline": false
  },
  "status": "success",
  "dataset": {
    "kappa_star": [
      1.2847216299636934,
      1.4241900884838463,
      3.920764034845088
    ],
    "n_observations": 300
  },
  "mcmc": {
    "acceptance_rate": 0.55435,
    "ess_min": 561.4185079215688,
    "ess_mean": 614.7750446743817,
    "ess_per_coord": [
      615.3856098231633,
      561.4185079215688,
      667.521016278413
    ],
    "n_chunks": 2,
    "total_steps": 10000,
    "converged": true,
    "efficiency": 0.05614185079215688,
    "n_forward_evals": 10000
  },
  "certificate": {
    "L_hat": 1494.057485878322,
    "KL": 0.0,
    "eta_h": 5e-05,
    "delta_term": 0.01997154849035994,
    "B_lambda": 1494.0775074268124,
    "components": {
      "empirical_term": 1494.057485878322,
      "kl_term": 0.0,
      "discretization_term": 5e-05,
      "confidence_term": 0.01997154849035994
    },
    "valid": true
  },
  "posterior_summary": {
    "mean": [
      1.6467208422979716,
      2.921078049993331,
      3.84758639908747
    ],
    "std": [
      0.017993018781155907,
      0.017724931809585745,
      0.030928122490683524
    ]
  },
  "performance": {
    "runtime": 32.181840896606445,
    "test_log_posterior": -6904.915589567742
  }
}