{
  "experiment_id": "s5_sigma0.2_nx100_T0.3_lam1.0_m3_seed202",
  "config": {
    "s": 5,
    "sensor_positions": [
      0.2,
      0.35,
      0.5,
      0.65,
      0.8
    ],
    "placement_type": "shifted",
    "sigma": 0.2,
    "n_x": 100,
    "T": 0.3,
    "lambda": 1.0,
    "c": 1.0,
    "m": 3,
    "n_t": 50,
    "seed": 202,
    "delta": 0.05,
    "alpha": 0.001,
    "M": 2000,
    "R": 100,
    "n": 250,
    "Delta_x": 0.01,
    "Delta_t": 0.006122448979591836,
    "mcmc_n_steps": 10000,
    "mcmc_n_burn": 2000,
    "is_baseline": false
  },
  "status": "success",
  "dataset": {
    "kappa_star": [
      1.2847216299636934,
      1.4241900884838463,
      3.920764034845088
    ],
    "n_observations": 250
  },
  "mcmc": {
    "acceptance_rate": 0.47275,
    "ess_min": 501.76330094109534,
    "ess_mean": 614.1231777570969,
    "ess_per_coord": [
      568.5858180806348,
      501.76330094109534,
      772.0204142495603
    ],
    "n_chunks": 2,
    "total_steps": 10000,
    "converged": true,
    "efficiency": 0.05017633009410953,
    "n_forward_evals": 10000
  },
  "certificate": {
    "L_hat": 264.2445604897789,
    "KL": 0.0,
    "eta_h": 5e-05,
    "delta_term": 0.011982929094215963,
    "B_lambda": 264.2565934188731,
    "components": {
      "empirical_term": 264.2445604897789,
      "kl_term": 0.0,
      "discretization_term": 5e-05,
      "confidence_term": 0.011982929094215963
    },
    "valid": true
  },
  "posterior_summary": {
    "mean": [
      1.3986664167275387,
      2.39292243080795,
      4.1914175483115494
    ],
    "std": [
      0.06219560159289264,
      0.03459521374216604,
      0.09562121737904895
    ]
  },
  "performance": {
    "runtime": 25.2375910282135,
    "test_log_posterior": -907.2652570325286
  }
}