{
  "experiment_id": "s3_sigma0.05_nx100_T0.5_lam0.5_m3_seed101",
  "config": {
    "s": 3,
    "sensor_positions": [
      0.2,
      0.5,
      0.8
    ],
    "placement_type": "shifted",
    "sigma": 0.05,
    "n_x": 100,
    "T": 0.5,
    "lambda": 0.5,
    "c": 1.0,
    "m": 3,
    "n_t": 50,
    "seed": 101,
    "delta": 0.05,
    "alpha": 0.001,
    "M": 2000,
    "R": 100,
    "n": 150,
    "Delta_x": 0.01,
    "Delta_t": 0.01020408163265306,
    "mcmc_n_steps": 10000,
    "mcmc_n_burn": 2000,
    "is_baseline": false
  },
  "status": "success",
  "dataset": {
    "kappa_star": [
      2.3073951969585615,
      2.4973365540384895,
      0.5996597926733394
    ],
    "n_observations": 150
  },
  "mcmc": {
    "acceptance_rate": 0.5423,
    "ess_min": 616.1692586942077,
    "ess_mean": 689.9901892946233,
    "ess_per_coord": [
      709.6933827403134,
      616.1692586942077,
      744.1079264493491
    ],
    "n_chunks": 2,
    "total_steps": 10000,
    "converged": true,
    "efficiency": 0.06161692586942077,
    "n_forward_evals": 10000
  },
  "certificate": {
    "L_hat": 1254.2348849173147,
    "KL": 0.0,
    "eta_h": 5e-05,
    "delta_term": 0.03994309698071988,
    "B_lambda": 1254.2748780142956,
    "components": {
      "empirical_term": 1254.2348849173147,
      "kl_term": 0.0,
      "discretization_term": 5e-05,
      "confidence_term": 0.03994309698071988
    },
    "valid": true
  },
  "posterior_summary": {
    "mean": [
      3.120076143814873,
      3.3376850736891375,
      1.3480904417775337
    ],
    "std": [
      0.040792446883034884,
      0.025883152141930797,
      0.03377268751594107
    ]
  },
  "performance": {
    "runtime": 15.490528106689453,
    "test_log_posterior": -2200.1441396885716
  }
}