{
  "experiment_id": "s5_sigma0.2_nx100_T0.3_lam1.0_m5_seed303",
  "config": {
    "s": 5,
    "sensor_positions": [
      0.2,
      0.35,
      0.5,
      0.65,
      0.8
    ],
    "placement_type": "shifted",
    "sigma": 0.2,
    "n_x": 100,
    "T": 0.3,
    "lambda": 1.0,
    "c": 1.0,
    "m": 5,
    "n_t": 100,
    "seed": 303,
    "delta": 0.05,
    "alpha": 0.001,
    "M": 2000,
    "R": 100,
    "n": 500,
    "Delta_x": 0.01,
    "Delta_t": 0.0030303030303030303,
    "mcmc_n_steps": 10000,
    "mcmc_n_burn": 2000,
    "is_baseline": false
  },
  "status": "success",
  "dataset": {
    "kappa_star": [
      3.12551948199565,
      1.4836227496566199,
      2.427779995862962,
      3.3381215081208255,
      2.6741059937440994
    ],
    "n_observations": 500
  },
  "mcmc": {
    "acceptance_rate": 0.5129333333333334,
    "ess_min": 501.65198962739254,
    "ess_mean": 619.4052558756364,
    "ess_per_coord": [
      790.4570236734287,
      666.5492734564351,
      501.65198962739254,
      540.8367603764952,
      597.5312322444306
    ],
    "n_chunks": 3,
    "total_steps": 15000,
    "converged": true,
    "efficiency": 0.0334434659751595,
    "n_forward_evals": 15000
  },
  "certificate": {
    "L_hat": 1619.5399612251185,
    "KL": 0.0,
    "eta_h": 5e-05,
    "delta_term": 0.0059914645471079815,
    "B_lambda": 1619.5460026896658,
    "components": {
      "empirical_term": 1619.5399612251185,
      "kl_term": 0.0,
      "discretization_term": 5e-05,
      "confidence_term": 0.0059914645471079815
    },
    "valid": true
  },
  "posterior_summary": {
    "mean": [
      1.7608556521527046,
      3.5968334910225352,
      4.365329281858261,
      4.318236247719962,
      2.578840985433821
    ],
    "std": [
      0.06331923820959733,
      0.0487304901731348,
      0.041445359468518274,
      0.04953717333504677,
      0.06757404945746912
    ]
  },
  "performance": {
    "runtime": 186.0788881778717,
    "test_log_posterior": -8815.194511815742
  }
}