{
  "experiment_id": "s5_sigma0.05_nx100_T0.5_lam1.0_m5_seed202",
  "config": {
    "s": 5,
    "sensor_positions": [
      0.1,
      0.3,
      0.5,
      0.7,
      0.9
    ],
    "placement_type": "fixed",
    "sigma": 0.05,
    "n_x": 100,
    "T": 0.5,
    "lambda": 1.0,
    "c": 1.0,
    "m": 5,
    "n_t": 50,
    "seed": 202,
    "delta": 0.05,
    "alpha": 0.001,
    "M": 2000,
    "R": 100,
    "n": 250,
    "Delta_x": 0.01,
    "Delta_t": 0.01020408163265306,
    "mcmc_n_steps": 10000,
    "mcmc_n_burn": 2000,
    "is_baseline": false
  },
  "status": "success",
  "dataset": {
    "kappa_star": [
      1.2847216299636934,
      1.4241900884838463,
      3.920764034845088,
      3.9752807832159958,
      3.9824723567684557
    ],
    "n_observations": 250
  },
  "mcmc": {
    "acceptance_rate": 0.06463333333333333,
    "ess_min": 50.223817470361574,
    "ess_mean": 843.3730545893616,
    "ess_per_coord": [
      2227.1332348659685,
      1671.0965140647013,
      156.20562135985077,
      112.20608518592528,
      50.223817470361574
    ],
    "n_chunks": 8,
    "total_steps": 40000,
    "converged": false,
    "efficiency": 0.0012555954367590393,
    "n_forward_evals": 40000
  },
  "certificate": {
    "L_hat": 17701.71383649036,
    "KL": 0.0,
    "eta_h": 5e-05,
    "delta_term": 0.011982929094215963,
    "B_lambda": 17701.72586941945,
    "components": {
      "empirical_term": 17701.71383649036,
      "kl_term": 0.0,
      "discretization_term": 5e-05,
      "confidence_term": 0.011982929094215963
    },
    "valid": true
  },
  "posterior_summary": {
    "mean": [
      2.2245605264286024,
      3.678772577822516,
      4.998290295177485,
      4.999298143574455,
      4.998756936862676
    ],
    "std": [
      0.03231919137681303,
      0.018726510371641983,
      0.002225896521082188,
      0.0005612564544079749,
      0.0002518339678980856
    ]
  },
  "performance": {
    "runtime": 243.96342301368713,
    "test_log_posterior": -46546.516175561315
  }
}