{
  "experiment_id": "s3_sigma0.1_nx100_T0.5_lam2.0_m5_seed202",
  "config": {
    "s": 3,
    "sensor_positions": [
      0.2,
      0.5,
      0.8
    ],
    "placement_type": "shifted",
    "sigma": 0.1,
    "n_x": 100,
    "T": 0.5,
    "lambda": 2.0,
    "c": 1.0,
    "m": 5,
    "n_t": 50,
    "seed": 202,
    "delta": 0.05,
    "alpha": 0.001,
    "M": 2000,
    "R": 100,
    "n": 150,
    "Delta_x": 0.01,
    "Delta_t": 0.01020408163265306,
    "mcmc_n_steps": 10000,
    "mcmc_n_burn": 2000,
    "is_baseline": false
  },
  "status": "success",
  "dataset": {
    "kappa_star": [
      1.2847216299636934,
      1.4241900884838463,
      3.920764034845088,
      3.9752807832159958,
      3.9824723567684557
    ],
    "n_observations": 150
  },
  "mcmc": {
    "acceptance_rate": 0.3739666666666667,
    "ess_min": 400.3278943036296,
    "ess_mean": 583.378682901079,
    "ess_per_coord": [
      686.2126667320738,
      569.5510428071477,
      557.3981409413049,
      400.3278943036296,
      703.4036697212392
    ],
    "n_chunks": 2,
    "total_steps": 10000,
    "converged": true,
    "efficiency": 0.04003278943036296,
    "n_forward_evals": 10000
  },
  "certificate": {
    "L_hat": 2343.596353635282,
    "KL": 0.0,
    "eta_h": 5e-05,
    "delta_term": 0.00998577424517997,
    "B_lambda": 2343.6063894095273,
    "components": {
      "empirical_term": 2343.596353635282,
      "kl_term": 0.0,
      "discretization_term": 5e-05,
      "confidence_term": 0.00998577424517997
    },
    "valid": true
  },
  "posterior_summary": {
    "mean": [
      0.8177621349640657,
      3.901007517558846,
      4.996507863331515,
      4.983337316132155,
      3.67580780366473
    ],
    "std": [
      0.025572549742992265,
      0.03814463102420564,
      0.0032590763620182566,
      0.015162437829784435,
      0.04975290489658165
    ]
  },
  "performance": {
    "runtime": 63.43215990066528,
    "test_log_posterior": -11540.125441907336
  }
}