{
  "experiment_id": "s5_sigma0.1_nx50_T0.3_lam2.0_m5_seed101",
  "config": {
    "s": 5,
    "sensor_positions": [
      0.2,
      0.35,
      0.5,
      0.65,
      0.8
    ],
    "placement_type": "shifted",
    "sigma": 0.1,
    "n_x": 50,
    "T": 0.3,
    "lambda": 2.0,
    "c": 1.0,
    "m": 5,
    "n_t": 100,
    "seed": 101,
    "delta": 0.05,
    "alpha": 0.001,
    "M": 2000,
    "R": 100,
    "n": 500,
    "Delta_x": 0.02,
    "Delta_t": 0.0030303030303030303,
    "mcmc_n_steps": 10000,
    "mcmc_n_burn": 2000,
    "is_baseline": false
  },
  "status": "success",
  "dataset": {
    "kappa_star": [
      2.3073951969585615,
      2.4973365540384895,
      0.5996597926733394,
      1.1003257967878608,
      2.898469435940594
    ],
    "n_observations": 500
  },
  "mcmc": {
    "acceptance_rate": 0.47550000000000003,
    "ess_min": 415.5349234175319,
    "ess_mean": 622.6412698205652,
    "ess_per_coord": [
      1058.8566759397536,
      641.2975403880271,
      458.3254508667234,
      415.5349234175319,
      539.1917584907895
    ],
    "n_chunks": 6,
    "total_steps": 30000,
    "converged": true,
    "efficiency": 0.01385116411391773,
    "n_forward_evals": 30000
  },
  "certificate": {
    "L_hat": 535.8311766432008,
    "KL": 0.0,
    "eta_h": 0.0002,
    "delta_term": 0.0029957322735539907,
    "B_lambda": 535.8343723754743,
    "components": {
      "empirical_term": 535.8311766432008,
      "kl_term": 0.0,
      "discretization_term": 0.0002,
      "confidence_term": 0.0029957322735539907
    },
    "valid": true
  },
  "posterior_summary": {
    "mean": [
      1.6513084933490196,
      2.9752371794003083,
      2.326749794561495,
      2.256716951619124,
      1.460886425159466
    ],
    "std": [
      0.02331121424938456,
      0.020924627602026742,
      0.01762900927635811,
      0.02218596768844861,
      0.027755938664704796
    ]
  },
  "performance": {
    "runtime": 545.4778428077698,
    "test_log_posterior": -43254.38222100772
  }
}