{
  "experiment_id": "s5_sigma0.1_nx100_T0.5_lam1.0_m5_seed303",
  "config": {
    "s": 5,
    "sensor_positions": [
      0.2,
      0.35,
      0.5,
      0.65,
      0.8
    ],
    "placement_type": "shifted",
    "sigma": 0.1,
    "n_x": 100,
    "T": 0.5,
    "lambda": 1.0,
    "c": 1.0,
    "m": 5,
    "n_t": 100,
    "seed": 303,
    "delta": 0.05,
    "alpha": 0.001,
    "M": 2000,
    "R": 100,
    "n": 500,
    "Delta_x": 0.01,
    "Delta_t": 0.005050505050505051,
    "mcmc_n_steps": 10000,
    "mcmc_n_burn": 2000,
    "is_baseline": false
  },
  "status": "success",
  "dataset": {
    "kappa_star": [
      3.12551948199565,
      1.4836227496566199,
      2.427779995862962,
      3.3381215081208255,
      2.6741059937440994
    ],
    "n_observations": 500
  },
  "mcmc": {
    "acceptance_rate": 0.5365777777777777,
    "ess_min": 504.9643637263984,
    "ess_mean": 639.6136520607985,
    "ess_per_coord": [
      686.9122941761067,
      614.5745613142109,
      504.9643637263984,
      661.989052590159,
      729.6279884971175
    ],
    "n_chunks": 3,
    "total_steps": 15000,
    "converged": true,
    "efficiency": 0.03366429091509323,
    "n_forward_evals": 15000
  },
  "certificate": {
    "L_hat": 7831.24326705572,
    "KL": 0.0,
    "eta_h": 5e-05,
    "delta_term": 0.0059914645471079815,
    "B_lambda": 7831.249308520267,
    "components": {
      "empirical_term": 7831.24326705572,
      "kl_term": 0.0,
      "discretization_term": 5e-05,
      "confidence_term": 0.0059914645471079815
    },
    "valid": true
  },
  "posterior_summary": {
    "mean": [
      2.045029760992424,
      3.462288666735125,
      4.125182510505876,
      4.059621289555628,
      2.770672492678295
    ],
    "std": [
      0.03590654545594902,
      0.02616151207934104,
      0.025546624208919892,
      0.028511264132957098,
      0.03659029935131368
    ]
  },
  "performance": {
    "runtime": 169.28515005111694,
    "test_log_posterior": -24307.322566421924
  }
}