{
  "experiment_id": "s3_sigma0.1_nx50_T0.5_lam0.5_m5_seed303",
  "config": {
    "s": 3,
    "sensor_positions": [
      0.25,
      0.5,
      0.75
    ],
    "placement_type": "fixed",
    "sigma": 0.1,
    "n_x": 50,
    "T": 0.5,
    "lambda": 0.5,
    "c": 1.0,
    "m": 5,
    "n_t": 100,
    "seed": 303,
    "delta": 0.05,
    "alpha": 0.001,
    "M": 2000,
    "R": 100,
    "n": 300,
    "Delta_x": 0.02,
    "Delta_t": 0.005050505050505051,
    "mcmc_n_steps": 10000,
    "mcmc_n_burn": 2000,
    "is_baseline": false
  },
  "status": "success",
  "dataset": {
    "kappa_star": [
      3.12551948199565,
      1.4836227496566199,
      2.427779995862962,
      3.3381215081208255,
      2.6741059937440994
    ],
    "n_observations": 300
  },
  "mcmc": {
    "acceptance_rate": 0.5709555555555555,
    "ess_min": 402.33730435175534,
    "ess_mean": 549.5839378453484,
    "ess_per_coord": [
      532.5025751745535,
      680.3190722434065,
      728.095320440965,
      402.33730435175534,
      404.665417016062
    ],
    "n_chunks": 3,
    "total_steps": 15000,
    "converged": true,
    "efficiency": 0.02682248695678369,
    "n_forward_evals": 15000
  },
  "certificate": {
    "L_hat": 4976.020740739106,
    "KL": 0.0,
    "eta_h": 0.0002,
    "delta_term": 0.01997154849035994,
    "B_lambda": 4976.040912287597,
    "components": {
      "empirical_term": 4976.020740739106,
      "kl_term": 0.0,
      "discretization_term": 0.0002,
      "confidence_term": 0.01997154849035994
    },
    "valid": true
  },
  "posterior_summary": {
    "mean": [
      2.942258572519652,
      3.529802108416867,
      4.082463206274818,
      4.030847061980878,
      3.9089390007707574
    ],
    "std": [
      0.09221738137113854,
      0.06460723588129581,
      0.04323539429278906,
      0.06079497103181796,
      0.09807082815381844
    ]
  },
  "performance": {
    "runtime": 105.84558010101318,
    "test_log_posterior": -8076.4490151334985
  }
}