{
  "experiment_id": "s3_sigma0.2_nx50_T0.5_lam2.0_m3_seed202",
  "config": {
    "s": 3,
    "sensor_positions": [
      0.25,
      0.5,
      0.75
    ],
    "placement_type": "fixed",
    "sigma": 0.2,
    "n_x": 50,
    "T": 0.5,
    "lambda": 2.0,
    "c": 1.0,
    "m": 3,
    "n_t": 50,
    "seed": 202,
    "delta": 0.05,
    "alpha": 0.001,
    "M": 2000,
    "R": 100,
    "n": 150,
    "Delta_x": 0.02,
    "Delta_t": 0.01020408163265306,
    "mcmc_n_steps": 10000,
    "mcmc_n_burn": 2000,
    "is_baseline": false
  },
  "status": "success",
  "dataset": {
    "kappa_star": [
      1.2847216299636934,
      1.4241900884838463,
      3.920764034845088
    ],
    "n_observations": 150
  },
  "mcmc": {
    "acceptance_rate": 0.53565,
    "ess_min": 580.2160629168309,
    "ess_mean": 633.5033112932251,
    "ess_per_coord": [
      584.7862645950466,
      580.2160629168309,
      735.5076063677981
    ],
    "n_chunks": 2,
    "total_steps": 10000,
    "converged": true,
    "efficiency": 0.05802160629168309,
    "n_forward_evals": 10000
  },
  "certificate": {
    "L_hat": 107.70803373322757,
    "KL": 0.0,
    "eta_h": 0.0002,
    "delta_term": 0.00998577424517997,
    "B_lambda": 107.71821950747275,
    "components": {
      "empirical_term": 107.70803373322757,
      "kl_term": 0.0,
      "discretization_term": 0.0002,
      "confidence_term": 0.00998577424517997
    },
    "valid": true
  },
  "posterior_summary": {
    "mean": [
      1.6760393045925903,
      2.984281580803511,
      3.9149000523564137
    ],
    "std": [
      0.04840810938326778,
      0.04644723285624535,
      0.08153935181988148
    ]
  },
  "performance": {
    "runtime": 25.152998208999634,
    "test_log_posterior": -1050.4006017191825
  }
}