{
  "experiment_id": "s5_sigma0.2_nx50_T0.3_lam2.0_m3_seed202",
  "config": {
    "s": 5,
    "sensor_positions": [
      0.2,
      0.35,
      0.5,
      0.65,
      0.8
    ],
    "placement_type": "shifted",
    "sigma": 0.2,
    "n_x": 50,
    "T": 0.3,
    "lambda": 2.0,
    "c": 1.0,
    "m": 3,
    "n_t": 50,
    "seed": 202,
    "delta": 0.05,
    "alpha": 0.001,
    "M": 2000,
    "R": 100,
    "n": 250,
    "Delta_x": 0.02,
    "Delta_t": 0.006122448979591836,
    "mcmc_n_steps": 10000,
    "mcmc_n_burn": 2000,
    "is_baseline": false
  },
  "status": "success",
  "dataset": {
    "kappa_star": [
      1.2847216299636934,
      1.4241900884838463,
      3.920764034845088
    ],
    "n_observations": 250
  },
  "mcmc": {
    "acceptance_rate": 0.48185,
    "ess_min": 603.0566356809377,
    "ess_mean": 666.805757312405,
    "ess_per_coord": [
      615.5443303040221,
      603.0566356809377,
      781.8163059522556
    ],
    "n_chunks": 2,
    "total_steps": 10000,
    "converged": true,
    "efficiency": 0.06030566356809377,
    "n_forward_evals": 10000
  },
  "certificate": {
    "L_hat": 263.6881133270613,
    "KL": 0.0,
    "eta_h": 0.0002,
    "delta_term": 0.0059914645471079815,
    "B_lambda": 263.6943047916084,
    "components": {
      "empirical_term": 263.6881133270613,
      "kl_term": 0.0,
      "discretization_term": 0.0002,
      "confidence_term": 0.0059914645471079815
    },
    "valid": true
  },
  "posterior_summary": {
    "mean": [
      1.3968610303881765,
      2.397086632993689,
      4.1851696165863075
    ],
    "std": [
      0.04555915423041956,
      0.027139272575820737,
      0.07221530219908692
    ]
  },
  "performance": {
    "runtime": 25.02564787864685,
    "test_log_posterior": -1809.7628084497073
  }
}