{
  "experiment_id": "s3_sigma0.05_nx100_T0.3_lam1.0_m5_seed202",
  "config": {
    "s": 3,
    "sensor_positions": [
      0.25,
      0.5,
      0.75
    ],
    "placement_type": "fixed",
    "sigma": 0.05,
    "n_x": 100,
    "T": 0.3,
    "lambda": 1.0,
    "c": 1.0,
    "m": 5,
    "n_t": 100,
    "seed": 202,
    "delta": 0.05,
    "alpha": 0.001,
    "M": 2000,
    "R": 100,
    "n": 300,
    "Delta_x": 0.01,
    "Delta_t": 0.0030303030303030303,
    "mcmc_n_steps": 10000,
    "mcmc_n_burn": 2000,
    "is_baseline": false
  },
  "status": "success",
  "dataset": {
    "kappa_star": [
      1.2847216299636934,
      1.4241900884838463,
      3.920764034845088,
      3.9752807832159958,
      3.9824723567684557
    ],
    "n_observations": 300
  },
  "mcmc": {
    "acceptance_rate": 0.008691666666666667,
    "ess_min": 9.057530079387028,
    "ess_mean": 120.31805759069141,
    "ess_per_coord": [
      249.66702972619768,
      284.0152894690365,
      27.801416934147564,
      31.049021744688254,
      9.057530079387028
    ],
    "n_chunks": 8,
    "total_steps": 40000,
    "converged": false,
    "efficiency": 0.00022643825198467572,
    "n_forward_evals": 40000
  },
  "certificate": {
    "L_hat": 25114.268421048913,
    "KL": 0.0,
    "eta_h": 5e-05,
    "delta_term": 0.00998577424517997,
    "B_lambda": 25114.27845682316,
    "components": {
      "empirical_term": 25114.268421048913,
      "kl_term": 0.0,
      "discretization_term": 5e-05,
      "confidence_term": 0.00998577424517997
    },
    "valid": true
  },
  "posterior_summary": {
    "mean": [
      1.1604485048287798,
      4.231255013858249,
      4.999565613850077,
      4.999679050296974,
      4.9977691861788545
    ],
    "std": [
      0.02888767304504272,
      0.02358953936158793,
      0.000650547718748911,
      0.00038726232847111324,
      6.515536968898255e-05
    ]
  },
  "performance": {
    "runtime": 470.35861802101135,
    "test_log_posterior": -99503.7850212808
  }
}