{
  "experiment_id": "s5_sigma0.2_nx50_T0.3_lam0.5_m3_seed202",
  "config": {
    "s": 5,
    "sensor_positions": [
      0.2,
      0.35,
      0.5,
      0.65,
      0.8
    ],
    "placement_type": "shifted",
    "sigma": 0.2,
    "n_x": 50,
    "T": 0.3,
    "lambda": 0.5,
    "c": 1.0,
    "m": 3,
    "n_t": 50,
    "seed": 202,
    "delta": 0.05,
    "alpha": 0.001,
    "M": 2000,
    "R": 100,
    "n": 250,
    "Delta_x": 0.02,
    "Delta_t": 0.006122448979591836,
    "mcmc_n_steps": 10000,
    "mcmc_n_burn": 2000,
    "is_baseline": false
  },
  "status": "success",
  "dataset": {
    "kappa_star": [
      1.2847216299636934,
      1.4241900884838463,
      3.920764034845088
    ],
    "n_observations": 250
  },
  "mcmc": {
    "acceptance_rate": 0.5125500000000001,
    "ess_min": 491.25020950363955,
    "ess_mean": 583.2661503603043,
    "ess_per_coord": [
      648.7435269470225,
      491.25020950363955,
      609.804714630251
    ],
    "n_chunks": 2,
    "total_steps": 10000,
    "converged": true,
    "efficiency": 0.04912502095036395,
    "n_forward_evals": 10000
  },
  "certificate": {
    "L_hat": 265.9397288384368,
    "KL": 0.0,
    "eta_h": 0.0002,
    "delta_term": 0.023965858188431926,
    "B_lambda": 265.96389469662523,
    "components": {
      "empirical_term": 265.9397288384368,
      "kl_term": 0.0,
      "discretization_term": 0.0002,
      "confidence_term": 0.023965858188431926
    },
    "valid": true
  },
  "posterior_summary": {
    "mean": [
      1.3956835452411633,
      2.3973189544910447,
      4.17720083435507
    ],
    "std": [
      0.08124690006777605,
      0.0564637167994226,
      0.15175236540002687
    ]
  },
  "performance": {
    "runtime": 25.027963161468506,
    "test_log_posterior": -456.01648132393916
  }
}