{
  "experiment_id": "s5_sigma0.1_nx50_T0.3_lam1.0_m5_seed303",
  "config": {
    "s": 5,
    "sensor_positions": [
      0.2,
      0.35,
      0.5,
      0.65,
      0.8
    ],
    "placement_type": "shifted",
    "sigma": 0.1,
    "n_x": 50,
    "T": 0.3,
    "lambda": 1.0,
    "c": 1.0,
    "m": 5,
    "n_t": 100,
    "seed": 303,
    "delta": 0.05,
    "alpha": 0.001,
    "M": 2000,
    "R": 100,
    "n": 500,
    "Delta_x": 0.02,
    "Delta_t": 0.0030303030303030303,
    "mcmc_n_steps": 10000,
    "mcmc_n_burn": 2000,
    "is_baseline": false
  },
  "status": "success",
  "dataset": {
    "kappa_star": [
      3.12551948199565,
      1.4836227496566199,
      2.427779995862962,
      3.3381215081208255,
      2.6741059937440994
    ],
    "n_observations": 500
  },
  "mcmc": {
    "acceptance_rate": 0.5282444444444444,
    "ess_min": 482.9029163084068,
    "ess_mean": 576.4593780429014,
    "ess_per_coord": [
      802.7912034996775,
      588.16494204224,
      482.9029163084068,
      491.862274515511,
      516.5755538486713
    ],
    "n_chunks": 3,
    "total_steps": 15000,
    "converged": true,
    "efficiency": 0.03219352775389379,
    "n_forward_evals": 15000
  },
  "certificate": {
    "L_hat": 5711.169360577835,
    "KL": 0.0,
    "eta_h": 0.0002,
    "delta_term": 0.0059914645471079815,
    "B_lambda": 5711.175552042382,
    "components": {
      "empirical_term": 5711.169360577835,
      "kl_term": 0.0,
      "discretization_term": 0.0002,
      "confidence_term": 0.0059914645471079815
    },
    "valid": true
  },
  "posterior_summary": {
    "mean": [
      1.7960968964862594,
      3.5950586466769283,
      4.38598518778892,
      4.327402668872249,
      2.5233996700654573
    ],
    "std": [
      0.032490547675982064,
      0.026758503355059995,
      0.02226172277220427,
      0.025500553834998784,
      0.03470895138840613
    ]
  },
  "performance": {
    "runtime": 275.6582028865814,
    "test_log_posterior": -34688.11274568156
  }
}