{
  "experiment_id": "s5_sigma0.1_nx50_T0.3_lam1.0_m5_seed303",
  "config": {
    "s": 5,
    "sensor_positions": [
      0.2,
      0.35,
      0.5,
      0.65,
      0.8
    ],
    "placement_type": "shifted",
    "sigma": 0.1,
    "n_x": 50,
    "T": 0.3,
    "lambda": 1.0,
    "c": 1.0,
    "m": 5,
    "n_t": 50,
    "seed": 303,
    "delta": 0.05,
    "alpha": 0.001,
    "M": 2000,
    "R": 100,
    "n": 250,
    "Delta_x": 0.02,
    "Delta_t": 0.006122448979591836,
    "mcmc_n_steps": 10000,
    "mcmc_n_burn": 2000,
    "is_baseline": false
  },
  "status": "success",
  "dataset": {
    "kappa_star": [
      3.12551948199565,
      1.4836227496566199,
      2.427779995862962,
      3.3381215081208255,
      2.6741059937440994
    ],
    "n_observations": 250
  },
  "mcmc": {
    "acceptance_rate": 0.5385333333333334,
    "ess_min": 460.9112433041222,
    "ess_mean": 537.9254278353628,
    "ess_per_coord": [
      549.9974843999983,
      460.9112433041222,
      599.8543271932605,
      521.9518005400859,
      556.9122837393472
    ],
    "n_chunks": 3,
    "total_steps": 15000,
    "converged": true,
    "efficiency": 0.030727416220274813,
    "n_forward_evals": 15000
  },
  "certificate": {
    "L_hat": 2719.4276322082114,
    "KL": 0.0,
    "eta_h": 0.0002,
    "delta_term": 0.011982929094215963,
    "B_lambda": 2719.4398151373057,
    "components": {
      "empirical_term": 2719.4276322082114,
      "kl_term": 0.0,
      "discretization_term": 0.0002,
      "confidence_term": 0.011982929094215963
    },
    "valid": true
  },
  "posterior_summary": {
    "mean": [
      1.7861617538164234,
      3.594573186875024,
      4.4017907417793065,
      4.336816287122294,
      2.430621218671349
    ],
    "std": [
      0.04577935373818063,
      0.03634364513620803,
      0.032768869001468255,
      0.037982584570723885,
      0.04694789362695991
    ]
  },
  "performance": {
    "runtime": 141.4539759159088,
    "test_log_posterior": -17327.729716010002
  }
}