{
  "experiment_id": "s5_sigma0.05_nx100_T0.3_lam2.0_m5_seed303",
  "config": {
    "s": 5,
    "sensor_positions": [
      0.2,
      0.35,
      0.5,
      0.65,
      0.8
    ],
    "placement_type": "shifted",
    "sigma": 0.05,
    "n_x": 100,
    "T": 0.3,
    "lambda": 2.0,
    "c": 1.0,
    "m": 5,
    "n_t": 100,
    "seed": 303,
    "delta": 0.05,
    "alpha": 0.001,
    "M": 2000,
    "R": 100,
    "n": 500,
    "Delta_x": 0.01,
    "Delta_t": 0.0030303030303030303,
    "mcmc_n_steps": 10000,
    "mcmc_n_burn": 2000,
    "is_baseline": false
  },
  "status": "success",
  "dataset": {
    "kappa_star": [
      3.12551948199565,
      1.4836227496566199,
      2.427779995862962,
      3.3381215081208255,
      2.6741059937440994
    ],
    "n_observations": 500
  },
  "mcmc": {
    "acceptance_rate": 0.5341111111111111,
    "ess_min": 428.566543028615,
    "ess_mean": 549.4264423220889,
    "ess_per_coord": [
      751.6217569978566,
      568.7809852093477,
      499.37876379026324,
      428.566543028615,
      498.7841625843617
    ],
    "n_chunks": 3,
    "total_steps": 15000,
    "converged": true,
    "efficiency": 0.028571102868574335,
    "n_forward_evals": 15000
  },
  "certificate": {
    "L_hat": 22018.800533927577,
    "KL": 0.0,
    "eta_h": 5e-05,
    "delta_term": 0.0029957322735539907,
    "B_lambda": 22018.80357965985,
    "components": {
      "empirical_term": 22018.800533927577,
      "kl_term": 0.0,
      "discretization_term": 5e-05,
      "confidence_term": 0.0029957322735539907
    },
    "valid": true
  },
  "posterior_summary": {
    "mean": [
      1.805000167719617,
      3.5962591538285515,
      4.3939591987362805,
      4.331996523814647,
      2.501478142413694
    ],
    "std": [
      0.011390481508872938,
      0.01015782955915862,
      0.00935647659073863,
      0.009297865617840241,
      0.010966386145929518
    ]
  },
  "performance": {
    "runtime": 271.1276819705963,
    "test_log_posterior": -276673.6304863696
  }
}