{
  "experiment_id": "s3_sigma0.1_nx100_T0.3_lam2.0_m3_seed101",
  "config": {
    "s": 3,
    "sensor_positions": [
      0.2,
      0.5,
      0.8
    ],
    "placement_type": "shifted",
    "sigma": 0.1,
    "n_x": 100,
    "T": 0.3,
    "lambda": 2.0,
    "c": 1.0,
    "m": 3,
    "n_t": 50,
    "seed": 101,
    "delta": 0.05,
    "alpha": 0.001,
    "M": 2000,
    "R": 100,
    "n": 150,
    "Delta_x": 0.01,
    "Delta_t": 0.006122448979591836,
    "mcmc_n_steps": 10000,
    "mcmc_n_burn": 2000,
    "is_baseline": false
  },
  "status": "success",
  "dataset": {
    "kappa_star": [
      2.3073951969585615,
      2.4973365540384895,
      0.5996597926733394
    ],
    "n_observations": 150
  },
  "mcmc": {
    "acceptance_rate": 0.5487,
    "ess_min": 554.709326753906,
    "ess_mean": 718.0866611468194,
    "ess_per_coord": [
      703.6711430205481,
      554.709326753906,
      895.8795136660042
    ],
    "n_chunks": 2,
    "total_steps": 10000,
    "converged": true,
    "efficiency": 0.0554709326753906,
    "n_forward_evals": 10000
  },
  "certificate": {
    "L_hat": 241.63703746720049,
    "KL": 0.0,
    "eta_h": 5e-05,
    "delta_term": 0.00998577424517997,
    "B_lambda": 241.64707324144564,
    "components": {
      "empirical_term": 241.63703746720049,
      "kl_term": 0.0,
      "discretization_term": 5e-05,
      "confidence_term": 0.00998577424517997
    },
    "valid": true
  },
  "posterior_summary": {
    "mean": [
      3.1768151988472066,
      3.4482580260012905,
      1.3181982990577146
    ],
    "std": [
      0.032798715822025495,
      0.0203707193368066,
      0.02743655236912937
    ]
  },
  "performance": {
    "runtime": 25.401880025863647,
    "test_log_posterior": -3101.3246131063365
  }
}