{
  "experiment_id": "s3_sigma0.2_nx100_T0.5_lam0.5_m3_seed303",
  "config": {
    "s": 3,
    "sensor_positions": [
      0.2,
      0.5,
      0.8
    ],
    "placement_type": "shifted",
    "sigma": 0.2,
    "n_x": 100,
    "T": 0.5,
    "lambda": 0.5,
    "c": 1.0,
    "m": 3,
    "n_t": 100,
    "seed": 303,
    "delta": 0.05,
    "alpha": 0.001,
    "M": 2000,
    "R": 100,
    "n": 300,
    "Delta_x": 0.01,
    "Delta_t": 0.005050505050505051,
    "mcmc_n_steps": 10000,
    "mcmc_n_burn": 2000,
    "is_baseline": false
  },
  "status": "success",
  "dataset": {
    "kappa_star": [
      3.12551948199565,
      1.4836227496566199,
      2.427779995862962
    ],
    "n_observations": 300
  },
  "mcmc": {
    "acceptance_rate": 0.54785,
    "ess_min": 479.37287879114575,
    "ess_mean": 641.2468296566146,
    "ess_per_coord": [
      479.37287879114575,
      691.0770488108235,
      753.2905613678747
    ],
    "n_chunks": 2,
    "total_steps": 10000,
    "converged": true,
    "efficiency": 0.047937287879114575,
    "n_forward_evals": 10000
  },
  "certificate": {
    "L_hat": 289.22804822203653,
    "KL": 0.0,
    "eta_h": 5e-05,
    "delta_term": 0.01997154849035994,
    "B_lambda": 289.24806977052685,
    "components": {
      "empirical_term": 289.22804822203653,
      "kl_term": 0.0,
      "discretization_term": 5e-05,
      "confidence_term": 0.01997154849035994
    },
    "valid": true
  },
  "posterior_summary": {
    "mean": [
      3.53988515800256,
      3.083644865054507,
      2.8346000121955965
    ],
    "std": [
      0.11258887517216934,
      0.06496379630113247,
      0.1174407879435169
    ]
  },
  "performance": {
    "runtime": 50.63082504272461,
    "test_log_posterior": -565.7266436560003
  }
}