{
  "experiment_id": "s3_sigma0.2_nx100_T0.3_lam0.5_m3_seed101",
  "config": {
    "s": 3,
    "sensor_positions": [
      0.25,
      0.5,
      0.75
    ],
    "placement_type": "fixed",
    "sigma": 0.2,
    "n_x": 100,
    "T": 0.3,
    "lambda": 0.5,
    "c": 1.0,
    "m": 3,
    "n_t": 100,
    "seed": 101,
    "delta": 0.05,
    "alpha": 0.001,
    "M": 2000,
    "R": 100,
    "n": 300,
    "Delta_x": 0.01,
    "Delta_t": 0.0030303030303030303,
    "mcmc_n_steps": 10000,
    "mcmc_n_burn": 2000,
    "is_baseline": false
  },
  "status": "success",
  "dataset": {
    "kappa_star": [
      2.3073951969585615,
      2.4973365540384895,
      0.5996597926733394
    ],
    "n_observations": 300
  },
  "mcmc": {
    "acceptance_rate": 0.5225,
    "ess_min": 478.789047492968,
    "ess_mean": 545.5752706142745,
    "ess_per_coord": [
      518.610431291807,
      478.789047492968,
      639.3263330580484
    ],
    "n_chunks": 2,
    "total_steps": 10000,
    "converged": true,
    "efficiency": 0.0478789047492968,
    "n_forward_evals": 10000
  },
  "certificate": {
    "L_hat": 229.00944096441108,
    "KL": 0.0,
    "eta_h": 5e-05,
    "delta_term": 0.01997154849035994,
    "B_lambda": 229.02946251290143,
    "components": {
      "empirical_term": 229.00944096441108,
      "kl_term": 0.0,
      "discretization_term": 5e-05,
      "confidence_term": 0.01997154849035994
    },
    "valid": true
  },
  "posterior_summary": {
    "mean": [
      3.0206953867370587,
      3.4641765087410503,
      1.2734446155466275
    ],
    "std": [
      0.08387148199653754,
      0.0587759943947194,
      0.055046119683362815
    ]
  },
  "performance": {
    "runtime": 47.63618779182434,
    "test_log_posterior": -494.32799666429275
  }
}