{
  "experiment_id": "s3_sigma0.2_nx50_T0.5_lam1.0_m3_seed303",
  "config": {
    "s": 3,
    "sensor_positions": [
      0.25,
      0.5,
      0.75
    ],
    "placement_type": "fixed",
    "sigma": 0.2,
    "n_x": 50,
    "T": 0.5,
    "lambda": 1.0,
    "c": 1.0,
    "m": 3,
    "n_t": 50,
    "seed": 303,
    "delta": 0.05,
    "alpha": 0.001,
    "M": 2000,
    "R": 100,
    "n": 150,
    "Delta_x": 0.02,
    "Delta_t": 0.01020408163265306,
    "mcmc_n_steps": 10000,
    "mcmc_n_burn": 2000,
    "is_baseline": false
  },
  "status": "success",
  "dataset": {
    "kappa_star": [
      3.12551948199565,
      1.4836227496566199,
      2.427779995862962
    ],
    "n_observations": 150
  },
  "mcmc": {
    "acceptance_rate": 0.51775,
    "ess_min": 627.8825187982698,
    "ess_mean": 679.7035687332404,
    "ess_per_coord": [
      627.8825187982698,
      680.0903200879892,
      731.1378673134623
    ],
    "n_chunks": 2,
    "total_steps": 10000,
    "converged": true,
    "efficiency": 0.06278825187982698,
    "n_forward_evals": 10000
  },
  "certificate": {
    "L_hat": 128.48487939870355,
    "KL": 0.0,
    "eta_h": 0.0002,
    "delta_term": 0.01997154849035994,
    "B_lambda": 128.50505094719392,
    "components": {
      "empirical_term": 128.48487939870355,
      "kl_term": 0.0,
      "discretization_term": 0.0002,
      "confidence_term": 0.01997154849035994
    },
    "valid": true
  },
  "posterior_summary": {
    "mean": [
      3.2373955326105484,
      3.152015697028672,
      2.666478956263417
    ],
    "std": [
      0.09977720240902395,
      0.06893180820936251,
      0.09721408777071039
    ]
  },
  "performance": {
    "runtime": 26.18641996383667,
    "test_log_posterior": -579.7959095974061
  }
}