{
  "experiment_id": "s3_sigma0.2_nx50_T0.3_lam1.0_m5_seed101",
  "config": {
    "s": 3,
    "sensor_positions": [
      0.25,
      0.5,
      0.75
    ],
    "placement_type": "fixed",
    "sigma": 0.2,
    "n_x": 50,
    "T": 0.3,
    "lambda": 1.0,
    "c": 1.0,
    "m": 5,
    "n_t": 50,
    "seed": 101,
    "delta": 0.05,
    "alpha": 0.001,
    "M": 2000,
    "R": 100,
    "n": 150,
    "Delta_x": 0.02,
    "Delta_t": 0.006122448979591836,
    "mcmc_n_steps": 10000,
    "mcmc_n_burn": 2000,
    "is_baseline": false
  },
  "status": "success",
  "dataset": {
    "kappa_star": [
      2.3073951969585615,
      2.4973365540384895,
      0.5996597926733394,
      1.1003257967878608,
      2.898469435940594
    ],
    "n_observations": 150
  },
  "mcmc": {
    "acceptance_rate": 0.47203333333333336,
    "ess_min": 196.9819844319321,
    "ess_mean": 461.32390649195366,
    "ess_per_coord": [
      785.029154289894,
      736.6725103227159,
      386.1482276228456,
      201.7876557923807,
      196.9819844319321
    ],
    "n_chunks": 8,
    "total_steps": 40000,
    "converged": false,
    "efficiency": 0.004924549610798302,
    "n_forward_evals": 40000
  },
  "certificate": {
    "L_hat": 78.99635168670721,
    "KL": 0.0,
    "eta_h": 0.0002,
    "delta_term": 0.01997154849035994,
    "B_lambda": 79.01652323519758,
    "components": {
      "empirical_term": 78.99635168670721,
      "kl_term": 0.0,
      "discretization_term": 0.0002,
      "confidence_term": 0.01997154849035994
    },
    "valid": true
  },
  "posterior_summary": {
    "mean": [
      3.0511100503090858,
      2.7907182976558493,
      2.3601275431242805,
      2.3487385558952716,
      2.3623138234877548
    ],
    "std": [
      0.2789792777298048,
      0.15911978560788398,
      0.10151825776595871,
      0.20384445833066359,
      0.3534860470786033
    ]
  },
  "performance": {
    "runtime": 261.41257905960083,
    "test_log_posterior": -1971.4194071350348
  }
}