{
  "experiment_id": "s3_sigma0.2_nx100_T0.3_lam1.0_m3_seed303",
  "config": {
    "s": 3,
    "sensor_positions": [
      0.25,
      0.5,
      0.75
    ],
    "placement_type": "fixed",
    "sigma": 0.2,
    "n_x": 100,
    "T": 0.3,
    "lambda": 1.0,
    "c": 1.0,
    "m": 3,
    "n_t": 50,
    "seed": 303,
    "delta": 0.05,
    "alpha": 0.001,
    "M": 2000,
    "R": 100,
    "n": 150,
    "Delta_x": 0.01,
    "Delta_t": 0.006122448979591836,
    "mcmc_n_steps": 10000,
    "mcmc_n_burn": 2000,
    "is_baseline": false
  },
  "status": "success",
  "dataset": {
    "kappa_star": [
      3.12551948199565,
      1.4836227496566199,
      2.427779995862962
    ],
    "n_observations": 150
  },
  "mcmc": {
    "acceptance_rate": 0.47859999999999997,
    "ess_min": 589.7176116512951,
    "ess_mean": 675.1765177321574,
    "ess_per_coord": [
      589.7176116512951,
      655.7432155533847,
      780.0687259917925
    ],
    "n_chunks": 2,
    "total_steps": 10000,
    "converged": true,
    "efficiency": 0.05897176116512951,
    "n_forward_evals": 10000
  },
  "certificate": {
    "L_hat": 96.92720165878939,
    "KL": 0.0,
    "eta_h": 5e-05,
    "delta_term": 0.01997154849035994,
    "B_lambda": 96.94722320727975,
    "components": {
      "empirical_term": 96.92720165878939,
      "kl_term": 0.0,
      "discretization_term": 5e-05,
      "confidence_term": 0.01997154849035994
    },
    "valid": true
  },
  "posterior_summary": {
    "mean": [
      3.2749085908783275,
      3.2027700353013047,
      2.6176419403326645
    ],
    "std": [
      0.0777142424667222,
      0.06092187472213594,
      0.07690444342090018
    ]
  },
  "performance": {
    "runtime": 24.87815499305725,
    "test_log_posterior": -784.9350360533745
  }
}