{
  "experiment_id": "s5_sigma0.1_nx100_T0.5_lam2.0_m5_seed202",
  "config": {
    "s": 5,
    "sensor_positions": [
      0.1,
      0.3,
      0.5,
      0.7,
      0.9
    ],
    "placement_type": "fixed",
    "sigma": 0.1,
    "n_x": 100,
    "T": 0.5,
    "lambda": 2.0,
    "c": 1.0,
    "m": 5,
    "n_t": 50,
    "seed": 202,
    "delta": 0.05,
    "alpha": 0.001,
    "M": 2000,
    "R": 100,
    "n": 250,
    "Delta_x": 0.01,
    "Delta_t": 0.01020408163265306,
    "mcmc_n_steps": 10000,
    "mcmc_n_burn": 2000,
    "is_baseline": false
  },
  "status": "success",
  "dataset": {
    "kappa_star": [
      1.2847216299636934,
      1.4241900884838463,
      3.920764034845088,
      3.9752807832159958,
      3.9824723567684557
    ],
    "n_observations": 250
  },
  "mcmc": {
    "acceptance_rate": 0.14161666666666667,
    "ess_min": 109.17408381863724,
    "ess_mean": 1167.7384227517432,
    "ess_per_coord": [
      2578.9435656635574,
      2196.673699130956,
      449.02806024836605,
      504.87270489719924,
      109.17408381863724
    ],
    "n_chunks": 8,
    "total_steps": 40000,
    "converged": false,
    "efficiency": 0.002729352095465931,
    "n_forward_evals": 40000
  },
  "certificate": {
    "L_hat": 4460.426560917852,
    "KL": 0.0,
    "eta_h": 5e-05,
    "delta_term": 0.0059914645471079815,
    "B_lambda": 4460.432602382399,
    "components": {
      "empirical_term": 4460.426560917852,
      "kl_term": 0.0,
      "discretization_term": 5e-05,
      "confidence_term": 0.0059914645471079815
    },
    "valid": true
  },
  "posterior_summary": {
    "mean": [
      2.24222020218871,
      3.6966621354479012,
      4.997534474981508,
      4.998701249616788,
      4.995182660740877
    ],
    "std": [
      0.04955227672391217,
      0.029187162382238577,
      0.0017878931401929638,
      0.001086239769673856,
      0.0044133811607280325
    ]
  },
  "performance": {
    "runtime": 389.17726707458496,
    "test_log_posterior": -23431.61067193491
  }
}