{
  "experiment_id": "s5_sigma0.1_nx100_T0.3_lam1.0_m3_seed202",
  "config": {
    "s": 5,
    "sensor_positions": [
      0.2,
      0.35,
      0.5,
      0.65,
      0.8
    ],
    "placement_type": "shifted",
    "sigma": 0.1,
    "n_x": 100,
    "T": 0.3,
    "lambda": 1.0,
    "c": 1.0,
    "m": 3,
    "n_t": 100,
    "seed": 202,
    "delta": 0.05,
    "alpha": 0.001,
    "M": 2000,
    "R": 100,
    "n": 500,
    "Delta_x": 0.01,
    "Delta_t": 0.0030303030303030303,
    "mcmc_n_steps": 10000,
    "mcmc_n_burn": 2000,
    "is_baseline": false
  },
  "status": "success",
  "dataset": {
    "kappa_star": [
      1.2847216299636934,
      1.4241900884838463,
      3.920764034845088
    ],
    "n_observations": 500
  },
  "mcmc": {
    "acceptance_rate": 0.5277499999999999,
    "ess_min": 528.6111220255439,
    "ess_mean": 573.5186896935255,
    "ess_per_coord": [
      528.6111220255439,
      582.718301831894,
      609.2266452231388
    ],
    "n_chunks": 2,
    "total_steps": 10000,
    "converged": true,
    "efficiency": 0.052861112202554385,
    "n_forward_evals": 10000
  },
  "certificate": {
    "L_hat": 1439.680825977393,
    "KL": 0.0,
    "eta_h": 5e-05,
    "delta_term": 0.0059914645471079815,
    "B_lambda": 1439.6868674419402,
    "components": {
      "empirical_term": 1439.680825977393,
      "kl_term": 0.0,
      "discretization_term": 5e-05,
      "confidence_term": 0.0059914645471079815
    },
    "valid": true
  },
  "posterior_summary": {
    "mean": [
      1.3886786493776113,
      2.3746207998760247,
      4.321396855399343
    ],
    "std": [
      0.021828959264096275,
      0.013966798568916356,
      0.03579330603445685
    ]
  },
  "performance": {
    "runtime": 48.30663228034973,
    "test_log_posterior": -6529.324854636824
  }
}