{
  "experiment_id": "s3_sigma0.05_nx100_T0.5_lam2.0_m5_seed303",
  "config": {
    "s": 3,
    "sensor_positions": [
      0.25,
      0.5,
      0.75
    ],
    "placement_type": "fixed",
    "sigma": 0.05,
    "n_x": 100,
    "T": 0.5,
    "lambda": 2.0,
    "c": 1.0,
    "m": 5,
    "n_t": 100,
    "seed": 303,
    "delta": 0.05,
    "alpha": 0.001,
    "M": 2000,
    "R": 100,
    "n": 300,
    "Delta_x": 0.01,
    "Delta_t": 0.005050505050505051,
    "mcmc_n_steps": 10000,
    "mcmc_n_burn": 2000,
    "is_baseline": false
  },
  "status": "success",
  "dataset": {
    "kappa_star": [
      3.12551948199565,
      1.4836227496566199,
      2.427779995862962,
      3.3381215081208255,
      2.6741059937440994
    ],
    "n_observations": 300
  },
  "mcmc": {
    "acceptance_rate": 0.5728833333333333,
    "ess_min": 468.22272519055514,
    "ess_mean": 642.39123772409,
    "ess_per_coord": [
      601.7537555072668,
      762.8954150774916,
      889.1166523655113,
      489.96764047962563,
      468.22272519055514
    ],
    "n_chunks": 4,
    "total_steps": 20000,
    "converged": true,
    "efficiency": 0.023411136259527756,
    "n_forward_evals": 20000
  },
  "certificate": {
    "L_hat": 19602.22458772543,
    "KL": 0.0,
    "eta_h": 5e-05,
    "delta_term": 0.004992887122589985,
    "B_lambda": 19602.229630612554,
    "components": {
      "empirical_term": 19602.22458772543,
      "kl_term": 0.0,
      "discretization_term": 5e-05,
      "confidence_term": 0.004992887122589985
    },
    "valid": true
  },
  "posterior_summary": {
    "mean": [
      2.958680492457441,
      3.5320283227014175,
      4.082784718985974,
      4.0384249399179515,
      3.924671323275147
    ],
    "std": [
      0.025224417766278453,
      0.014544600409129091,
      0.009548739143507538,
      0.01369120195834478,
      0.024465587582745144
    ]
  },
  "performance": {
    "runtime": 224.47201991081238,
    "test_log_posterior": -129056.18459257417
  }
}