{
  "experiment_id": "s5_sigma0.1_nx100_T0.3_lam0.5_m5_seed303",
  "config": {
    "s": 5,
    "sensor_positions": [
      0.2,
      0.35,
      0.5,
      0.65,
      0.8
    ],
    "placement_type": "shifted",
    "sigma": 0.1,
    "n_x": 100,
    "T": 0.3,
    "lambda": 0.5,
    "c": 1.0,
    "m": 5,
    "n_t": 50,
    "seed": 303,
    "delta": 0.05,
    "alpha": 0.001,
    "M": 2000,
    "R": 100,
    "n": 250,
    "Delta_x": 0.01,
    "Delta_t": 0.006122448979591836,
    "mcmc_n_steps": 10000,
    "mcmc_n_burn": 2000,
    "is_baseline": false
  },
  "status": "success",
  "dataset": {
    "kappa_star": [
      3.12551948199565,
      1.4836227496566199,
      2.427779995862962,
      3.3381215081208255,
      2.6741059937440994
    ],
    "n_observations": 250
  },
  "mcmc": {
    "acceptance_rate": 0.5303333333333332,
    "ess_min": 525.2242312829836,
    "ess_mean": 625.4110848994058,
    "ess_per_coord": [
      796.7701261514517,
      616.8658028121285,
      525.2242312829836,
      544.7493439558864,
      643.4459202945789
    ],
    "n_chunks": 3,
    "total_steps": 15000,
    "converged": true,
    "efficiency": 0.03501494875219891,
    "n_forward_evals": 15000
  },
  "certificate": {
    "L_hat": 2721.9510394609997,
    "KL": 0.0,
    "eta_h": 5e-05,
    "delta_term": 0.023965858188431926,
    "B_lambda": 2721.9750553191884,
    "components": {
      "empirical_term": 2721.9510394609997,
      "kl_term": 0.0,
      "discretization_term": 5e-05,
      "confidence_term": 0.023965858188431926
    },
    "valid": true
  },
  "posterior_summary": {
    "mean": [
      1.7894645781739331,
      3.591047923347081,
      4.397527004882207,
      4.333908113496013,
      2.4424487072406733
    ],
    "std": [
      0.06592053241022243,
      0.050687766244426995,
      0.044193673101089084,
      0.05532915867510001,
      0.0632248029914396
    ]
  },
  "performance": {
    "runtime": 86.65693402290344,
    "test_log_posterior": -8667.837946017793
  }
}