{
  "experiment_id": "s3_sigma0.1_nx100_T0.3_lam0.5_m5_seed101",
  "config": {
    "s": 3,
    "sensor_positions": [
      0.25,
      0.5,
      0.75
    ],
    "placement_type": "fixed",
    "sigma": 0.1,
    "n_x": 100,
    "T": 0.3,
    "lambda": 0.5,
    "c": 1.0,
    "m": 5,
    "n_t": 100,
    "seed": 101,
    "delta": 0.05,
    "alpha": 0.001,
    "M": 2000,
    "R": 100,
    "n": 300,
    "Delta_x": 0.01,
    "Delta_t": 0.0030303030303030303,
    "mcmc_n_steps": 10000,
    "mcmc_n_burn": 2000,
    "is_baseline": false
  },
  "status": "success",
  "dataset": {
    "kappa_star": [
      2.3073951969585615,
      2.4973365540384895,
      0.5996597926733394,
      1.1003257967878608,
      2.898469435940594
    ],
    "n_observations": 300
  },
  "mcmc": {
    "acceptance_rate": 0.46833333333333343,
    "ess_min": 232.6929710269536,
    "ess_mean": 457.64617295660145,
    "ess_per_coord": [
      721.8887642881148,
      666.1474983411965,
      428.5940085794781,
      232.6929710269536,
      238.9076225472641
    ],
    "n_chunks": 8,
    "total_steps": 40000,
    "converged": false,
    "efficiency": 0.005817324275673839,
    "n_forward_evals": 40000
  },
  "certificate": {
    "L_hat": 329.31696469942324,
    "KL": 0.0,
    "eta_h": 5e-05,
    "delta_term": 0.01997154849035994,
    "B_lambda": 329.33698624791356,
    "components": {
      "empirical_term": 329.31696469942324,
      "kl_term": 0.0,
      "discretization_term": 5e-05,
      "confidence_term": 0.01997154849035994
    },
    "valid": true
  },
  "posterior_summary": {
    "mean": [
      3.0468462730097854,
      2.8050201774954333,
      2.2914127656992944,
      2.2712144003040304,
      2.4074455246021333
    ],
    "std": [
      0.13022458523228475,
      0.07561032264872386,
      0.0429633692953372,
      0.10696485845133905,
      0.17676551900699836
    ]
  },
  "performance": {
    "runtime": 285.0093801021576,
    "test_log_posterior": -7253.702253415222
  }
}