{
  "experiment_id": "s5_sigma0.2_nx50_T0.3_lam2.0_m5_seed101",
  "config": {
    "s": 5,
    "sensor_positions": [
      0.2,
      0.35,
      0.5,
      0.65,
      0.8
    ],
    "placement_type": "shifted",
    "sigma": 0.2,
    "n_x": 50,
    "T": 0.3,
    "lambda": 2.0,
    "c": 1.0,
    "m": 5,
    "n_t": 50,
    "seed": 101,
    "delta": 0.05,
    "alpha": 0.001,
    "M": 2000,
    "R": 100,
    "n": 250,
    "Delta_x": 0.02,
    "Delta_t": 0.006122448979591836,
    "mcmc_n_steps": 10000,
    "mcmc_n_burn": 2000,
    "is_baseline": false
  },
  "status": "success",
  "dataset": {
    "kappa_star": [
      2.3073951969585615,
      2.4973365540384895,
      0.5996597926733394,
      1.1003257967878608,
      2.898469435940594
    ],
    "n_observations": 250
  },
  "mcmc": {
    "acceptance_rate": 0.530175,
    "ess_min": 355.28190237234213,
    "ess_mean": 685.3207746116439,
    "ess_per_coord": [
      1315.8193332738801,
      720.7689407305882,
      514.1189932141285,
      355.28190237234213,
      520.6147034672804
    ],
    "n_chunks": 8,
    "total_steps": 40000,
    "converged": false,
    "efficiency": 0.008882047559308553,
    "n_forward_evals": 40000
  },
  "certificate": {
    "L_hat": 148.48070994960452,
    "KL": 0.0,
    "eta_h": 0.0002,
    "delta_term": 0.0059914645471079815,
    "B_lambda": 148.48690141415162,
    "components": {
      "empirical_term": 148.48070994960452,
      "kl_term": 0.0,
      "discretization_term": 0.0002,
      "confidence_term": 0.0059914645471079815
    },
    "valid": true
  },
  "posterior_summary": {
    "mean": [
      1.559729568273663,
      3.0972983752361447,
      2.364840019138046,
      2.200134535574995,
      1.4639732057137422
    ],
    "std": [
      0.07218491727314472,
      0.07766093519905833,
      0.062208360909079004,
      0.0697898424373095,
      0.08500068133762469
    ]
  },
  "performance": {
    "runtime": 236.97720503807068,
    "test_log_posterior": -5739.5491067044
  }
}