{
  "experiment_id": "s3_sigma0.1_nx50_T0.3_lam1.0_m5_seed202",
  "config": {
    "s": 3,
    "sensor_positions": [
      0.25,
      0.5,
      0.75
    ],
    "placement_type": "fixed",
    "sigma": 0.1,
    "n_x": 50,
    "T": 0.3,
    "lambda": 1.0,
    "c": 1.0,
    "m": 5,
    "n_t": 100,
    "seed": 202,
    "delta": 0.05,
    "alpha": 0.001,
    "M": 2000,
    "R": 100,
    "n": 300,
    "Delta_x": 0.02,
    "Delta_t": 0.0030303030303030303,
    "mcmc_n_steps": 10000,
    "mcmc_n_burn": 2000,
    "is_baseline": false
  },
  "status": "success",
  "dataset": {
    "kappa_star": [
      1.2847216299636934,
      1.4241900884838463,
      3.920764034845088,
      3.9752807832159958,
      3.9824723567684557
    ],
    "n_observations": 300
  },
  "mcmc": {
    "acceptance_rate": 0.028558333333333335,
    "ess_min": 57.42745595032536,
    "ess_mean": 345.8039128830434,
    "ess_per_coord": [
      752.781283515993,
      677.2203250800281,
      132.56053823226313,
      109.02996163660734,
      57.42745595032536
    ],
    "n_chunks": 8,
    "total_steps": 40000,
    "converged": false,
    "efficiency": 0.001435686398758134,
    "n_forward_evals": 40000
  },
  "certificate": {
    "L_hat": 6306.070045722283,
    "KL": 0.0,
    "eta_h": 0.0002,
    "delta_term": 0.00998577424517997,
    "B_lambda": 6306.0802314965285,
    "components": {
      "empirical_term": 6306.070045722283,
      "kl_term": 0.0,
      "discretization_term": 0.0002,
      "confidence_term": 0.00998577424517997
    },
    "valid": true
  },
  "posterior_summary": {
    "mean": [
      1.15418029035982,
      4.247773495817303,
      4.998664904654948,
      4.999259628132695,
      4.995548754569272
    ],
    "std": [
      0.043363459683302505,
      0.03224649604776012,
      0.0009311661284540356,
      0.0010459917986853145,
      0.003256135984446865
    ]
  },
  "performance": {
    "runtime": 529.0505509376526,
    "test_log_posterior": -24887.8303526722
  }
}