{
  "experiment_id": "s5_sigma0.05_nx50_T0.3_lam2.0_m3_seed202",
  "config": {
    "s": 5,
    "sensor_positions": [
      0.1,
      0.3,
      0.5,
      0.7,
      0.9
    ],
    "placement_type": "fixed",
    "sigma": 0.05,
    "n_x": 50,
    "T": 0.3,
    "lambda": 2.0,
    "c": 1.0,
    "m": 3,
    "n_t": 100,
    "seed": 202,
    "delta": 0.05,
    "alpha": 0.001,
    "M": 2000,
    "R": 100,
    "n": 500,
    "Delta_x": 0.02,
    "Delta_t": 0.0030303030303030303,
    "mcmc_n_steps": 10000,
    "mcmc_n_burn": 2000,
    "is_baseline": false
  },
  "status": "success",
  "dataset": {
    "kappa_star": [
      1.2847216299636934,
      1.4241900884838463,
      3.920764034845088
    ],
    "n_observations": 500
  },
  "mcmc": {
    "acceptance_rate": 0.51385,
    "ess_min": 523.0352089137598,
    "ess_mean": 571.381420715214,
    "ess_per_coord": [
      523.0352089137598,
      542.4585269251601,
      648.6505263067219
    ],
    "n_chunks": 2,
    "total_steps": 10000,
    "converged": true,
    "efficiency": 0.05230352089137598,
    "n_forward_evals": 10000
  },
  "certificate": {
    "L_hat": 1102.29842014003,
    "KL": 0.0,
    "eta_h": 0.0002,
    "delta_term": 0.0029957322735539907,
    "B_lambda": 1102.3016158723035,
    "components": {
      "empirical_term": 1102.29842014003,
      "kl_term": 0.0,
      "discretization_term": 0.0002,
      "confidence_term": 0.0029957322735539907
    },
    "valid": true
  },
  "posterior_summary": {
    "mean": [
      1.317954746226352,
      2.9591441691421365,
      3.301295737670046
    ],
    "std": [
      0.00603500240825961,
      0.007272618358602839,
      0.009179067891218065
    ]
  },
  "performance": {
    "runtime": 50.91308808326721,
    "test_log_posterior": -37755.889486313325
  }
}