{
  "experiment_id": "s5_sigma0.1_nx50_T0.5_lam1.0_m5_seed101",
  "config": {
    "s": 5,
    "sensor_positions": [
      0.2,
      0.35,
      0.5,
      0.65,
      0.8
    ],
    "placement_type": "shifted",
    "sigma": 0.1,
    "n_x": 50,
    "T": 0.5,
    "lambda": 1.0,
    "c": 1.0,
    "m": 5,
    "n_t": 50,
    "seed": 101,
    "delta": 0.05,
    "alpha": 0.001,
    "M": 2000,
    "R": 100,
    "n": 250,
    "Delta_x": 0.02,
    "Delta_t": 0.01020408163265306,
    "mcmc_n_steps": 10000,
    "mcmc_n_burn": 2000,
    "is_baseline": false
  },
  "status": "success",
  "dataset": {
    "kappa_star": [
      2.3073951969585615,
      2.4973365540384895,
      0.5996597926733394,
      1.1003257967878608,
      2.898469435940594
    ],
    "n_observations": 250
  },
  "mcmc": {
    "acceptance_rate": 0.5543333333333335,
    "ess_min": 454.8299383130242,
    "ess_mean": 542.3273303549244,
    "ess_per_coord": [
      702.4114345851201,
      534.2592286775038,
      538.2963887683137,
      454.8299383130242,
      481.83966143066044
    ],
    "n_chunks": 4,
    "total_steps": 20000,
    "converged": true,
    "efficiency": 0.022741496915651208,
    "n_forward_evals": 20000
  },
  "certificate": {
    "L_hat": 442.6602372499449,
    "KL": 0.0,
    "eta_h": 0.0002,
    "delta_term": 0.011982929094215963,
    "B_lambda": 442.6724201790391,
    "components": {
      "empirical_term": 442.6602372499449,
      "kl_term": 0.0,
      "discretization_term": 0.0002,
      "confidence_term": 0.011982929094215963
    },
    "valid": true
  },
  "posterior_summary": {
    "mean": [
      1.8125646880992707,
      2.8547379252882723,
      2.424135825539835,
      2.22423904668216,
      1.4578865664482528
    ],
    "std": [
      0.05501880810486126,
      0.04194446199960836,
      0.03896795035086779,
      0.04720517398964161,
      0.05892888264979064
    ]
  },
  "performance": {
    "runtime": 185.81976294517517,
    "test_log_posterior": -8103.148317213295
  }
}