{
  "experiment_id": "s3_sigma0.1_nx50_T0.3_lam1.0_m3_seed303",
  "config": {
    "s": 3,
    "sensor_positions": [
      0.2,
      0.5,
      0.8
    ],
    "placement_type": "shifted",
    "sigma": 0.1,
    "n_x": 50,
    "T": 0.3,
    "lambda": 1.0,
    "c": 1.0,
    "m": 3,
    "n_t": 100,
    "seed": 303,
    "delta": 0.05,
    "alpha": 0.001,
    "M": 2000,
    "R": 100,
    "n": 300,
    "Delta_x": 0.02,
    "Delta_t": 0.0030303030303030303,
    "mcmc_n_steps": 10000,
    "mcmc_n_burn": 2000,
    "is_baseline": false
  },
  "status": "success",
  "dataset": {
    "kappa_star": [
      3.12551948199565,
      1.4836227496566199,
      2.427779995862962
    ],
    "n_observations": 300
  },
  "mcmc": {
    "acceptance_rate": 0.58085,
    "ess_min": 534.2265573243811,
    "ess_mean": 572.1856071788694,
    "ess_per_coord": [
      534.2265573243811,
      539.9100455639596,
      642.4202186482675
    ],
    "n_chunks": 2,
    "total_steps": 10000,
    "converged": true,
    "efficiency": 0.05342265573243812,
    "n_forward_evals": 10000
  },
  "certificate": {
    "L_hat": 462.18622574223446,
    "KL": 0.0,
    "eta_h": 0.0002,
    "delta_term": 0.00998577424517997,
    "B_lambda": 462.19641151647966,
    "components": {
      "empirical_term": 462.18622574223446,
      "kl_term": 0.0,
      "discretization_term": 0.0002,
      "confidence_term": 0.00998577424517997
    },
    "valid": true
  },
  "posterior_summary": {
    "mean": [
      3.575655899941869,
      3.1544594981287917,
      2.886319939676091
    ],
    "std": [
      0.03578858960440828,
      0.02010221230536974,
      0.036473095109755646
    ]
  },
  "performance": {
    "runtime": 30.401530265808105,
    "test_log_posterior": -5854.546872362189
  }
}