{
  "experiment_id": "s3_sigma0.05_nx50_T0.5_lam0.5_m5_seed303",
  "config": {
    "s": 3,
    "sensor_positions": [
      0.2,
      0.5,
      0.8
    ],
    "placement_type": "shifted",
    "sigma": 0.05,
    "n_x": 50,
    "T": 0.5,
    "lambda": 0.5,
    "c": 1.0,
    "m": 5,
    "n_t": 100,
    "seed": 303,
    "delta": 0.05,
    "alpha": 0.001,
    "M": 2000,
    "R": 100,
    "n": 300,
    "Delta_x": 0.02,
    "Delta_t": 0.005050505050505051,
    "mcmc_n_steps": 10000,
    "mcmc_n_burn": 2000,
    "is_baseline": false
  },
  "status": "success",
  "dataset": {
    "kappa_star": [
      3.12551948199565,
      1.4836227496566199,
      2.427779995862962,
      3.3381215081208255,
      2.6741059937440994
    ],
    "n_observations": 300
  },
  "mcmc": {
    "acceptance_rate": 0.5365777777777777,
    "ess_min": 457.8282519035922,
    "ess_mean": 560.5248941742464,
    "ess_per_coord": [
      609.6375902212125,
      720.0136045298483,
      457.8282519035922,
      465.9564157790505,
      549.1886084375282
    ],
    "n_chunks": 3,
    "total_steps": 15000,
    "converged": true,
    "efficiency": 0.03052188346023948,
    "n_forward_evals": 15000
  },
  "certificate": {
    "L_hat": 14151.555776408604,
    "KL": 0.0,
    "eta_h": 0.0002,
    "delta_term": 0.01997154849035994,
    "B_lambda": 14151.575947957095,
    "components": {
      "empirical_term": 14151.555776408604,
      "kl_term": 0.0,
      "discretization_term": 0.0002,
      "confidence_term": 0.01997154849035994
    },
    "valid": true
  },
  "posterior_summary": {
    "mean": [
      1.7439532314892754,
      3.5956926043995368,
      4.188541552527326,
      3.777664611363261,
      2.5950988551205763
    ],
    "std": [
      0.027387647866520107,
      0.03356589114152323,
      0.022880947422628226,
      0.03306700352093507,
      0.03510525377516352
    ]
  },
  "performance": {
    "runtime": 100.91532683372498,
    "test_log_posterior": -22184.02962439317
  }
}