{
  "experiment_id": "s5_sigma0.05_nx50_T0.5_lam2.0_m5_seed303",
  "config": {
    "s": 5,
    "sensor_positions": [
      0.2,
      0.35,
      0.5,
      0.65,
      0.8
    ],
    "placement_type": "shifted",
    "sigma": 0.05,
    "n_x": 50,
    "T": 0.5,
    "lambda": 2.0,
    "c": 1.0,
    "m": 5,
    "n_t": 100,
    "seed": 303,
    "delta": 0.05,
    "alpha": 0.001,
    "M": 2000,
    "R": 100,
    "n": 500,
    "Delta_x": 0.02,
    "Delta_t": 0.005050505050505051,
    "mcmc_n_steps": 10000,
    "mcmc_n_burn": 2000,
    "is_baseline": false
  },
  "status": "success",
  "dataset": {
    "kappa_star": [
      3.12551948199565,
      1.4836227496566199,
      2.427779995862962,
      3.3381215081208255,
      2.6741059937440994
    ],
    "n_observations": 500
  },
  "mcmc": {
    "acceptance_rate": 0.5805,
    "ess_min": 516.4965105661753,
    "ess_mean": 756.9734952732673,
    "ess_per_coord": [
      1103.625111329399,
      790.4793704695649,
      798.0912504947834,
      576.175233506414,
      516.4965105661753
    ],
    "n_chunks": 4,
    "total_steps": 20000,
    "converged": true,
    "efficiency": 0.025824825528308764,
    "n_forward_evals": 20000
  },
  "certificate": {
    "L_hat": 30527.803083167044,
    "KL": 0.0,
    "eta_h": 0.0002,
    "delta_term": 0.0029957322735539907,
    "B_lambda": 30527.806278899316,
    "components": {
      "empirical_term": 30527.803083167044,
      "kl_term": 0.0,
      "discretization_term": 0.0002,
      "confidence_term": 0.0029957322735539907
    },
    "valid": true
  },
  "posterior_summary": {
    "mean": [
      2.0476541564594917,
      3.460472554951711,
      4.137725802025176,
      4.067943796568977,
      2.7496228137034957
    ],
    "std": [
      0.012280967478172191,
      0.010102686974563974,
      0.009070749230686919,
      0.010794445325234579,
      0.013424516341170634
    ]
  },
  "performance": {
    "runtime": 368.43340396881104,
    "test_log_posterior": -193606.7393493663
  }
}