{
  "experiment_id": "s5_sigma0.05_nx50_T0.5_lam1.0_m3_seed101",
  "config": {
    "s": 5,
    "sensor_positions": [
      0.1,
      0.3,
      0.5,
      0.7,
      0.9
    ],
    "placement_type": "fixed",
    "sigma": 0.05,
    "n_x": 50,
    "T": 0.5,
    "lambda": 1.0,
    "c": 1.0,
    "m": 3,
    "n_t": 50,
    "seed": 101,
    "delta": 0.05,
    "alpha": 0.001,
    "M": 2000,
    "R": 100,
    "n": 250,
    "Delta_x": 0.02,
    "Delta_t": 0.01020408163265306,
    "mcmc_n_steps": 10000,
    "mcmc_n_burn": 2000,
    "is_baseline": false
  },
  "status": "success",
  "dataset": {
    "kappa_star": [
      2.3073951969585615,
      2.4973365540384895,
      0.5996597926733394
    ],
    "n_observations": 250
  },
  "mcmc": {
    "acceptance_rate": 0.5321,
    "ess_min": 562.8457653435257,
    "ess_mean": 692.2582816602618,
    "ess_per_coord": [
      562.8457653435257,
      665.8243443876872,
      848.1047352495726
    ],
    "n_chunks": 2,
    "total_steps": 10000,
    "converged": true,
    "efficiency": 0.05628457653435257,
    "n_forward_evals": 10000
  },
  "certificate": {
    "L_hat": 1284.9637144891358,
    "KL": 0.0,
    "eta_h": 0.0002,
    "delta_term": 0.011982929094215963,
    "B_lambda": 1284.97589741823,
    "components": {
      "empirical_term": 1284.9637144891358,
      "kl_term": 0.0,
      "discretization_term": 0.0002,
      "confidence_term": 0.011982929094215963
    },
    "valid": true
  },
  "posterior_summary": {
    "mean": [
      2.5867532829897932,
      3.3474135631520223,
      1.1243610570631393
    ],
    "std": [
      0.019161515435533794,
      0.017363311133690367,
      0.013222070333163026
    ]
  },
  "performance": {
    "runtime": 36.316527128219604,
    "test_log_posterior": -4798.502997346903
  }
}