{
  "experiment_id": "s5_sigma0.2_nx50_T0.5_lam0.5_m3_seed101",
  "config": {
    "s": 5,
    "sensor_positions": [
      0.2,
      0.35,
      0.5,
      0.65,
      0.8
    ],
    "placement_type": "shifted",
    "sigma": 0.2,
    "n_x": 50,
    "T": 0.5,
    "lambda": 0.5,
    "c": 1.0,
    "m": 3,
    "n_t": 50,
    "seed": 101,
    "delta": 0.05,
    "alpha": 0.001,
    "M": 2000,
    "R": 100,
    "n": 250,
    "Delta_x": 0.02,
    "Delta_t": 0.01020408163265306,
    "mcmc_n_steps": 10000,
    "mcmc_n_burn": 2000,
    "is_baseline": false
  },
  "status": "success",
  "dataset": {
    "kappa_star": [
      2.3073951969585615,
      2.4973365540384895,
      0.5996597926733394
    ],
    "n_observations": 250
  },
  "mcmc": {
    "acceptance_rate": 0.5002,
    "ess_min": 464.3384678496657,
    "ess_mean": 547.9457022835585,
    "ess_per_coord": [
      464.3384678496657,
      494.96697278514193,
      684.5316662158676
    ],
    "n_chunks": 2,
    "total_steps": 10000,
    "converged": true,
    "efficiency": 0.046433846784966565,
    "n_forward_evals": 10000
  },
  "certificate": {
    "L_hat": 300.2965682579021,
    "KL": 0.0,
    "eta_h": 0.0002,
    "delta_term": 0.023965858188431926,
    "B_lambda": 300.32073411609053,
    "components": {
      "empirical_term": 300.2965682579021,
      "kl_term": 0.0,
      "discretization_term": 0.0002,
      "confidence_term": 0.023965858188431926
    },
    "valid": true
  },
  "posterior_summary": {
    "mean": [
      3.0163015753449174,
      2.7769149826624187,
      0.9546028357330973
    ],
    "std": [
      0.14929423688400395,
      0.05837929506637058,
      0.09809084513311445
    ]
  },
  "performance": {
    "runtime": 25.16265296936035,
    "test_log_posterior": -207.12547400271396
  }
}