{
  "experiment_id": "s5_sigma0.2_nx50_T0.3_lam0.5_m5_seed303",
  "config": {
    "s": 5,
    "sensor_positions": [
      0.2,
      0.35,
      0.5,
      0.65,
      0.8
    ],
    "placement_type": "shifted",
    "sigma": 0.2,
    "n_x": 50,
    "T": 0.3,
    "lambda": 0.5,
    "c": 1.0,
    "m": 5,
    "n_t": 100,
    "seed": 303,
    "delta": 0.05,
    "alpha": 0.001,
    "M": 2000,
    "R": 100,
    "n": 500,
    "Delta_x": 0.02,
    "Delta_t": 0.0030303030303030303,
    "mcmc_n_steps": 10000,
    "mcmc_n_burn": 2000,
    "is_baseline": false
  },
  "status": "success",
  "dataset": {
    "kappa_star": [
      3.12551948199565,
      1.4836227496566199,
      2.427779995862962,
      3.3381215081208255,
      2.6741059937440994
    ],
    "n_observations": 500
  },
  "mcmc": {
    "acceptance_rate": 0.5595777777777778,
    "ess_min": 435.20754882627386,
    "ess_mean": 515.7063975533321,
    "ess_per_coord": [
      551.1964168099427,
      435.20754882627386,
      472.99341467968685,
      536.5825503403394,
      582.5520571104175
    ],
    "n_chunks": 3,
    "total_steps": 15000,
    "converged": true,
    "efficiency": 0.029013836588418256,
    "n_forward_evals": 15000
  },
  "certificate": {
    "L_hat": 1622.3848863979813,
    "KL": 0.0,
    "eta_h": 0.0002,
    "delta_term": 0.011982929094215963,
    "B_lambda": 1622.3970693270755,
    "components": {
      "empirical_term": 1622.3848863979813,
      "kl_term": 0.0,
      "discretization_term": 0.0002,
      "confidence_term": 0.011982929094215963
    },
    "valid": true
  },
  "posterior_summary": {
    "mean": [
      1.795417188157809,
      3.5777403160783687,
      4.380188231266169,
      4.307097303705332,
      2.575645147011564
    ],
    "std": [
      0.09269496234851218,
      0.07492081681217243,
      0.06561854456136952,
      0.07847054354981108,
      0.08695883132958747
    ]
  },
  "performance": {
    "runtime": 169.99101400375366,
    "test_log_posterior": -4411.570343920662
  }
}