{
  "experiment_id": "s5_sigma0.2_nx100_T0.5_lam2.0_m5_seed202",
  "config": {
    "s": 5,
    "sensor_positions": [
      0.1,
      0.3,
      0.5,
      0.7,
      0.9
    ],
    "placement_type": "fixed",
    "sigma": 0.2,
    "n_x": 100,
    "T": 0.5,
    "lambda": 2.0,
    "c": 1.0,
    "m": 5,
    "n_t": 50,
    "seed": 202,
    "delta": 0.05,
    "alpha": 0.001,
    "M": 2000,
    "R": 100,
    "n": 250,
    "Delta_x": 0.01,
    "Delta_t": 0.01020408163265306,
    "mcmc_n_steps": 10000,
    "mcmc_n_burn": 2000,
    "is_baseline": false
  },
  "status": "success",
  "dataset": {
    "kappa_star": [
      1.2847216299636934,
      1.4241900884838463,
      3.920764034845088,
      3.9752807832159958,
      3.9824723567684557
    ],
    "n_observations": 250
  },
  "mcmc": {
    "acceptance_rate": 0.1892083333333333,
    "ess_min": 252.61902568635296,
    "ess_mean": 1125.0113935323716,
    "ess_per_coord": [
      722.8110100896268,
      1201.6237871459737,
      1765.6971362890702,
      1682.3060084508343,
      252.61902568635296
    ],
    "n_chunks": 8,
    "total_steps": 40000,
    "converged": false,
    "efficiency": 0.006315475642158824,
    "n_forward_evals": 40000
  },
  "certificate": {
    "L_hat": 1178.2617167855146,
    "KL": 0.0,
    "eta_h": 5e-05,
    "delta_term": 0.0059914645471079815,
    "B_lambda": 1178.267758250062,
    "components": {
      "empirical_term": 1178.2617167855146,
      "kl_term": 0.0,
      "discretization_term": 5e-05,
      "confidence_term": 0.0059914645471079815
    },
    "valid": true
  },
  "posterior_summary": {
    "mean": [
      2.2813620250582805,
      3.7282693155957793,
      4.990565172596158,
      4.995635181399336,
      4.984228705775894
    ],
    "std": [
      0.10379122849127512,
      0.06304113432784528,
      0.008660195346553082,
      0.004005800497364012,
      0.012689298769911376
    ]
  },
  "performance": {
    "runtime": 244.87989473342896,
    "test_log_posterior": -6031.228181796685
  }
}