{
  "experiment_id": "s3_sigma0.05_nx100_T0.5_lam1.0_m5_seed303",
  "config": {
    "s": 3,
    "sensor_positions": [
      0.2,
      0.5,
      0.8
    ],
    "placement_type": "shifted",
    "sigma": 0.05,
    "n_x": 100,
    "T": 0.5,
    "lambda": 1.0,
    "c": 1.0,
    "m": 5,
    "n_t": 100,
    "seed": 303,
    "delta": 0.05,
    "alpha": 0.001,
    "M": 2000,
    "R": 100,
    "n": 300,
    "Delta_x": 0.01,
    "Delta_t": 0.005050505050505051,
    "mcmc_n_steps": 10000,
    "mcmc_n_burn": 2000,
    "is_baseline": false
  },
  "status": "success",
  "dataset": {
    "kappa_star": [
      3.12551948199565,
      1.4836227496566199,
      2.427779995862962,
      3.3381215081208255,
      2.6741059937440994
    ],
    "n_observations": 300
  },
  "mcmc": {
    "acceptance_rate": 0.5534499999999999,
    "ess_min": 501.17094878923575,
    "ess_mean": 591.224536489259,
    "ess_per_coord": [
      703.5030242972313,
      501.17094878923575,
      624.8882716370264,
      531.6014689181628,
      594.958968804639
    ],
    "n_chunks": 4,
    "total_steps": 20000,
    "converged": true,
    "efficiency": 0.025058547439461787,
    "n_forward_evals": 20000
  },
  "certificate": {
    "L_hat": 14149.75269350095,
    "KL": 0.0,
    "eta_h": 5e-05,
    "delta_term": 0.00998577424517997,
    "B_lambda": 14149.762729275195,
    "components": {
      "empirical_term": 14149.75269350095,
      "kl_term": 0.0,
      "discretization_term": 5e-05,
      "confidence_term": 0.00998577424517997
    },
    "valid": true
  },
  "posterior_summary": {
    "mean": [
      1.7469220288494174,
      3.592995275830091,
      4.188991986757556,
      3.7792792853866195,
      2.588381918866876
    ],
    "std": [
      0.021180903086342833,
      0.02553819066635299,
      0.01646752453750082,
      0.027872808726956952,
      0.02678223048510424
    ]
  },
  "performance": {
    "runtime": 134.5994050502777,
    "test_log_posterior": -44360.11307276075
  }
}