{
  "experiment_id": "s5_sigma0.05_nx50_T0.5_lam1.0_m3_seed202",
  "config": {
    "s": 5,
    "sensor_positions": [
      0.2,
      0.35,
      0.5,
      0.65,
      0.8
    ],
    "placement_type": "shifted",
    "sigma": 0.05,
    "n_x": 50,
    "T": 0.5,
    "lambda": 1.0,
    "c": 1.0,
    "m": 3,
    "n_t": 50,
    "seed": 202,
    "delta": 0.05,
    "alpha": 0.001,
    "M": 2000,
    "R": 100,
    "n": 250,
    "Delta_x": 0.02,
    "Delta_t": 0.01020408163265306,
    "mcmc_n_steps": 10000,
    "mcmc_n_burn": 2000,
    "is_baseline": false
  },
  "status": "success",
  "dataset": {
    "kappa_star": [
      1.2847216299636934,
      1.4241900884838463,
      3.920764034845088
    ],
    "n_observations": 250
  },
  "mcmc": {
    "acceptance_rate": 0.49984999999999996,
    "ess_min": 444.00590956801517,
    "ess_mean": 571.8475386934086,
    "ess_per_coord": [
      649.0270303148786,
      444.00590956801517,
      622.5096761973322
    ],
    "n_chunks": 2,
    "total_steps": 10000,
    "converged": true,
    "efficiency": 0.04440059095680152,
    "n_forward_evals": 10000
  },
  "certificate": {
    "L_hat": 2112.333360346064,
    "KL": 0.0,
    "eta_h": 0.0002,
    "delta_term": 0.011982929094215963,
    "B_lambda": 2112.3455432751584,
    "components": {
      "empirical_term": 2112.333360346064,
      "kl_term": 0.0,
      "discretization_term": 0.0002,
      "confidence_term": 0.011982929094215963
    },
    "valid": true
  },
  "posterior_summary": {
    "mean": [
      1.4380654401498598,
      2.3951566929151995,
      4.155680472024856
    ],
    "std": [
      0.01773319726856569,
      0.011188490768562645,
      0.02916534477708864
    ]
  },
  "performance": {
    "runtime": 40.6437509059906,
    "test_log_posterior": -8920.14042952849
  }
}