{
  "experiment_id": "s5_sigma0.1_nx100_T0.3_lam1.0_m5_seed202",
  "config": {
    "s": 5,
    "sensor_positions": [
      0.2,
      0.35,
      0.5,
      0.65,
      0.8
    ],
    "placement_type": "shifted",
    "sigma": 0.1,
    "n_x": 100,
    "T": 0.3,
    "lambda": 1.0,
    "c": 1.0,
    "m": 5,
    "n_t": 50,
    "seed": 202,
    "delta": 0.05,
    "alpha": 0.001,
    "M": 2000,
    "R": 100,
    "n": 250,
    "Delta_x": 0.01,
    "Delta_t": 0.006122448979591836,
    "mcmc_n_steps": 10000,
    "mcmc_n_burn": 2000,
    "is_baseline": false
  },
  "status": "success",
  "dataset": {
    "kappa_star": [
      1.2847216299636934,
      1.4241900884838463,
      3.920764034845088,
      3.9752807832159958,
      3.9824723567684557
    ],
    "n_observations": 250
  },
  "mcmc": {
    "acceptance_rate": 0.1322333333333333,
    "ess_min": 431.70138910223613,
    "ess_mean": 643.1384910815281,
    "ess_per_coord": [
      634.2947416410136,
      469.06987106332394,
      431.70138910223613,
      443.6794712323957,
      1236.9469823686711
    ],
    "n_chunks": 4,
    "total_steps": 20000,
    "converged": true,
    "efficiency": 0.021585069455111808,
    "n_forward_evals": 20000
  },
  "certificate": {
    "L_hat": 4979.01023863617,
    "KL": 0.0,
    "eta_h": 5e-05,
    "delta_term": 0.011982929094215963,
    "B_lambda": 4979.0222715652635,
    "components": {
      "empirical_term": 4979.01023863617,
      "kl_term": 0.0,
      "discretization_term": 5e-05,
      "confidence_term": 0.011982929094215963
    },
    "valid": true
  },
  "posterior_summary": {
    "mean": [
      0.7120338305101032,
      4.03215702994782,
      4.998702377746825,
      4.998695346854679,
      4.307402674391049
    ],
    "std": [
      0.02688180964489257,
      0.024177906155407082,
      0.001115159767582332,
      0.00140671879123279,
      0.0497355454159951
    ]
  },
  "performance": {
    "runtime": 115.3835871219635,
    "test_log_posterior": -18634.830800713644
  }
}