{
  "experiment_id": "s3_sigma0.1_nx50_T0.5_lam1.0_m5_seed101",
  "config": {
    "s": 3,
    "sensor_positions": [
      0.25,
      0.5,
      0.75
    ],
    "placement_type": "fixed",
    "sigma": 0.1,
    "n_x": 50,
    "T": 0.5,
    "lambda": 1.0,
    "c": 1.0,
    "m": 5,
    "n_t": 50,
    "seed": 101,
    "delta": 0.05,
    "alpha": 0.001,
    "M": 2000,
    "R": 100,
    "n": 150,
    "Delta_x": 0.02,
    "Delta_t": 0.01020408163265306,
    "mcmc_n_steps": 10000,
    "mcmc_n_burn": 2000,
    "is_baseline": false
  },
  "status": "success",
  "dataset": {
    "kappa_star": [
      2.3073951969585615,
      2.4973365540384895,
      0.5996597926733394,
      1.1003257967878608,
      2.898469435940594
    ],
    "n_observations": 150
  },
  "mcmc": {
    "acceptance_rate": 0.49913333333333343,
    "ess_min": 425.6960170015602,
    "ess_mean": 605.1548020132327,
    "ess_per_coord": [
      783.8532207930648,
      733.4675379043601,
      640.4872117631944,
      425.6960170015602,
      442.2700226039838
    ],
    "n_chunks": 5,
    "total_steps": 25000,
    "converged": true,
    "efficiency": 0.017027840680062408,
    "n_forward_evals": 25000
  },
  "certificate": {
    "L_hat": 278.90378521165917,
    "KL": 0.0,
    "eta_h": 0.0002,
    "delta_term": 0.01997154849035994,
    "B_lambda": 278.9239567601495,
    "components": {
      "empirical_term": 278.90378521165917,
      "kl_term": 0.0,
      "discretization_term": 0.0002,
      "confidence_term": 0.01997154849035994
    },
    "valid": true
  },
  "posterior_summary": {
    "mean": [
      2.98685013892075,
      2.754758023275782,
      2.3560476132273904,
      2.338981401197804,
      2.341919753091545
    ],
    "std": [
      0.1225134703400279,
      0.06777489552158246,
      0.044714312718045726,
      0.09682307474339606,
      0.16721920790547629
    ]
  },
  "performance": {
    "runtime": 91.86189389228821,
    "test_log_posterior": -5526.696217008004
  }
}