{
  "experiment_id": "s3_sigma0.2_nx50_T0.5_lam1.0_m3_seed303",
  "config": {
    "s": 3,
    "sensor_positions": [
      0.2,
      0.5,
      0.8
    ],
    "placement_type": "shifted",
    "sigma": 0.2,
    "n_x": 50,
    "T": 0.5,
    "lambda": 1.0,
    "c": 1.0,
    "m": 3,
    "n_t": 100,
    "seed": 303,
    "delta": 0.05,
    "alpha": 0.001,
    "M": 2000,
    "R": 100,
    "n": 300,
    "Delta_x": 0.02,
    "Delta_t": 0.005050505050505051,
    "mcmc_n_steps": 10000,
    "mcmc_n_burn": 2000,
    "is_baseline": false
  },
  "status": "success",
  "dataset": {
    "kappa_star": [
      3.12551948199565,
      1.4836227496566199,
      2.427779995862962
    ],
    "n_observations": 300
  },
  "mcmc": {
    "acceptance_rate": 0.54835,
    "ess_min": 584.0204541122849,
    "ess_mean": 670.6106190322133,
    "ess_per_coord": [
      584.0204541122849,
      618.5405774444963,
      809.2708255398588
    ],
    "n_chunks": 2,
    "total_steps": 10000,
    "converged": true,
    "efficiency": 0.058402045411228495,
    "n_forward_evals": 10000
  },
  "certificate": {
    "L_hat": 288.0580059861588,
    "KL": 0.0,
    "eta_h": 0.0002,
    "delta_term": 0.00998577424517997,
    "B_lambda": 288.068191760404,
    "components": {
      "empirical_term": 288.0580059861588,
      "kl_term": 0.0,
      "discretization_term": 0.0002,
      "confidence_term": 0.00998577424517997
    },
    "valid": true
  },
  "posterior_summary": {
    "mean": [
      3.5156989562404055,
      3.08477959432455,
      2.8301668435497116
    ],
    "std": [
      0.10192633515719725,
      0.04843202698771134,
      0.07892276086555795
    ]
  },
  "performance": {
    "runtime": 29.542713165283203,
    "test_log_posterior": -1126.6855816966508
  }
}