{
  "experiment_id": "s5_sigma0.05_nx100_T0.3_lam1.0_m5_seed303",
  "config": {
    "s": 5,
    "sensor_positions": [
      0.1,
      0.3,
      0.5,
      0.7,
      0.9
    ],
    "placement_type": "fixed",
    "sigma": 0.05,
    "n_x": 100,
    "T": 0.3,
    "lambda": 1.0,
    "c": 1.0,
    "m": 5,
    "n_t": 100,
    "seed": 303,
    "delta": 0.05,
    "alpha": 0.001,
    "M": 2000,
    "R": 100,
    "n": 500,
    "Delta_x": 0.01,
    "Delta_t": 0.0030303030303030303,
    "mcmc_n_steps": 10000,
    "mcmc_n_burn": 2000,
    "is_baseline": false
  },
  "status": "success",
  "dataset": {
    "kappa_star": [
      3.12551948199565,
      1.4836227496566199,
      2.427779995862962,
      3.3381215081208255,
      2.6741059937440994
    ],
    "n_observations": 500
  },
  "mcmc": {
    "acceptance_rate": 0.41441666666666666,
    "ess_min": 660.8123925366302,
    "ess_mean": 1027.4385535952895,
    "ess_per_coord": [
      1661.6666038540666,
      819.425692941202,
      660.8123925366302,
      959.9121261575126,
      1035.3759524870368
    ],
    "n_chunks": 4,
    "total_steps": 20000,
    "converged": true,
    "efficiency": 0.03304061962683151,
    "n_forward_evals": 20000
  },
  "certificate": {
    "L_hat": 18825.969521585506,
    "KL": 0.0,
    "eta_h": 5e-05,
    "delta_term": 0.0059914645471079815,
    "B_lambda": 18825.97556305005,
    "components": {
      "empirical_term": 18825.969521585506,
      "kl_term": 0.0,
      "discretization_term": 5e-05,
      "confidence_term": 0.0059914645471079815
    },
    "valid": true
  },
  "posterior_summary": {
    "mean": [
      3.423276720452283,
      3.6372182051376747,
      4.24817747168557,
      4.45105124222968,
      4.309486814036678
    ],
    "std": [
      0.02598319680307028,
      0.016209832681572695,
      0.013205202864407413,
      0.015835698908137002,
      0.026304821280927013
    ]
  },
  "performance": {
    "runtime": 230.55150294303894,
    "test_log_posterior": -124534.08032265434
  }
}