{
  "experiment_id": "s5_sigma0.2_nx50_T0.3_lam1.0_m5_seed303",
  "config": {
    "s": 5,
    "sensor_positions": [
      0.2,
      0.35,
      0.5,
      0.65,
      0.8
    ],
    "placement_type": "shifted",
    "sigma": 0.2,
    "n_x": 50,
    "T": 0.3,
    "lambda": 1.0,
    "c": 1.0,
    "m": 5,
    "n_t": 50,
    "seed": 303,
    "delta": 0.05,
    "alpha": 0.001,
    "M": 2000,
    "R": 100,
    "n": 250,
    "Delta_x": 0.02,
    "Delta_t": 0.006122448979591836,
    "mcmc_n_steps": 10000,
    "mcmc_n_burn": 2000,
    "is_baseline": false
  },
  "status": "success",
  "dataset": {
    "kappa_star": [
      3.12551948199565,
      1.4836227496566199,
      2.427779995862962,
      3.3381215081208255,
      2.6741059937440994
    ],
    "n_observations": 250
  },
  "mcmc": {
    "acceptance_rate": 0.5512666666666667,
    "ess_min": 502.71474193625085,
    "ess_mean": 543.0095200229251,
    "ess_per_coord": [
      577.2118886373067,
      502.71474193625085,
      511.733295969174,
      523.0303124373613,
      600.3573611345331
    ],
    "n_chunks": 3,
    "total_steps": 15000,
    "converged": true,
    "efficiency": 0.03351431612908339,
    "n_forward_evals": 15000
  },
  "certificate": {
    "L_hat": 740.2694842163121,
    "KL": 0.0,
    "eta_h": 0.0002,
    "delta_term": 0.011982929094215963,
    "B_lambda": 740.2816671454062,
    "components": {
      "empirical_term": 740.2694842163121,
      "kl_term": 0.0,
      "discretization_term": 0.0002,
      "confidence_term": 0.011982929094215963
    },
    "valid": true
  },
  "posterior_summary": {
    "mean": [
      1.7633916937185794,
      3.5948751288858487,
      4.421516878688126,
      4.32233898646794,
      2.4075668182576577
    ],
    "std": [
      0.08177818110338081,
      0.06894462233287302,
      0.06539931515565289,
      0.08400397273785383,
      0.08978759011561815
    ]
  },
  "performance": {
    "runtime": 87.0079653263092,
    "test_log_posterior": -4392.300883441927
  }
}