{
  "experiment_id": "s3_sigma0.2_nx100_T0.5_lam0.5_m3_seed101",
  "config": {
    "s": 3,
    "sensor_positions": [
      0.25,
      0.5,
      0.75
    ],
    "placement_type": "fixed",
    "sigma": 0.2,
    "n_x": 100,
    "T": 0.5,
    "lambda": 0.5,
    "c": 1.0,
    "m": 3,
    "n_t": 100,
    "seed": 101,
    "delta": 0.05,
    "alpha": 0.001,
    "M": 2000,
    "R": 100,
    "n": 300,
    "Delta_x": 0.01,
    "Delta_t": 0.005050505050505051,
    "mcmc_n_steps": 10000,
    "mcmc_n_burn": 2000,
    "is_baseline": false
  },
  "status": "success",
  "dataset": {
    "kappa_star": [
      2.3073951969585615,
      2.4973365540384895,
      0.5996597926733394
    ],
    "n_observations": 300
  },
  "mcmc": {
    "acceptance_rate": 0.5579000000000001,
    "ess_min": 507.96564781021385,
    "ess_mean": 607.0578976267954,
    "ess_per_coord": [
      593.087833095354,
      507.96564781021385,
      720.1202119748184
    ],
    "n_chunks": 2,
    "total_steps": 10000,
    "converged": true,
    "efficiency": 0.05079656478102138,
    "n_forward_evals": 10000
  },
  "certificate": {
    "L_hat": 295.6316638854403,
    "KL": 0.0,
    "eta_h": 5e-05,
    "delta_term": 0.01997154849035994,
    "B_lambda": 295.6516854339306,
    "components": {
      "empirical_term": 295.6316638854403,
      "kl_term": 0.0,
      "discretization_term": 5e-05,
      "confidence_term": 0.01997154849035994
    },
    "valid": true
  },
  "posterior_summary": {
    "mean": [
      3.0003509450083836,
      3.3659916389200997,
      1.2864945135414114
    ],
    "std": [
      0.0996371938877544,
      0.07398561724796858,
      0.07733361454141857
    ]
  },
  "performance": {
    "runtime": 47.474610805511475,
    "test_log_posterior": -384.53124914869704
  }
}