{
  "experiment_id": "s3_sigma0.05_nx100_T0.3_lam2.0_m3_seed303",
  "config": {
    "s": 3,
    "sensor_positions": [
      0.25,
      0.5,
      0.75
    ],
    "placement_type": "fixed",
    "sigma": 0.05,
    "n_x": 100,
    "T": 0.3,
    "lambda": 2.0,
    "c": 1.0,
    "m": 3,
    "n_t": 50,
    "seed": 303,
    "delta": 0.05,
    "alpha": 0.001,
    "M": 2000,
    "R": 100,
    "n": 150,
    "Delta_x": 0.01,
    "Delta_t": 0.006122448979591836,
    "mcmc_n_steps": 10000,
    "mcmc_n_burn": 2000,
    "is_baseline": false
  },
  "status": "success",
  "dataset": {
    "kappa_star": [
      3.12551948199565,
      1.4836227496566199,
      2.427779995862962
    ],
    "n_observations": 150
  },
  "mcmc": {
    "acceptance_rate": 0.50535,
    "ess_min": 558.8146383614484,
    "ess_mean": 700.2767747650473,
    "ess_per_coord": [
      558.8146383614484,
      730.3036100819013,
      811.7120758517922
    ],
    "n_chunks": 2,
    "total_steps": 10000,
    "converged": true,
    "efficiency": 0.05588146383614484,
    "n_forward_evals": 10000
  },
  "certificate": {
    "L_hat": 657.1680289790169,
    "KL": 0.0,
    "eta_h": 5e-05,
    "delta_term": 0.00998577424517997,
    "B_lambda": 657.178064753262,
    "components": {
      "empirical_term": 657.1680289790169,
      "kl_term": 0.0,
      "discretization_term": 5e-05,
      "confidence_term": 0.00998577424517997
    },
    "valid": true
  },
  "posterior_summary": {
    "mean": [
      3.2610625056174056,
      3.1951766528616066,
      2.643111479708446
    ],
    "std": [
      0.014251194590467873,
      0.010287568177216225,
      0.013182354815255974
    ]
  },
  "performance": {
    "runtime": 26.25789999961853,
    "test_log_posterior": -23451.347410345472
  }
}