{
  "experiment_id": "s5_sigma0.2_nx50_T0.5_lam2.0_m5_seed101",
  "config": {
    "s": 5,
    "sensor_positions": [
      0.1,
      0.3,
      0.5,
      0.7,
      0.9
    ],
    "placement_type": "fixed",
    "sigma": 0.2,
    "n_x": 50,
    "T": 0.5,
    "lambda": 2.0,
    "c": 1.0,
    "m": 5,
    "n_t": 100,
    "seed": 101,
    "delta": 0.05,
    "alpha": 0.001,
    "M": 2000,
    "R": 100,
    "n": 500,
    "Delta_x": 0.02,
    "Delta_t": 0.005050505050505051,
    "mcmc_n_steps": 10000,
    "mcmc_n_burn": 2000,
    "is_baseline": false
  },
  "status": "success",
  "dataset": {
    "kappa_star": [
      2.3073951969585615,
      2.4973365540384895,
      0.5996597926733394,
      1.1003257967878608,
      2.898469435940594
    ],
    "n_observations": 500
  },
  "mcmc": {
    "acceptance_rate": 0.5775333333333333,
    "ess_min": 440.21522366738134,
    "ess_mean": 495.69692297387417,
    "ess_per_coord": [
      555.0035715274886,
      508.32344619175706,
      524.4754817381355,
      450.46689174460863,
      440.21522366738134
    ],
    "n_chunks": 3,
    "total_steps": 15000,
    "converged": true,
    "efficiency": 0.029347681577825423,
    "n_forward_evals": 15000
  },
  "certificate": {
    "L_hat": 430.78834915796887,
    "KL": 0.0,
    "eta_h": 0.0002,
    "delta_term": 0.0029957322735539907,
    "B_lambda": 430.79154489024245,
    "components": {
      "empirical_term": 430.78834915796887,
      "kl_term": 0.0,
      "discretization_term": 0.0002,
      "confidence_term": 0.0029957322735539907
    },
    "valid": true
  },
  "posterior_summary": {
    "mean": [
      3.260673233725299,
      2.8760341206818083,
      2.309244528986869,
      2.2017983737573896,
      2.8863854293573756
    ],
    "std": [
      0.08895583685968679,
      0.04398905615355854,
      0.03336917765183814,
      0.04666812212907817,
      0.0969690175518781
    ]
  },
  "performance": {
    "runtime": 174.5136890411377,
    "test_log_posterior": -7263.197931142659
  }
}