{
  "experiment_id": "s3_sigma0.1_nx50_T0.5_lam0.5_m3_seed202",
  "config": {
    "s": 3,
    "sensor_positions": [
      0.25,
      0.5,
      0.75
    ],
    "placement_type": "fixed",
    "sigma": 0.1,
    "n_x": 50,
    "T": 0.5,
    "lambda": 0.5,
    "c": 1.0,
    "m": 3,
    "n_t": 100,
    "seed": 202,
    "delta": 0.05,
    "alpha": 0.001,
    "M": 2000,
    "R": 100,
    "n": 300,
    "Delta_x": 0.02,
    "Delta_t": 0.005050505050505051,
    "mcmc_n_steps": 10000,
    "mcmc_n_burn": 2000,
    "is_baseline": false
  },
  "status": "success",
  "dataset": {
    "kappa_star": [
      1.2847216299636934,
      1.4241900884838463,
      3.920764034845088
    ],
    "n_observations": 300
  },
  "mcmc": {
    "acceptance_rate": 0.49024999999999996,
    "ess_min": 576.4450861099231,
    "ess_mean": 694.024514522538,
    "ess_per_coord": [
      615.6561116084184,
      576.4450861099231,
      889.9723458492723
    ],
    "n_chunks": 2,
    "total_steps": 10000,
    "converged": true,
    "efficiency": 0.05764450861099231,
    "n_forward_evals": 10000
  },
  "certificate": {
    "L_hat": 463.66072844204666,
    "KL": 0.0,
    "eta_h": 0.0002,
    "delta_term": 0.01997154849035994,
    "B_lambda": 463.680899990537,
    "components": {
      "empirical_term": 463.66072844204666,
      "kl_term": 0.0,
      "discretization_term": 0.0002,
      "confidence_term": 0.01997154849035994
    },
    "valid": true
  },
  "posterior_summary": {
    "mean": [
      1.6506550348064792,
      2.921482279919409,
      3.8290990730969496
    ],
    "std": [
      0.03639908294108045,
      0.03348794429524803,
      0.054773855595831054
    ]
  },
  "performance": {
    "runtime": 60.39708995819092,
    "test_log_posterior": -1770.6354202149698
  }
}