{
  "experiment_id": "s3_sigma0.1_nx50_T0.3_lam2.0_m5_seed101",
  "config": {
    "s": 3,
    "sensor_positions": [
      0.2,
      0.5,
      0.8
    ],
    "placement_type": "shifted",
    "sigma": 0.1,
    "n_x": 50,
    "T": 0.3,
    "lambda": 2.0,
    "c": 1.0,
    "m": 5,
    "n_t": 50,
    "seed": 101,
    "delta": 0.05,
    "alpha": 0.001,
    "M": 2000,
    "R": 100,
    "n": 150,
    "Delta_x": 0.02,
    "Delta_t": 0.006122448979591836,
    "mcmc_n_steps": 10000,
    "mcmc_n_burn": 2000,
    "is_baseline": false
  },
  "status": "success",
  "dataset": {
    "kappa_star": [
      2.3073951969585615,
      2.4973365540384895,
      0.5996597926733394,
      1.1003257967878608,
      2.898469435940594
    ],
    "n_observations": 150
  },
  "mcmc": {
    "acceptance_rate": 0.48636666666666667,
    "ess_min": 153.36571785014124,
    "ess_mean": 193.24868393327407,
    "ess_per_coord": [
      162.12050174167157,
      153.36571785014124,
      213.44618458699924,
      220.5782489968916,
      216.73276649066662
    ],
    "n_chunks": 8,
    "total_steps": 40000,
    "converged": false,
    "efficiency": 0.003834142946253531,
    "n_forward_evals": 40000
  },
  "certificate": {
    "L_hat": 99.23559855773415,
    "KL": 0.0,
    "eta_h": 0.0002,
    "delta_term": 0.00998577424517997,
    "B_lambda": 99.24578433197934,
    "components": {
      "empirical_term": 99.23559855773415,
      "kl_term": 0.0,
      "discretization_term": 0.0002,
      "confidence_term": 0.00998577424517997
    },
    "valid": true
  },
  "posterior_summary": {
    "mean": [
      1.9911565696151643,
      2.4652391292823395,
      2.355778837753432,
      2.6339462959369087,
      1.194216663524343
    ],
    "std": [
      0.1264764340801366,
      0.1325037996836688,
      0.057536346121222534,
      0.09773563100575665,
      0.07238207096411531
    ]
  },
  "performance": {
    "runtime": 153.8043761253357,
    "test_log_posterior": -11864.780358843993
  }
}