{
  "experiment_id": "s5_sigma0.05_nx50_T0.5_lam1.0_m3_seed303",
  "config": {
    "s": 5,
    "sensor_positions": [
      0.2,
      0.35,
      0.5,
      0.65,
      0.8
    ],
    "placement_type": "shifted",
    "sigma": 0.05,
    "n_x": 50,
    "T": 0.5,
    "lambda": 1.0,
    "c": 1.0,
    "m": 3,
    "n_t": 100,
    "seed": 303,
    "delta": 0.05,
    "alpha": 0.001,
    "M": 2000,
    "R": 100,
    "n": 500,
    "Delta_x": 0.02,
    "Delta_t": 0.005050505050505051,
    "mcmc_n_steps": 10000,
    "mcmc_n_burn": 2000,
    "is_baseline": false
  },
  "status": "success",
  "dataset": {
    "kappa_star": [
      3.12551948199565,
      1.4836227496566199,
      2.427779995862962
    ],
    "n_observations": 500
  },
  "mcmc": {
    "acceptance_rate": 0.45819999999999994,
    "ess_min": 489.00155860256916,
    "ess_mean": 570.0862276754777,
    "ess_per_coord": [
      568.9233399960232,
      489.00155860256916,
      652.333784427841
    ],
    "n_chunks": 2,
    "total_steps": 10000,
    "converged": true,
    "efficiency": 0.048900155860256915,
    "n_forward_evals": 10000
  },
  "certificate": {
    "L_hat": 5112.15665486017,
    "KL": 0.0,
    "eta_h": 0.0002,
    "delta_term": 0.0059914645471079815,
    "B_lambda": 5112.162846324718,
    "components": {
      "empirical_term": 5112.15665486017,
      "kl_term": 0.0,
      "discretization_term": 0.0002,
      "confidence_term": 0.0059914645471079815
    },
    "valid": true
  },
  "posterior_summary": {
    "mean": [
      3.3033683129982787,
      2.58097053037379,
      2.6138004886178505
    ],
    "std": [
      0.02045271596284958,
      0.009109158471989749,
      0.017836763832697656
    ]
  },
  "performance": {
    "runtime": 79.10798382759094,
    "test_log_posterior": -21509.865640230964
  }
}