{
  "experiment_id": "s3_sigma0.2_nx100_T0.5_lam1.0_m3_seed303",
  "config": {
    "s": 3,
    "sensor_positions": [
      0.25,
      0.5,
      0.75
    ],
    "placement_type": "fixed",
    "sigma": 0.2,
    "n_x": 100,
    "T": 0.5,
    "lambda": 1.0,
    "c": 1.0,
    "m": 3,
    "n_t": 100,
    "seed": 303,
    "delta": 0.05,
    "alpha": 0.001,
    "M": 2000,
    "R": 100,
    "n": 300,
    "Delta_x": 0.01,
    "Delta_t": 0.005050505050505051,
    "mcmc_n_steps": 10000,
    "mcmc_n_burn": 2000,
    "is_baseline": false
  },
  "status": "success",
  "dataset": {
    "kappa_star": [
      3.12551948199565,
      1.4836227496566199,
      2.427779995862962
    ],
    "n_observations": 300
  },
  "mcmc": {
    "acceptance_rate": 0.5381,
    "ess_min": 542.4460144843802,
    "ess_mean": 659.2882102290868,
    "ess_per_coord": [
      753.8003978984411,
      542.4460144843802,
      681.618218304439
    ],
    "n_chunks": 2,
    "total_steps": 10000,
    "converged": true,
    "efficiency": 0.05424460144843801,
    "n_forward_evals": 10000
  },
  "certificate": {
    "L_hat": 287.48113705976505,
    "KL": 0.0,
    "eta_h": 5e-05,
    "delta_term": 0.00998577424517997,
    "B_lambda": 287.49117283401023,
    "components": {
      "empirical_term": 287.48113705976505,
      "kl_term": 0.0,
      "discretization_term": 5e-05,
      "confidence_term": 0.00998577424517997
    },
    "valid": true
  },
  "posterior_summary": {
    "mean": [
      3.2393591171785414,
      3.103618635516447,
      2.6151289646213063
    ],
    "std": [
      0.07104176533451204,
      0.03931759063530394,
      0.06334242343000093
    ]
  },
  "performance": {
    "runtime": 47.572875022888184,
    "test_log_posterior": -1138.9052167978425
  }
}