{
  "experiment_id": "s3_sigma0.2_nx100_T0.3_lam1.0_m3_seed101",
  "config": {
    "s": 3,
    "sensor_positions": [
      0.2,
      0.5,
      0.8
    ],
    "placement_type": "shifted",
    "sigma": 0.2,
    "n_x": 100,
    "T": 0.3,
    "lambda": 1.0,
    "c": 1.0,
    "m": 3,
    "n_t": 50,
    "seed": 101,
    "delta": 0.05,
    "alpha": 0.001,
    "M": 2000,
    "R": 100,
    "n": 150,
    "Delta_x": 0.01,
    "Delta_t": 0.006122448979591836,
    "mcmc_n_steps": 10000,
    "mcmc_n_burn": 2000,
    "is_baseline": false
  },
  "status": "success",
  "dataset": {
    "kappa_star": [
      2.3073951969585615,
      2.4973365540384895,
      0.5996597926733394
    ],
    "n_observations": 150
  },
  "mcmc": {
    "acceptance_rate": 0.47585,
    "ess_min": 502.42182281765514,
    "ess_mean": 727.1664412503841,
    "ess_per_coord": [
      502.42182281765514,
      651.7260124784833,
      1027.3514884550136
    ],
    "n_chunks": 2,
    "total_steps": 10000,
    "converged": true,
    "efficiency": 0.05024218228176552,
    "n_forward_evals": 10000
  },
  "certificate": {
    "L_hat": 114.75152139825359,
    "KL": 0.0,
    "eta_h": 5e-05,
    "delta_term": 0.01997154849035994,
    "B_lambda": 114.77154294674395,
    "components": {
      "empirical_term": 114.75152139825359,
      "kl_term": 0.0,
      "discretization_term": 5e-05,
      "confidence_term": 0.01997154849035994
    },
    "valid": true
  },
  "posterior_summary": {
    "mean": [
      3.1741987060812415,
      3.471866728641832,
      1.3358528973903947
    ],
    "std": [
      0.09407565574847694,
      0.06307853326693977,
      0.07528859148396852
    ]
  },
  "performance": {
    "runtime": 15.669287919998169,
    "test_log_posterior": -457.29660263928434
  }
}