{
  "experiment_id": "s5_sigma0.05_nx100_T0.5_lam2.0_m3_seed303",
  "config": {
    "s": 5,
    "sensor_positions": [
      0.1,
      0.3,
      0.5,
      0.7,
      0.9
    ],
    "placement_type": "fixed",
    "sigma": 0.05,
    "n_x": 100,
    "T": 0.5,
    "lambda": 2.0,
    "c": 1.0,
    "m": 3,
    "n_t": 100,
    "seed": 303,
    "delta": 0.05,
    "alpha": 0.001,
    "M": 2000,
    "R": 100,
    "n": 500,
    "Delta_x": 0.01,
    "Delta_t": 0.005050505050505051,
    "mcmc_n_steps": 10000,
    "mcmc_n_burn": 2000,
    "is_baseline": false
  },
  "status": "success",
  "dataset": {
    "kappa_star": [
      3.12551948199565,
      1.4836227496566199,
      2.427779995862962
    ],
    "n_observations": 500
  },
  "mcmc": {
    "acceptance_rate": 0.52665,
    "ess_min": 545.3459215789981,
    "ess_mean": 612.0316096757019,
    "ess_per_coord": [
      545.3459215789981,
      567.5792327125954,
      723.1696747355121
    ],
    "n_chunks": 2,
    "total_steps": 10000,
    "converged": true,
    "efficiency": 0.054534592157899804,
    "n_forward_evals": 10000
  },
  "certificate": {
    "L_hat": 2669.467968276504,
    "KL": 0.0,
    "eta_h": 5e-05,
    "delta_term": 0.0029957322735539907,
    "B_lambda": 2669.4710140087777,
    "components": {
      "empirical_term": 2669.467968276504,
      "kl_term": 0.0,
      "discretization_term": 5e-05,
      "confidence_term": 0.0029957322735539907
    },
    "valid": true
  },
  "posterior_summary": {
    "mean": [
      2.7379404467006516,
      3.111845009253595,
      2.2514848215846324
    ],
    "std": [
      0.009795626831336234,
      0.008544236902152056,
      0.00911606204602518
    ]
  },
  "performance": {
    "runtime": 48.67975401878357,
    "test_log_posterior": -31472.664461720393
  }
}