{
  "experiment_id": "s5_sigma0.1_nx100_T0.3_lam1.0_m5_seed303",
  "config": {
    "s": 5,
    "sensor_positions": [
      0.1,
      0.3,
      0.5,
      0.7,
      0.9
    ],
    "placement_type": "fixed",
    "sigma": 0.1,
    "n_x": 100,
    "T": 0.3,
    "lambda": 1.0,
    "c": 1.0,
    "m": 5,
    "n_t": 50,
    "seed": 303,
    "delta": 0.05,
    "alpha": 0.001,
    "M": 2000,
    "R": 100,
    "n": 250,
    "Delta_x": 0.01,
    "Delta_t": 0.006122448979591836,
    "mcmc_n_steps": 10000,
    "mcmc_n_burn": 2000,
    "is_baseline": false
  },
  "status": "success",
  "dataset": {
    "kappa_star": [
      3.12551948199565,
      1.4836227496566199,
      2.427779995862962,
      3.3381215081208255,
      2.6741059937440994
    ],
    "n_observations": 250
  },
  "mcmc": {
    "acceptance_rate": 0.5676166666666667,
    "ess_min": 529.9958882420582,
    "ess_mean": 740.5953299262862,
    "ess_per_coord": [
      820.2667077890545,
      837.5305726547153,
      827.2014702105298,
      529.9958882420582,
      687.982010735073
    ],
    "n_chunks": 4,
    "total_steps": 20000,
    "converged": true,
    "efficiency": 0.02649979441210291,
    "n_forward_evals": 20000
  },
  "certificate": {
    "L_hat": 2306.4933386920097,
    "KL": 0.0,
    "eta_h": 5e-05,
    "delta_term": 0.011982929094215963,
    "B_lambda": 2306.505371621104,
    "components": {
      "empirical_term": 2306.4933386920097,
      "kl_term": 0.0,
      "discretization_term": 5e-05,
      "confidence_term": 0.011982929094215963
    },
    "valid": true
  },
  "posterior_summary": {
    "mean": [
      3.4308790458887706,
      3.6387557686283727,
      4.240759968659099,
      4.47693684706158,
      4.2182802808502915
    ],
    "std": [
      0.0787956089291781,
      0.04279783904551443,
      0.03530073827928651,
      0.04496223185199034,
      0.07175623899292422
    ]
  },
  "performance": {
    "runtime": 190.3843288421631,
    "test_log_posterior": -15576.817818908992
  }
}