{
  "experiment_id": "s3_sigma0.05_nx100_T0.3_lam0.5_m5_seed202",
  "config": {
    "s": 3,
    "sensor_positions": [
      0.2,
      0.5,
      0.8
    ],
    "placement_type": "shifted",
    "sigma": 0.05,
    "n_x": 100,
    "T": 0.3,
    "lambda": 0.5,
    "c": 1.0,
    "m": 5,
    "n_t": 50,
    "seed": 202,
    "delta": 0.05,
    "alpha": 0.001,
    "M": 2000,
    "R": 100,
    "n": 150,
    "Delta_x": 0.01,
    "Delta_t": 0.006122448979591836,
    "mcmc_n_steps": 10000,
    "mcmc_n_burn": 2000,
    "is_baseline": false
  },
  "status": "success",
  "dataset": {
    "kappa_star": [
      1.2847216299636934,
      1.4241900884838463,
      3.920764034845088,
      3.9752807832159958,
      3.9824723567684557
    ],
    "n_observations": 150
  },
  "mcmc": {
    "acceptance_rate": 0.23426666666666665,
    "ess_min": 537.2225477288338,
    "ess_mean": 903.1179110817932,
    "ess_per_coord": [
      843.5201902699284,
      626.5543137873062,
      541.607419993906,
      537.2225477288338,
      1966.685083628991
    ],
    "n_chunks": 4,
    "total_steps": 20000,
    "converged": true,
    "efficiency": 0.02686112738644169,
    "n_forward_evals": 20000
  },
  "certificate": {
    "L_hat": 8548.605767155352,
    "KL": 0.0,
    "eta_h": 5e-05,
    "delta_term": 0.03994309698071988,
    "B_lambda": 8548.645760252333,
    "components": {
      "empirical_term": 8548.605767155352,
      "kl_term": 0.0,
      "discretization_term": 5e-05,
      "confidence_term": 0.03994309698071988
    },
    "valid": true
  },
  "posterior_summary": {
    "mean": [
      0.45534181758991615,
      4.448282594974778,
      4.998793476706838,
      4.996831840585251,
      3.728010665625198
    ],
    "std": [
      0.020143157634058745,
      0.03631675748973315,
      0.0010472580296709592,
      0.002766971815058238,
      0.03599701197874609
    ]
  },
  "performance": {
    "runtime": 113.38922882080078,
    "test_log_posterior": -16430.379450784058
  }
}