{
  "experiment_id": "s5_sigma0.05_nx50_T0.5_lam0.5_m5_seed101",
  "config": {
    "s": 5,
    "sensor_positions": [
      0.1,
      0.3,
      0.5,
      0.7,
      0.9
    ],
    "placement_type": "fixed",
    "sigma": 0.05,
    "n_x": 50,
    "T": 0.5,
    "lambda": 0.5,
    "c": 1.0,
    "m": 5,
    "n_t": 100,
    "seed": 101,
    "delta": 0.05,
    "alpha": 0.001,
    "M": 2000,
    "R": 100,
    "n": 500,
    "Delta_x": 0.02,
    "Delta_t": 0.005050505050505051,
    "mcmc_n_steps": 10000,
    "mcmc_n_burn": 2000,
    "is_baseline": false
  },
  "status": "success",
  "dataset": {
    "kappa_star": [
      2.3073951969585615,
      2.4973365540384895,
      0.5996597926733394,
      1.1003257967878608,
      2.898469435940594
    ],
    "n_observations": 500
  },
  "mcmc": {
    "acceptance_rate": 0.5344222222222222,
    "ess_min": 415.2756392332761,
    "ess_mean": 487.2808294165511,
    "ess_per_coord": [
      565.5424548636691,
      415.2756392332761,
      434.4459557468483,
      469.89003579644697,
      551.2500614425152
    ],
    "n_chunks": 3,
    "total_steps": 15000,
    "converged": true,
    "efficiency": 0.027685042615551738,
    "n_forward_evals": 15000
  },
  "certificate": {
    "L_hat": 3203.227532829017,
    "KL": 0.0,
    "eta_h": 0.0002,
    "delta_term": 0.011982929094215963,
    "B_lambda": 3203.2397157581113,
    "components": {
      "empirical_term": 3203.227532829017,
      "kl_term": 0.0,
      "discretization_term": 0.0002,
      "confidence_term": 0.011982929094215963
    },
    "valid": true
  },
  "posterior_summary": {
    "mean": [
      3.2155458104181003,
      2.8556492353482734,
      2.318539746400847,
      2.2092890021705966,
      2.87331257182161
    ],
    "std": [
      0.04447122086732466,
      0.024787254650685948,
      0.017102617304904096,
      0.02045484894237387,
      0.04260852808300521
    ]
  },
  "performance": {
    "runtime": 199.59771585464478,
    "test_log_posterior": -27303.443860414693
  }
}