{
  "experiment_id": "s5_sigma0.2_nx50_T0.5_lam0.5_m5_seed202",
  "config": {
    "s": 5,
    "sensor_positions": [
      0.2,
      0.35,
      0.5,
      0.65,
      0.8
    ],
    "placement_type": "shifted",
    "sigma": 0.2,
    "n_x": 50,
    "T": 0.5,
    "lambda": 0.5,
    "c": 1.0,
    "m": 5,
    "n_t": 100,
    "seed": 202,
    "delta": 0.05,
    "alpha": 0.001,
    "M": 2000,
    "R": 100,
    "n": 500,
    "Delta_x": 0.02,
    "Delta_t": 0.005050505050505051,
    "mcmc_n_steps": 10000,
    "mcmc_n_burn": 2000,
    "is_baseline": false
  },
  "status": "success",
  "dataset": {
    "kappa_star": [
      1.2847216299636934,
      1.4241900884838463,
      3.920764034845088,
      3.9752807832159958,
      3.9824723567684557
    ],
    "n_observations": 500
  },
  "mcmc": {
    "acceptance_rate": 0.5086888888888889,
    "ess_min": 501.3320613496121,
    "ess_mean": 873.6783747119977,
    "ess_per_coord": [
      1173.9053395154115,
      637.5536002049437,
      501.3320613496121,
      511.65710228221167,
      1543.9437702078094
    ],
    "n_chunks": 3,
    "total_steps": 15000,
    "converged": true,
    "efficiency": 0.03342213742330748,
    "n_forward_evals": 15000
  },
  "certificate": {
    "L_hat": 2671.890830633825,
    "KL": 0.0,
    "eta_h": 0.0002,
    "delta_term": 0.011982929094215963,
    "B_lambda": 2671.903013562919,
    "components": {
      "empirical_term": 2671.890830633825,
      "kl_term": 0.0,
      "discretization_term": 0.0002,
      "confidence_term": 0.011982929094215963
    },
    "valid": true
  },
  "posterior_summary": {
    "mean": [
      1.1357208498945597,
      3.62891826482656,
      4.98281755119779,
      4.986980261233682,
      4.171984694435235
    ],
    "std": [
      0.08128356527834321,
      0.06768468450146976,
      0.021109094624575015,
      0.012914249619724795,
      0.11764841211115673
    ]
  },
  "performance": {
    "runtime": 168.88700914382935,
    "test_log_posterior": -3223.765883817245
  }
}