{
  "experiment_id": "s3_sigma0.2_nx50_T0.3_lam2.0_m3_seed202",
  "config": {
    "s": 3,
    "sensor_positions": [
      0.2,
      0.5,
      0.8
    ],
    "placement_type": "shifted",
    "sigma": 0.2,
    "n_x": 50,
    "T": 0.3,
    "lambda": 2.0,
    "c": 1.0,
    "m": 3,
    "n_t": 50,
    "seed": 202,
    "delta": 0.05,
    "alpha": 0.001,
    "M": 2000,
    "R": 100,
    "n": 150,
    "Delta_x": 0.02,
    "Delta_t": 0.006122448979591836,
    "mcmc_n_steps": 10000,
    "mcmc_n_burn": 2000,
    "is_baseline": false
  },
  "status": "success",
  "dataset": {
    "kappa_star": [
      1.2847216299636934,
      1.4241900884838463,
      3.920764034845088
    ],
    "n_observations": 150
  },
  "mcmc": {
    "acceptance_rate": 0.522,
    "ess_min": 586.8902835168368,
    "ess_mean": 702.3595571367374,
    "ess_per_coord": [
      729.6430970822355,
      586.8902835168368,
      790.5452908111399
    ],
    "n_chunks": 2,
    "total_steps": 10000,
    "converged": true,
    "efficiency": 0.05868902835168368,
    "n_forward_evals": 10000
  },
  "certificate": {
    "L_hat": 88.35548915048643,
    "KL": 0.0,
    "eta_h": 0.0002,
    "delta_term": 0.00998577424517997,
    "B_lambda": 88.36567492473162,
    "components": {
      "empirical_term": 88.35548915048643,
      "kl_term": 0.0,
      "discretization_term": 0.0002,
      "confidence_term": 0.00998577424517997
    },
    "valid": true
  },
  "posterior_summary": {
    "mean": [
      1.745603944667196,
      2.96971969265924,
      4.354123202308204
    ],
    "std": [
      0.053264106067614815,
      0.03683284147130028,
      0.08304610078066701
    ]
  },
  "performance": {
    "runtime": 25.159812927246094,
    "test_log_posterior": -1383.929878261704
  }
}