{
  "experiment_id": "s5_sigma0.2_nx50_T0.3_lam0.5_m5_seed202",
  "config": {
    "s": 5,
    "sensor_positions": [
      0.1,
      0.3,
      0.5,
      0.7,
      0.9
    ],
    "placement_type": "fixed",
    "sigma": 0.2,
    "n_x": 50,
    "T": 0.3,
    "lambda": 0.5,
    "c": 1.0,
    "m": 5,
    "n_t": 50,
    "seed": 202,
    "delta": 0.05,
    "alpha": 0.001,
    "M": 2000,
    "R": 100,
    "n": 250,
    "Delta_x": 0.02,
    "Delta_t": 0.006122448979591836,
    "mcmc_n_steps": 10000,
    "mcmc_n_burn": 2000,
    "is_baseline": false
  },
  "status": "success",
  "dataset": {
    "kappa_star": [
      1.2847216299636934,
      1.4241900884838463,
      3.920764034845088,
      3.9752807832159958,
      3.9824723567684557
    ],
    "n_observations": 250
  },
  "mcmc": {
    "acceptance_rate": 0.29145714285714286,
    "ess_min": 473.69425795663227,
    "ess_mean": 1121.3089056427377,
    "ess_per_coord": [
      856.3998473183527,
      926.904185699219,
      2031.8763724886567,
      1317.669864750828,
      473.69425795663227
    ],
    "n_chunks": 7,
    "total_steps": 35000,
    "converged": true,
    "efficiency": 0.013534121655903779,
    "n_forward_evals": 35000
  },
  "certificate": {
    "L_hat": 1208.3323234893328,
    "KL": 0.0,
    "eta_h": 0.0002,
    "delta_term": 0.023965858188431926,
    "B_lambda": 1208.3564893475211,
    "components": {
      "empirical_term": 1208.3323234893328,
      "kl_term": 0.0,
      "discretization_term": 0.0002,
      "confidence_term": 0.023965858188431926
    },
    "valid": true
  },
  "posterior_summary": {
    "mean": [
      1.7604424868882271,
      4.178132961950263,
      4.986953051538663,
      4.991273309587308,
      4.973939158190612
    ],
    "std": [
      0.15453886057878533,
      0.11474981871107515,
      0.011875056883402154,
      0.008268557199013545,
      0.022683200794888413
    ]
  },
  "performance": {
    "runtime": 336.56342697143555,
    "test_log_posterior": -2181.3553857330476
  }
}