{
  "experiment_id": "s3_sigma0.1_nx100_T0.3_lam2.0_m3_seed202",
  "config": {
    "s": 3,
    "sensor_positions": [
      0.25,
      0.5,
      0.75
    ],
    "placement_type": "fixed",
    "sigma": 0.1,
    "n_x": 100,
    "T": 0.3,
    "lambda": 2.0,
    "c": 1.0,
    "m": 3,
    "n_t": 50,
    "seed": 202,
    "delta": 0.05,
    "alpha": 0.001,
    "M": 2000,
    "R": 100,
    "n": 150,
    "Delta_x": 0.01,
    "Delta_t": 0.006122448979591836,
    "mcmc_n_steps": 10000,
    "mcmc_n_burn": 2000,
    "is_baseline": false
  },
  "status": "success",
  "dataset": {
    "kappa_star": [
      1.2847216299636934,
      1.4241900884838463,
      3.920764034845088
    ],
    "n_observations": 150
  },
  "mcmc": {
    "acceptance_rate": 0.51005,
    "ess_min": 561.0826798817235,
    "ess_mean": 670.7996816021827,
    "ess_per_coord": [
      561.0826798817235,
      672.0152812794302,
      779.3010836453943
    ],
    "n_chunks": 2,
    "total_steps": 10000,
    "converged": true,
    "efficiency": 0.056108267988172346,
    "n_forward_evals": 10000
  },
  "certificate": {
    "L_hat": 137.8918422574922,
    "KL": 0.0,
    "eta_h": 5e-05,
    "delta_term": 0.00998577424517997,
    "B_lambda": 137.90187803173734,
    "components": {
      "empirical_term": 137.8918422574922,
      "kl_term": 0.0,
      "discretization_term": 5e-05,
      "confidence_term": 0.00998577424517997
    },
    "valid": true
  },
  "posterior_summary": {
    "mean": [
      1.59536673276757,
      2.98365896213947,
      3.9450265767018347
    ],
    "std": [
      0.02235555046711119,
      0.020389750026234835,
      0.03400071973845222
    ]
  },
  "performance": {
    "runtime": 24.79435920715332,
    "test_log_posterior": -5109.991196410596
  }
}