{
  "experiment_id": "s3_sigma0.1_nx50_T0.3_lam0.5_m5_seed303",
  "config": {
    "s": 3,
    "sensor_positions": [
      0.25,
      0.5,
      0.75
    ],
    "placement_type": "fixed",
    "sigma": 0.1,
    "n_x": 50,
    "T": 0.3,
    "lambda": 0.5,
    "c": 1.0,
    "m": 5,
    "n_t": 100,
    "seed": 303,
    "delta": 0.05,
    "alpha": 0.001,
    "M": 2000,
    "R": 100,
    "n": 300,
    "Delta_x": 0.02,
    "Delta_t": 0.0030303030303030303,
    "mcmc_n_steps": 10000,
    "mcmc_n_burn": 2000,
    "is_baseline": false
  },
  "status": "success",
  "dataset": {
    "kappa_star": [
      3.12551948199565,
      1.4836227496566199,
      2.427779995862962,
      3.3381215081208255,
      2.6741059937440994
    ],
    "n_observations": 300
  },
  "mcmc": {
    "acceptance_rate": 0.5428666666666667,
    "ess_min": 490.943604377311,
    "ess_mean": 615.9377199614362,
    "ess_per_coord": [
      645.4324263002032,
      701.8456654831112,
      733.425139348328,
      490.943604377311,
      508.041764298227
    ],
    "n_chunks": 4,
    "total_steps": 20000,
    "converged": true,
    "efficiency": 0.02454718021886555,
    "n_forward_evals": 20000
  },
  "certificate": {
    "L_hat": 3458.380180234448,
    "KL": 0.0,
    "eta_h": 0.0002,
    "delta_term": 0.01997154849035994,
    "B_lambda": 3458.4003517829383,
    "components": {
      "empirical_term": 3458.380180234448,
      "kl_term": 0.0,
      "discretization_term": 0.0002,
      "confidence_term": 0.01997154849035994
    },
    "valid": true
  },
  "posterior_summary": {
    "mean": [
      2.836331862824744,
      3.663264765399361,
      4.326828339880613,
      4.209361210329386,
      4.024877727045778
    ],
    "std": [
      0.10020531445721753,
      0.06481636057675115,
      0.035306339652185444,
      0.050213667869409326,
      0.09352650258580977
    ]
  },
  "performance": {
    "runtime": 240.14733791351318,
    "test_log_posterior": -11511.726462298895
  }
}