{
  "experiment_id": "s3_sigma0.2_nx100_T0.3_lam0.5_m5_seed101",
  "config": {
    "s": 3,
    "sensor_positions": [
      0.25,
      0.5,
      0.75
    ],
    "placement_type": "fixed",
    "sigma": 0.2,
    "n_x": 100,
    "T": 0.3,
    "lambda": 0.5,
    "c": 1.0,
    "m": 5,
    "n_t": 50,
    "seed": 101,
    "delta": 0.05,
    "alpha": 0.001,
    "M": 2000,
    "R": 100,
    "n": 150,
    "Delta_x": 0.01,
    "Delta_t": 0.006122448979591836,
    "mcmc_n_steps": 10000,
    "mcmc_n_burn": 2000,
    "is_baseline": false
  },
  "status": "success",
  "dataset": {
    "kappa_star": [
      2.3073951969585615,
      2.4973365540384895,
      0.5996597926733394,
      1.1003257967878608,
      2.898469435940594
    ],
    "n_observations": 150
  },
  "mcmc": {
    "acceptance_rate": 0.4296666666666667,
    "ess_min": 295.02322106379137,
    "ess_mean": 420.9700918334723,
    "ess_per_coord": [
      611.9877818758753,
      523.1931625262612,
      370.35200139543133,
      295.02322106379137,
      304.29429230600243
    ],
    "n_chunks": 8,
    "total_steps": 40000,
    "converged": false,
    "efficiency": 0.007375580526594784,
    "n_forward_evals": 40000
  },
  "certificate": {
    "L_hat": 81.34606949399041,
    "KL": 0.0,
    "eta_h": 5e-05,
    "delta_term": 0.03994309698071988,
    "B_lambda": 81.38606259097114,
    "components": {
      "empirical_term": 81.34606949399041,
      "kl_term": 0.0,
      "discretization_term": 5e-05,
      "confidence_term": 0.03994309698071988
    },
    "valid": true
  },
  "posterior_summary": {
    "mean": [
      3.1504413386292036,
      2.736107529606583,
      2.436731222870478,
      2.261643675846335,
      2.530499327025525
    ],
    "std": [
      0.3637704370545185,
      0.19369214916938648,
      0.13317952747481457,
      0.3042889338077121,
      0.4926812662380282
    ]
  },
  "performance": {
    "runtime": 253.20236492156982,
    "test_log_posterior": -989.6827915803088
  }
}