{
  "experiment_id": "s3_sigma0.1_nx50_T0.3_lam2.0_m3_seed202",
  "config": {
    "s": 3,
    "sensor_positions": [
      0.2,
      0.5,
      0.8
    ],
    "placement_type": "shifted",
    "sigma": 0.1,
    "n_x": 50,
    "T": 0.3,
    "lambda": 2.0,
    "c": 1.0,
    "m": 3,
    "n_t": 50,
    "seed": 202,
    "delta": 0.05,
    "alpha": 0.001,
    "M": 2000,
    "R": 100,
    "n": 150,
    "Delta_x": 0.02,
    "Delta_t": 0.006122448979591836,
    "mcmc_n_steps": 10000,
    "mcmc_n_burn": 2000,
    "is_baseline": false
  },
  "status": "success",
  "dataset": {
    "kappa_star": [
      1.2847216299636934,
      1.4241900884838463,
      3.920764034845088
    ],
    "n_observations": 150
  },
  "mcmc": {
    "acceptance_rate": 0.54495,
    "ess_min": 588.3807053727936,
    "ess_mean": 647.3522455470961,
    "ess_per_coord": [
      650.9465971614645,
      588.3807053727936,
      702.7294341070302
    ],
    "n_chunks": 2,
    "total_steps": 10000,
    "converged": true,
    "efficiency": 0.05883807053727936,
    "n_forward_evals": 10000
  },
  "certificate": {
    "L_hat": 149.32033333462738,
    "KL": 0.0,
    "eta_h": 0.0002,
    "delta_term": 0.00998577424517997,
    "B_lambda": 149.33051910887255,
    "components": {
      "empirical_term": 149.32033333462738,
      "kl_term": 0.0,
      "discretization_term": 0.0002,
      "confidence_term": 0.00998577424517997
    },
    "valid": true
  },
  "posterior_summary": {
    "mean": [
      1.7330175098256548,
      2.9505499139958555,
      4.328639735758116
    ],
    "std": [
      0.02562356529024825,
      0.019476046355193177,
      0.03816959132743991
    ]
  },
  "performance": {
    "runtime": 15.873681783676147,
    "test_log_posterior": -5027.357321059829
  }
}