{
  "experiment_id": "s5_sigma0.1_nx50_T0.5_lam0.5_m5_seed303",
  "config": {
    "s": 5,
    "sensor_positions": [
      0.2,
      0.35,
      0.5,
      0.65,
      0.8
    ],
    "placement_type": "shifted",
    "sigma": 0.1,
    "n_x": 50,
    "T": 0.5,
    "lambda": 0.5,
    "c": 1.0,
    "m": 5,
    "n_t": 50,
    "seed": 303,
    "delta": 0.05,
    "alpha": 0.001,
    "M": 2000,
    "R": 100,
    "n": 250,
    "Delta_x": 0.02,
    "Delta_t": 0.01020408163265306,
    "mcmc_n_steps": 10000,
    "mcmc_n_burn": 2000,
    "is_baseline": false
  },
  "status": "success",
  "dataset": {
    "kappa_star": [
      3.12551948199565,
      1.4836227496566199,
      2.427779995862962,
      3.3381215081208255,
      2.6741059937440994
    ],
    "n_observations": 250
  },
  "mcmc": {
    "acceptance_rate": 0.5383333333333334,
    "ess_min": 526.2886924447477,
    "ess_mean": 607.4601619228072,
    "ess_per_coord": [
      539.5351838567606,
      526.2886924447477,
      546.3296156734089,
      635.6115422238705,
      789.5357754152479
    ],
    "n_chunks": 3,
    "total_steps": 15000,
    "converged": true,
    "efficiency": 0.035085912829649846,
    "n_forward_evals": 15000
  },
  "certificate": {
    "L_hat": 3751.6347772305835,
    "KL": 0.0,
    "eta_h": 0.0002,
    "delta_term": 0.023965858188431926,
    "B_lambda": 3751.658943088772,
    "components": {
      "empirical_term": 3751.6347772305835,
      "kl_term": 0.0,
      "discretization_term": 0.0002,
      "confidence_term": 0.023965858188431926
    },
    "valid": true
  },
  "posterior_summary": {
    "mean": [
      2.0285288799401924,
      3.4626782460720387,
      4.172583711070339,
      4.070584409511451,
      2.6695907440975755
    ],
    "std": [
      0.06839669528138566,
      0.05439296684463712,
      0.05167484377318077,
      0.053059684201659116,
      0.06771709808049062
    ]
  },
  "performance": {
    "runtime": 145.2480878829956,
    "test_log_posterior": -6122.69208037571
  }
}