{
  "experiment_id": "s5_sigma0.2_nx50_T0.3_lam1.0_m5_seed202",
  "config": {
    "s": 5,
    "sensor_positions": [
      0.2,
      0.35,
      0.5,
      0.65,
      0.8
    ],
    "placement_type": "shifted",
    "sigma": 0.2,
    "n_x": 50,
    "T": 0.3,
    "lambda": 1.0,
    "c": 1.0,
    "m": 5,
    "n_t": 100,
    "seed": 202,
    "delta": 0.05,
    "alpha": 0.001,
    "M": 2000,
    "R": 100,
    "n": 500,
    "Delta_x": 0.02,
    "Delta_t": 0.0030303030303030303,
    "mcmc_n_steps": 10000,
    "mcmc_n_burn": 2000,
    "is_baseline": false
  },
  "status": "success",
  "dataset": {
    "kappa_star": [
      1.2847216299636934,
      1.4241900884838463,
      3.920764034845088,
      3.9752807832159958,
      3.9824723567684557
    ],
    "n_observations": 500
  },
  "mcmc": {
    "acceptance_rate": 0.1559,
    "ess_min": 420.7628393172041,
    "ess_mean": 723.286935040057,
    "ess_per_coord": [
      532.3909681018955,
      420.7628393172041,
      508.14695989392396,
      520.8086204064144,
      1634.3252874808466
    ],
    "n_chunks": 4,
    "total_steps": 20000,
    "converged": true,
    "efficiency": 0.021038141965860204,
    "n_forward_evals": 20000
  },
  "certificate": {
    "L_hat": 2668.298051046791,
    "KL": 0.0,
    "eta_h": 0.0002,
    "delta_term": 0.0059914645471079815,
    "B_lambda": 2668.304242511338,
    "components": {
      "empirical_term": 2668.298051046791,
      "kl_term": 0.0,
      "discretization_term": 0.0002,
      "confidence_term": 0.0059914645471079815
    },
    "valid": true
  },
  "posterior_summary": {
    "mean": [
      0.7167683245953578,
      4.004810608709655,
      4.997239331974452,
      4.997956579253977,
      4.418449048439723
    ],
    "std": [
      0.04126914924731987,
      0.04063940868747261,
      0.0025738360854537937,
      0.0018300039826762463,
      0.07485778784581097
    ]
  },
  "performance": {
    "runtime": 224.59817814826965,
    "test_log_posterior": -9378.068976608321
  }
}