{
  "experiment_id": "s3_sigma0.05_nx100_T0.5_lam0.5_m3_seed303",
  "config": {
    "s": 3,
    "sensor_positions": [
      0.25,
      0.5,
      0.75
    ],
    "placement_type": "fixed",
    "sigma": 0.05,
    "n_x": 100,
    "T": 0.5,
    "lambda": 0.5,
    "c": 1.0,
    "m": 3,
    "n_t": 50,
    "seed": 303,
    "delta": 0.05,
    "alpha": 0.001,
    "M": 2000,
    "R": 100,
    "n": 150,
    "Delta_x": 0.01,
    "Delta_t": 0.01020408163265306,
    "mcmc_n_steps": 10000,
    "mcmc_n_burn": 2000,
    "is_baseline": false
  },
  "status": "success",
  "dataset": {
    "kappa_star": [
      3.12551948199565,
      1.4836227496566199,
      2.427779995862962
    ],
    "n_observations": 150
  },
  "mcmc": {
    "acceptance_rate": 0.5253,
    "ess_min": 611.7057273667305,
    "ess_mean": 659.1893914133971,
    "ess_per_coord": [
      655.4425967619791,
      611.7057273667305,
      710.4198501114815
    ],
    "n_chunks": 2,
    "total_steps": 10000,
    "converged": true,
    "efficiency": 0.06117057273667305,
    "n_forward_evals": 10000
  },
  "certificate": {
    "L_hat": 1233.5996371184424,
    "KL": 0.0,
    "eta_h": 5e-05,
    "delta_term": 0.03994309698071988,
    "B_lambda": 1233.6396302154233,
    "components": {
      "empirical_term": 1233.5996371184424,
      "kl_term": 0.0,
      "discretization_term": 5e-05,
      "confidence_term": 0.03994309698071988
    },
    "valid": true
  },
  "posterior_summary": {
    "mean": [
      3.2325068210844963,
      3.1267422261321833,
      2.659361184492661
    ],
    "std": [
      0.03796660392351681,
      0.02360437223894446,
      0.03145532074996175
    ]
  },
  "performance": {
    "runtime": 16.74715495109558,
    "test_log_posterior": -4170.698658303486
  }
}