{
  "experiment_id": "s5_sigma0.05_nx50_T0.5_lam2.0_m5_seed303",
  "config": {
    "s": 5,
    "sensor_positions": [
      0.2,
      0.35,
      0.5,
      0.65,
      0.8
    ],
    "placement_type": "shifted",
    "sigma": 0.05,
    "n_x": 50,
    "T": 0.5,
    "lambda": 2.0,
    "c": 1.0,
    "m": 5,
    "n_t": 50,
    "seed": 303,
    "delta": 0.05,
    "alpha": 0.001,
    "M": 2000,
    "R": 100,
    "n": 250,
    "Delta_x": 0.02,
    "Delta_t": 0.01020408163265306,
    "mcmc_n_steps": 10000,
    "mcmc_n_burn": 2000,
    "is_baseline": false
  },
  "status": "success",
  "dataset": {
    "kappa_star": [
      3.12551948199565,
      1.4836227496566199,
      2.427779995862962,
      3.3381215081208255,
      2.6741059937440994
    ],
    "n_observations": 250
  },
  "mcmc": {
    "acceptance_rate": 0.5572666666666667,
    "ess_min": 431.91164201045615,
    "ess_mean": 553.380585574017,
    "ess_per_coord": [
      563.2430884194943,
      503.57889665178016,
      431.91164201045615,
      568.2654495862937,
      699.9038512020611
    ],
    "n_chunks": 3,
    "total_steps": 15000,
    "converged": true,
    "efficiency": 0.028794109467363743,
    "n_forward_evals": 15000
  },
  "certificate": {
    "L_hat": 14907.794492316538,
    "KL": 0.0,
    "eta_h": 0.0002,
    "delta_term": 0.0059914645471079815,
    "B_lambda": 14907.800683781084,
    "components": {
      "empirical_term": 14907.794492316538,
      "kl_term": 0.0,
      "discretization_term": 0.0002,
      "confidence_term": 0.0059914645471079815
    },
    "valid": true
  },
  "posterior_summary": {
    "mean": [
      2.037636662455839,
      3.45663751479145,
      4.156120330395407,
      4.077926594088771,
      2.682393269431462
    ],
    "std": [
      0.02129740579567664,
      0.015362825859144866,
      0.012982278719632496,
      0.01361102655258561,
      0.022113746122805464
    ]
  },
  "performance": {
    "runtime": 140.41940903663635,
    "test_log_posterior": -97407.69021122059
  }
}