{
  "experiment_id": "s5_sigma0.2_nx100_T0.5_lam1.0_m3_seed202",
  "config": {
    "s": 5,
    "sensor_positions": [
      0.1,
      0.3,
      0.5,
      0.7,
      0.9
    ],
    "placement_type": "fixed",
    "sigma": 0.2,
    "n_x": 100,
    "T": 0.5,
    "lambda": 1.0,
    "c": 1.0,
    "m": 3,
    "n_t": 100,
    "seed": 202,
    "delta": 0.05,
    "alpha": 0.001,
    "M": 2000,
    "R": 100,
    "n": 500,
    "Delta_x": 0.01,
    "Delta_t": 0.005050505050505051,
    "mcmc_n_steps": 10000,
    "mcmc_n_burn": 2000,
    "is_baseline": false
  },
  "status": "success",
  "dataset": {
    "kappa_star": [
      1.2847216299636934,
      1.4241900884838463,
      3.920764034845088
    ],
    "n_observations": 500
  },
  "mcmc": {
    "acceptance_rate": 0.48995,
    "ess_min": 511.5220047145167,
    "ess_mean": 619.3271379849942,
    "ess_per_coord": [
      511.5220047145167,
      671.5342752995423,
      674.9251339409237
    ],
    "n_chunks": 2,
    "total_steps": 10000,
    "converged": true,
    "efficiency": 0.05115220047145167,
    "n_forward_evals": 10000
  },
  "certificate": {
    "L_hat": 319.062327367257,
    "KL": 0.0,
    "eta_h": 5e-05,
    "delta_term": 0.0059914645471079815,
    "B_lambda": 319.0683688318041,
    "components": {
      "empirical_term": 319.062327367257,
      "kl_term": 0.0,
      "discretization_term": 5e-05,
      "confidence_term": 0.0059914645471079815
    },
    "valid": true
  },
  "posterior_summary": {
    "mean": [
      1.3753649333167326,
      2.876106097119124,
      3.325353912397501
    ],
    "std": [
      0.041790041801302046,
      0.049702455266543356,
      0.05946437998852147
    ]
  },
  "performance": {
    "runtime": 48.534260988235474,
    "test_log_posterior": -1016.6779260376499
  }
}