{
  "experiment_id": "s3_sigma0.1_nx50_T0.5_lam2.0_m5_seed101",
  "config": {
    "s": 3,
    "sensor_positions": [
      0.2,
      0.5,
      0.8
    ],
    "placement_type": "shifted",
    "sigma": 0.1,
    "n_x": 50,
    "T": 0.5,
    "lambda": 2.0,
    "c": 1.0,
    "m": 5,
    "n_t": 100,
    "seed": 101,
    "delta": 0.05,
    "alpha": 0.001,
    "M": 2000,
    "R": 100,
    "n": 300,
    "Delta_x": 0.02,
    "Delta_t": 0.005050505050505051,
    "mcmc_n_steps": 10000,
    "mcmc_n_burn": 2000,
    "is_baseline": false
  },
  "status": "success",
  "dataset": {
    "kappa_star": [
      2.3073951969585615,
      2.4973365540384895,
      0.5996597926733394,
      1.1003257967878608,
      2.898469435940594
    ],
    "n_observations": 300
  },
  "mcmc": {
    "acceptance_rate": 0.5141619047619047,
    "ess_min": 462.62954132346925,
    "ess_mean": 499.3323113327007,
    "ess_per_coord": [
      481.64636033955145,
      462.62954132346925,
      560.132315481359,
      473.8090143288808,
      518.4443251902431
    ],
    "n_chunks": 7,
    "total_steps": 35000,
    "converged": true,
    "efficiency": 0.013217986894956265,
    "n_forward_evals": 35000
  },
  "certificate": {
    "L_hat": 364.9613968513823,
    "KL": 0.0,
    "eta_h": 0.0002,
    "delta_term": 0.004992887122589985,
    "B_lambda": 364.96658973850487,
    "components": {
      "empirical_term": 364.9613968513823,
      "kl_term": 0.0,
      "discretization_term": 0.0002,
      "confidence_term": 0.004992887122589985
    },
    "valid": true
  },
  "posterior_summary": {
    "mean": [
      2.0787972222448485,
      2.379924947126245,
      2.406681725894899,
      2.499573751327063,
      1.2399877163922652
    ],
    "std": [
      0.04882076961084401,
      0.047640284565540064,
      0.023276933330023064,
      0.042615209418613145,
      0.03418752589462362
    ]
  },
  "performance": {
    "runtime": 382.6318211555481,
    "test_log_posterior": -16871.048771635542
  }
}