{
  "experiment_id": "s5_sigma0.2_nx50_T0.5_lam2.0_m5_seed303",
  "config": {
    "s": 5,
    "sensor_positions": [
      0.1,
      0.3,
      0.5,
      0.7,
      0.9
    ],
    "placement_type": "fixed",
    "sigma": 0.2,
    "n_x": 50,
    "T": 0.5,
    "lambda": 2.0,
    "c": 1.0,
    "m": 5,
    "n_t": 50,
    "seed": 303,
    "delta": 0.05,
    "alpha": 0.001,
    "M": 2000,
    "R": 100,
    "n": 250,
    "Delta_x": 0.02,
    "Delta_t": 0.01020408163265306,
    "mcmc_n_steps": 10000,
    "mcmc_n_burn": 2000,
    "is_baseline": false
  },
  "status": "success",
  "dataset": {
    "kappa_star": [
      3.12551948199565,
      1.4836227496566199,
      2.427779995862962,
      3.3381215081208255,
      2.6741059937440994
    ],
    "n_observations": 250
  },
  "mcmc": {
    "acceptance_rate": 0.5852444444444446,
    "ess_min": 515.9980860952217,
    "ess_mean": 552.255611953552,
    "ess_per_coord": [
      515.9980860952217,
      532.5151940592701,
      516.033948440629,
      551.7483556150585,
      644.982475557581
    ],
    "n_chunks": 3,
    "total_steps": 15000,
    "converged": true,
    "efficiency": 0.03439987240634811,
    "n_forward_evals": 15000
  },
  "certificate": {
    "L_hat": 879.2039745141807,
    "KL": 0.0,
    "eta_h": 0.0002,
    "delta_term": 0.0059914645471079815,
    "B_lambda": 879.2101659787278,
    "components": {
      "empirical_term": 879.2039745141807,
      "kl_term": 0.0,
      "discretization_term": 0.0002,
      "confidence_term": 0.0059914645471079815
    },
    "valid": true
  },
  "posterior_summary": {
    "mean": [
      3.3621332390728793,
      3.5814514934209623,
      4.05404413555935,
      4.292781993924407,
      3.965978852092657
    ],
    "std": [
      0.1143569450124207,
      0.06562773670168064,
      0.05582928453440789,
      0.0634017979390238,
      0.11335254158863385
    ]
  },
  "performance": {
    "runtime": 89.87813305854797,
    "test_log_posterior": -5648.136465535464
  }
}