{
  "experiment_id": "s5_sigma0.05_nx50_T0.3_lam1.0_m5_seed202",
  "config": {
    "s": 5,
    "sensor_positions": [
      0.2,
      0.35,
      0.5,
      0.65,
      0.8
    ],
    "placement_type": "shifted",
    "sigma": 0.05,
    "n_x": 50,
    "T": 0.3,
    "lambda": 1.0,
    "c": 1.0,
    "m": 5,
    "n_t": 50,
    "seed": 202,
    "delta": 0.05,
    "alpha": 0.001,
    "M": 2000,
    "R": 100,
    "n": 250,
    "Delta_x": 0.02,
    "Delta_t": 0.006122448979591836,
    "mcmc_n_steps": 10000,
    "mcmc_n_burn": 2000,
    "is_baseline": false
  },
  "status": "success",
  "dataset": {
    "kappa_star": [
      1.2847216299636934,
      1.4241900884838463,
      3.920764034845088,
      3.9752807832159958,
      3.9824723567684557
    ],
    "n_observations": 250
  },
  "mcmc": {
    "acceptance_rate": 0.05115833333333333,
    "ess_min": 31.650115574370776,
    "ess_mean": 448.17478706308367,
    "ess_per_coord": [
      347.9970110739268,
      199.5224828075223,
      31.650115574370776,
      37.41257544221281,
      1624.2917504173856
    ],
    "n_chunks": 8,
    "total_steps": 40000,
    "converged": false,
    "efficiency": 0.0007912528893592694,
    "n_forward_evals": 40000
  },
  "certificate": {
    "L_hat": 19761.55086960823,
    "KL": 0.0,
    "eta_h": 0.0002,
    "delta_term": 0.011982929094215963,
    "B_lambda": 19761.56305253732,
    "components": {
      "empirical_term": 19761.55086960823,
      "kl_term": 0.0,
      "discretization_term": 0.0002,
      "confidence_term": 0.011982929094215963
    },
    "valid": true
  },
  "posterior_summary": {
    "mean": [
      0.718878392749342,
      4.003568599645551,
      4.999620941415288,
      4.999609094953645,
      4.323674320463017
    ],
    "std": [
      0.019940617736259037,
      0.018477176407321494,
      0.0003841227602284785,
      0.0003754508721349557,
      0.029371543031787777
    ]
  },
  "performance": {
    "runtime": 386.248507976532,
    "test_log_posterior": -74234.35160685402
  }
}