{
  "experiment_id": "s3_sigma0.2_nx50_T0.5_lam0.5_m3_seed303",
  "config": {
    "s": 3,
    "sensor_positions": [
      0.25,
      0.5,
      0.75
    ],
    "placement_type": "fixed",
    "sigma": 0.2,
    "n_x": 50,
    "T": 0.5,
    "lambda": 0.5,
    "c": 1.0,
    "m": 3,
    "n_t": 100,
    "seed": 303,
    "delta": 0.05,
    "alpha": 0.001,
    "M": 2000,
    "R": 100,
    "n": 300,
    "Delta_x": 0.02,
    "Delta_t": 0.005050505050505051,
    "mcmc_n_steps": 10000,
    "mcmc_n_burn": 2000,
    "is_baseline": false
  },
  "status": "success",
  "dataset": {
    "kappa_star": [
      3.12551948199565,
      1.4836227496566199,
      2.427779995862962
    ],
    "n_observations": 300
  },
  "mcmc": {
    "acceptance_rate": 0.49949999999999994,
    "ess_min": 606.7012851535925,
    "ess_mean": 680.465556174613,
    "ess_per_coord": [
      623.1071743245383,
      606.7012851535925,
      811.5882090457079
    ],
    "n_chunks": 2,
    "total_steps": 10000,
    "converged": true,
    "efficiency": 0.06067012851535925,
    "n_forward_evals": 10000
  },
  "certificate": {
    "L_hat": 289.25498473689385,
    "KL": 0.0,
    "eta_h": 0.0002,
    "delta_term": 0.01997154849035994,
    "B_lambda": 289.2751562853842,
    "components": {
      "empirical_term": 289.25498473689385,
      "kl_term": 0.0,
      "discretization_term": 0.0002,
      "confidence_term": 0.01997154849035994
    },
    "valid": true
  },
  "posterior_summary": {
    "mean": [
      3.2541476742378155,
      3.108438771501554,
      2.6233779162406665
    ],
    "std": [
      0.09982780518688984,
      0.07291976720610045,
      0.09210313673622783
    ]
  },
  "performance": {
    "runtime": 51.180227756500244,
    "test_log_posterior": -571.8364612065961
  }
}