{
  "experiment_id": "s3_sigma0.05_nx50_T0.5_lam1.0_m3_seed202",
  "config": {
    "s": 3,
    "sensor_positions": [
      0.2,
      0.5,
      0.8
    ],
    "placement_type": "shifted",
    "sigma": 0.05,
    "n_x": 50,
    "T": 0.5,
    "lambda": 1.0,
    "c": 1.0,
    "m": 3,
    "n_t": 100,
    "seed": 202,
    "delta": 0.05,
    "alpha": 0.001,
    "M": 2000,
    "R": 100,
    "n": 300,
    "Delta_x": 0.02,
    "Delta_t": 0.005050505050505051,
    "mcmc_n_steps": 10000,
    "mcmc_n_burn": 2000,
    "is_baseline": false
  },
  "status": "success",
  "dataset": {
    "kappa_star": [
      1.2847216299636934,
      1.4241900884838463,
      3.920764034845088
    ],
    "n_observations": 300
  },
  "mcmc": {
    "acceptance_rate": 0.5549999999999999,
    "ess_min": 536.454575282718,
    "ess_mean": 617.3485700029502,
    "ess_per_coord": [
      662.8822036961382,
      536.454575282718,
      652.7089310299942
    ],
    "n_chunks": 2,
    "total_steps": 10000,
    "converged": true,
    "efficiency": 0.0536454575282718,
    "n_forward_evals": 10000
  },
  "certificate": {
    "L_hat": 1556.3977528054684,
    "KL": 0.0,
    "eta_h": 0.0002,
    "delta_term": 0.00998577424517997,
    "B_lambda": 1556.4079385797136,
    "components": {
      "empirical_term": 1556.3977528054684,
      "kl_term": 0.0,
      "discretization_term": 0.0002,
      "confidence_term": 0.00998577424517997
    },
    "valid": true
  },
  "posterior_summary": {
    "mean": [
      1.7781038877667834,
      2.9014433910237174,
      4.172364079063338
    ],
    "std": [
      0.01685946243818363,
      0.011082830259846731,
      0.021625171673325505
    ]
  },
  "performance": {
    "runtime": 29.390759706497192,
    "test_log_posterior": -13498.220746332077
  }
}