{
  "experiment_id": "s5_sigma0.05_nx100_T0.3_lam1.0_m3_seed202",
  "config": {
    "s": 5,
    "sensor_positions": [
      0.1,
      0.3,
      0.5,
      0.7,
      0.9
    ],
    "placement_type": "fixed",
    "sigma": 0.05,
    "n_x": 100,
    "T": 0.3,
    "lambda": 1.0,
    "c": 1.0,
    "m": 3,
    "n_t": 50,
    "seed": 202,
    "delta": 0.05,
    "alpha": 0.001,
    "M": 2000,
    "R": 100,
    "n": 250,
    "Delta_x": 0.01,
    "Delta_t": 0.006122448979591836,
    "mcmc_n_steps": 10000,
    "mcmc_n_burn": 2000,
    "is_baseline": false
  },
  "status": "success",
  "dataset": {
    "kappa_star": [
      1.2847216299636934,
      1.4241900884838463,
      3.920764034845088
    ],
    "n_observations": 250
  },
  "mcmc": {
    "acceptance_rate": 0.4806,
    "ess_min": 556.5044237538715,
    "ess_mean": 677.4448791536585,
    "ess_per_coord": [
      583.11351260293,
      556.5044237538715,
      892.716701104174
    ],
    "n_chunks": 2,
    "total_steps": 10000,
    "converged": true,
    "efficiency": 0.055650442375387146,
    "n_forward_evals": 10000
  },
  "certificate": {
    "L_hat": 525.4577637052762,
    "KL": 0.0,
    "eta_h": 5e-05,
    "delta_term": 0.011982929094215963,
    "B_lambda": 525.4697966343704,
    "components": {
      "empirical_term": 525.4577637052762,
      "kl_term": 0.0,
      "discretization_term": 5e-05,
      "confidence_term": 0.011982929094215963
    },
    "valid": true
  },
  "posterior_summary": {
    "mean": [
      1.321499917304273,
      2.9761589230405856,
      3.271181063386978
    ],
    "std": [
      0.013307748444742522,
      0.014896721862433352,
      0.01697723722930889
    ]
  },
  "performance": {
    "runtime": 45.65008902549744,
    "test_log_posterior": -9610.67370890648
  }
}