{
  "experiment_id": "s3_sigma0.05_nx100_T0.3_lam2.0_m5_seed303",
  "config": {
    "s": 3,
    "sensor_positions": [
      0.2,
      0.5,
      0.8
    ],
    "placement_type": "shifted",
    "sigma": 0.05,
    "n_x": 100,
    "T": 0.3,
    "lambda": 2.0,
    "c": 1.0,
    "m": 5,
    "n_t": 100,
    "seed": 303,
    "delta": 0.05,
    "alpha": 0.001,
    "M": 2000,
    "R": 100,
    "n": 300,
    "Delta_x": 0.01,
    "Delta_t": 0.0030303030303030303,
    "mcmc_n_steps": 10000,
    "mcmc_n_burn": 2000,
    "is_baseline": false
  },
  "status": "success",
  "dataset": {
    "kappa_star": [
      3.12551948199565,
      1.4836227496566199,
      2.427779995862962,
      3.3381215081208255,
      2.6741059937440994
    ],
    "n_observations": 300
  },
  "mcmc": {
    "acceptance_rate": 0.5158533333333334,
    "ess_min": 417.34851280377205,
    "ess_mean": 749.6644873416038,
    "ess_per_coord": [
      1133.85098733457,
      1032.048861103971,
      723.037361926697,
      417.34851280377205,
      442.0367135390095
    ],
    "n_chunks": 5,
    "total_steps": 25000,
    "converged": true,
    "efficiency": 0.01669394051215088,
    "n_forward_evals": 25000
  },
  "certificate": {
    "L_hat": 9975.944201026352,
    "KL": 0.0,
    "eta_h": 5e-05,
    "delta_term": 0.004992887122589985,
    "B_lambda": 9975.949243913476,
    "components": {
      "empirical_term": 9975.944201026352,
      "kl_term": 0.0,
      "discretization_term": 5e-05,
      "confidence_term": 0.004992887122589985
    },
    "valid": true
  },
  "posterior_summary": {
    "mean": [
      1.5601033009087686,
      3.7728226096970814,
      4.434913048642966,
      3.9578768989578412,
      2.4466552084032958
    ],
    "std": [
      0.012789559281811885,
      0.016924157336132315,
      0.010714401568010947,
      0.018278826672467104,
      0.016151351607058797
    ]
  },
  "performance": {
    "runtime": 170.8474988937378,
    "test_log_posterior": -126642.38003429235
  }
}