{
  "experiment_id": "s5_sigma0.05_nx50_T0.5_lam2.0_m3_seed303",
  "config": {
    "s": 5,
    "sensor_positions": [
      0.2,
      0.35,
      0.5,
      0.65,
      0.8
    ],
    "placement_type": "shifted",
    "sigma": 0.05,
    "n_x": 50,
    "T": 0.5,
    "lambda": 2.0,
    "c": 1.0,
    "m": 3,
    "n_t": 50,
    "seed": 303,
    "delta": 0.05,
    "alpha": 0.001,
    "M": 2000,
    "R": 100,
    "n": 250,
    "Delta_x": 0.02,
    "Delta_t": 0.01020408163265306,
    "mcmc_n_steps": 10000,
    "mcmc_n_burn": 2000,
    "is_baseline": false
  },
  "status": "success",
  "dataset": {
    "kappa_star": [
      3.12551948199565,
      1.4836227496566199,
      2.427779995862962
    ],
    "n_observations": 250
  },
  "mcmc": {
    "acceptance_rate": 0.4841,
    "ess_min": 516.5742289387919,
    "ess_mean": 604.2533322756036,
    "ess_per_coord": [
      654.3814756248057,
      516.5742289387919,
      641.8042922632136
    ],
    "n_chunks": 2,
    "total_steps": 10000,
    "converged": true,
    "efficiency": 0.05165742289387919,
    "n_forward_evals": 10000
  },
  "certificate": {
    "L_hat": 2396.226381885884,
    "KL": 0.0,
    "eta_h": 0.0002,
    "delta_term": 0.0059914645471079815,
    "B_lambda": 2396.2325733504313,
    "components": {
      "empirical_term": 2396.226381885884,
      "kl_term": 0.0,
      "discretization_term": 0.0002,
      "confidence_term": 0.0059914645471079815
    },
    "valid": true
  },
  "posterior_summary": {
    "mean": [
      3.304205456710794,
      2.5968105404544026,
      2.578521773126708
    ],
    "std": [
      0.01973026938558125,
      0.008335118058242722,
      0.017185995796809326
    ]
  },
  "performance": {
    "runtime": 40.43012595176697,
    "test_log_posterior": -21536.327982991977
  }
}