{
  "experiment_id": "s3_sigma0.2_nx50_T0.5_lam2.0_m5_seed202",
  "config": {
    "s": 3,
    "sensor_positions": [
      0.2,
      0.5,
      0.8
    ],
    "placement_type": "shifted",
    "sigma": 0.2,
    "n_x": 50,
    "T": 0.5,
    "lambda": 2.0,
    "c": 1.0,
    "m": 5,
    "n_t": 100,
    "seed": 202,
    "delta": 0.05,
    "alpha": 0.001,
    "M": 2000,
    "R": 100,
    "n": 300,
    "Delta_x": 0.02,
    "Delta_t": 0.005050505050505051,
    "mcmc_n_steps": 10000,
    "mcmc_n_burn": 2000,
    "is_baseline": false
  },
  "status": "success",
  "dataset": {
    "kappa_star": [
      1.2847216299636934,
      1.4241900884838463,
      3.920764034845088,
      3.9752807832159958,
      3.9824723567684557
    ],
    "n_observations": 300
  },
  "mcmc": {
    "acceptance_rate": 0.5025111111111111,
    "ess_min": 478.97931861320893,
    "ess_mean": 795.8818633403564,
    "ess_per_coord": [
      832.8007472309321,
      958.7045845984095,
      519.4460813175483,
      478.97931861320893,
      1189.478584941683
    ],
    "n_chunks": 3,
    "total_steps": 15000,
    "converged": true,
    "efficiency": 0.03193195457421393,
    "n_forward_evals": 15000
  },
  "certificate": {
    "L_hat": 1249.2323509578796,
    "KL": 0.0,
    "eta_h": 0.0002,
    "delta_term": 0.004992887122589985,
    "B_lambda": 1249.2375438450022,
    "components": {
      "empirical_term": 1249.2323509578796,
      "kl_term": 0.0,
      "discretization_term": 0.0002,
      "confidence_term": 0.004992887122589985
    },
    "valid": true
  },
  "posterior_summary": {
    "mean": [
      0.8304085882967571,
      3.8884430565023815,
      4.99267450607471,
      4.968087615586173,
      3.5835378406793996
    ],
    "std": [
      0.03095951412501638,
      0.05663149535877453,
      0.006851368242031465,
      0.02902677669881113,
      0.06604218333834559
    ]
  },
  "performance": {
    "runtime": 101.43761396408081,
    "test_log_posterior": -5796.579348275009
  }
}