{
  "experiment_id": "s3_sigma0.2_nx50_T0.5_lam0.5_m5_seed303",
  "config": {
    "s": 3,
    "sensor_positions": [
      0.25,
      0.5,
      0.75
    ],
    "placement_type": "fixed",
    "sigma": 0.2,
    "n_x": 50,
    "T": 0.5,
    "lambda": 0.5,
    "c": 1.0,
    "m": 5,
    "n_t": 50,
    "seed": 303,
    "delta": 0.05,
    "alpha": 0.001,
    "M": 2000,
    "R": 100,
    "n": 150,
    "Delta_x": 0.02,
    "Delta_t": 0.01020408163265306,
    "mcmc_n_steps": 10000,
    "mcmc_n_burn": 2000,
    "is_baseline": false
  },
  "status": "success",
  "dataset": {
    "kappa_star": [
      3.12551948199565,
      1.4836227496566199,
      2.427779995862962,
      3.3381215081208255,
      2.6741059937440994
    ],
    "n_observations": 150
  },
  "mcmc": {
    "acceptance_rate": 0.5817333333333333,
    "ess_min": 430.1677421872783,
    "ess_mean": 464.895610748765,
    "ess_per_coord": [
      502.51854151298926,
      445.46015758215236,
      478.32638630603185,
      430.1677421872783,
      468.0052261553734
    ],
    "n_chunks": 3,
    "total_steps": 15000,
    "converged": true,
    "efficiency": 0.028677849479151887,
    "n_forward_evals": 15000
  },
  "certificate": {
    "L_hat": 622.6001518465418,
    "KL": 0.0,
    "eta_h": 0.0002,
    "delta_term": 0.03994309698071988,
    "B_lambda": 622.6402949435225,
    "components": {
      "empirical_term": 622.6001518465418,
      "kl_term": 0.0,
      "discretization_term": 0.0002,
      "confidence_term": 0.03994309698071988
    },
    "valid": true
  },
  "posterior_summary": {
    "mean": [
      2.9304285977677496,
      3.493400246376882,
      4.111114690467722,
      4.141392344479099,
      3.939298794511345
    ],
    "std": [
      0.22526088402541364,
      0.13569743612946678,
      0.11204167918418537,
      0.17112286714067657,
      0.27957394019128606
    ]
  },
  "performance": {
    "runtime": 88.50255513191223,
    "test_log_posterior": -1042.8105513409214
  }
}