{
  "experiment_id": "s5_sigma0.05_nx100_T0.5_lam0.5_m5_seed202",
  "config": {
    "s": 5,
    "sensor_positions": [
      0.2,
      0.35,
      0.5,
      0.65,
      0.8
    ],
    "placement_type": "shifted",
    "sigma": 0.05,
    "n_x": 100,
    "T": 0.5,
    "lambda": 0.5,
    "c": 1.0,
    "m": 5,
    "n_t": 100,
    "seed": 202,
    "delta": 0.05,
    "alpha": 0.001,
    "M": 2000,
    "R": 100,
    "n": 500,
    "Delta_x": 0.01,
    "Delta_t": 0.005050505050505051,
    "mcmc_n_steps": 10000,
    "mcmc_n_burn": 2000,
    "is_baseline": false
  },
  "status": "success",
  "dataset": {
    "kappa_star": [
      1.2847216299636934,
      1.4241900884838463,
      3.920764034845088,
      3.9752807832159958,
      3.9824723567684557
    ],
    "n_observations": 500
  },
  "mcmc": {
    "acceptance_rate": 0.13163809523809525,
    "ess_min": 412.04004005582044,
    "ess_mean": 1148.20332779703,
    "ess_per_coord": [
      1649.7602093397306,
      761.9805583153957,
      527.5092730114744,
      412.04004005582044,
      2389.7265582627274
    ],
    "n_chunks": 7,
    "total_steps": 35000,
    "converged": true,
    "efficiency": 0.011772572573023441,
    "n_forward_evals": 35000
  },
  "certificate": {
    "L_hat": 39951.20124251819,
    "KL": 0.0,
    "eta_h": 5e-05,
    "delta_term": 0.011982929094215963,
    "B_lambda": 39951.213275447284,
    "components": {
      "empirical_term": 39951.20124251819,
      "kl_term": 0.0,
      "discretization_term": 5e-05,
      "confidence_term": 0.011982929094215963
    },
    "valid": true
  },
  "posterior_summary": {
    "mean": [
      1.141550689555399,
      3.6033696439761385,
      4.998377766704382,
      4.998976335385722,
      4.128835988821434
    ],
    "std": [
      0.01840686594506219,
      0.016864929422727853,
      0.001114109453732063,
      0.0008182208079983598,
      0.031190645015982336
    ]
  },
  "performance": {
    "runtime": 523.3641290664673,
    "test_log_posterior": -50188.431716530824
  }
}