{
  "experiment_id": "s5_sigma0.2_nx50_T0.3_lam2.0_m5_seed202",
  "config": {
    "s": 5,
    "sensor_positions": [
      0.2,
      0.35,
      0.5,
      0.65,
      0.8
    ],
    "placement_type": "shifted",
    "sigma": 0.2,
    "n_x": 50,
    "T": 0.3,
    "lambda": 2.0,
    "c": 1.0,
    "m": 5,
    "n_t": 100,
    "seed": 202,
    "delta": 0.05,
    "alpha": 0.001,
    "M": 2000,
    "R": 100,
    "n": 500,
    "Delta_x": 0.02,
    "Delta_t": 0.0030303030303030303,
    "mcmc_n_steps": 10000,
    "mcmc_n_burn": 2000,
    "is_baseline": false
  },
  "status": "success",
  "dataset": {
    "kappa_star": [
      1.2847216299636934,
      1.4241900884838463,
      3.920764034845088,
      3.9752807832159958,
      3.9824723567684557
    ],
    "n_observations": 500
  },
  "mcmc": {
    "acceptance_rate": 0.16685833333333333,
    "ess_min": 353.34895255897186,
    "ess_mean": 1410.7927317515855,
    "ess_per_coord": [
      1433.2012328895216,
      353.34895255897186,
      903.6136650090182,
      853.8666640830731,
      3509.9331442173425
    ],
    "n_chunks": 8,
    "total_steps": 40000,
    "converged": false,
    "efficiency": 0.008833723813974296,
    "n_forward_evals": 40000
  },
  "certificate": {
    "L_hat": 2667.0532326884263,
    "KL": 0.0,
    "eta_h": 0.0002,
    "delta_term": 0.0029957322735539907,
    "B_lambda": 2667.0564284207,
    "components": {
      "empirical_term": 2667.0532326884263,
      "kl_term": 0.0,
      "discretization_term": 0.0002,
      "confidence_term": 0.0029957322735539907
    },
    "valid": true
  },
  "posterior_summary": {
    "mean": [
      0.7270036053921478,
      4.000365900214945,
      4.99846047924219,
      4.998296550669114,
      4.414841549296856
    ],
    "std": [
      0.035034491737353256,
      0.036104802085086214,
      0.001523078417033833,
      0.0015122003112808262,
      0.04641770081011995
    ]
  },
  "performance": {
    "runtime": 450.72743105888367,
    "test_log_posterior": -18748.19177719106
  }
}