{
  "experiment_id": "s5_sigma0.05_nx100_T0.5_lam2.0_m5_seed202",
  "config": {
    "s": 5,
    "sensor_positions": [
      0.1,
      0.3,
      0.5,
      0.7,
      0.9
    ],
    "placement_type": "fixed",
    "sigma": 0.05,
    "n_x": 100,
    "T": 0.5,
    "lambda": 2.0,
    "c": 1.0,
    "m": 5,
    "n_t": 50,
    "seed": 202,
    "delta": 0.05,
    "alpha": 0.001,
    "M": 2000,
    "R": 100,
    "n": 250,
    "Delta_x": 0.01,
    "Delta_t": 0.01020408163265306,
    "mcmc_n_steps": 10000,
    "mcmc_n_burn": 2000,
    "is_baseline": false
  },
  "status": "success",
  "dataset": {
    "kappa_star": [
      1.2847216299636934,
      1.4241900884838463,
      3.920764034845088,
      3.9752807832159958,
      3.9824723567684557
    ],
    "n_observations": 250
  },
  "mcmc": {
    "acceptance_rate": 0.031316666666666666,
    "ess_min": 21.701418240343376,
    "ess_mean": 393.536071500904,
    "ess_per_coord": [
      975.3367802407867,
      913.4796126985195,
      34.008670737548215,
      23.153875587321927,
      21.701418240343376
    ],
    "n_chunks": 8,
    "total_steps": 40000,
    "converged": false,
    "efficiency": 0.0005425354560085844,
    "n_forward_evals": 40000
  },
  "certificate": {
    "L_hat": 17701.25948176143,
    "KL": 0.0,
    "eta_h": 5e-05,
    "delta_term": 0.0059914645471079815,
    "B_lambda": 17701.265523225975,
    "components": {
      "empirical_term": 17701.25948176143,
      "kl_term": 0.0,
      "discretization_term": 5e-05,
      "confidence_term": 0.0059914645471079815
    },
    "valid": true
  },
  "posterior_summary": {
    "mean": [
      2.230709596705306,
      3.67374972887503,
      4.999470962054832,
      4.999176912663987,
      4.997701894503133
    ],
    "std": [
      0.023695863972396588,
      0.0148262222694584,
      0.0006915369116821047,
      0.0005730363859124037,
      0.0003314161429588682
    ]
  },
  "performance": {
    "runtime": 247.6137571334839,
    "test_log_posterior": -93085.08617509705
  }
}