{
  "experiment_id": "s3_sigma0.2_nx100_T0.5_lam2.0_m3_seed303",
  "config": {
    "s": 3,
    "sensor_positions": [
      0.2,
      0.5,
      0.8
    ],
    "placement_type": "shifted",
    "sigma": 0.2,
    "n_x": 100,
    "T": 0.5,
    "lambda": 2.0,
    "c": 1.0,
    "m": 3,
    "n_t": 100,
    "seed": 303,
    "delta": 0.05,
    "alpha": 0.001,
    "M": 2000,
    "R": 100,
    "n": 300,
    "Delta_x": 0.01,
    "Delta_t": 0.005050505050505051,
    "mcmc_n_steps": 10000,
    "mcmc_n_burn": 2000,
    "is_baseline": false
  },
  "status": "success",
  "dataset": {
    "kappa_star": [
      3.12551948199565,
      1.4836227496566199,
      2.427779995862962
    ],
    "n_observations": 300
  },
  "mcmc": {
    "acceptance_rate": 0.5226,
    "ess_min": 512.6100141136114,
    "ess_mean": 671.0029498713478,
    "ess_per_coord": [
      512.6100141136114,
      709.9914303563845,
      790.4074051440476
    ],
    "n_chunks": 2,
    "total_steps": 10000,
    "converged": true,
    "efficiency": 0.05126100141136115,
    "n_forward_evals": 10000
  },
  "certificate": {
    "L_hat": 287.1461887795585,
    "KL": 0.0,
    "eta_h": 5e-05,
    "delta_term": 0.004992887122589985,
    "B_lambda": 287.15123166668104,
    "components": {
      "empirical_term": 287.1461887795585,
      "kl_term": 0.0,
      "discretization_term": 5e-05,
      "confidence_term": 0.004992887122589985
    },
    "valid": true
  },
  "posterior_summary": {
    "mean": [
      3.516358809170386,
      3.0820206719710934,
      2.8252677341453474
    ],
    "std": [
      0.06130298167397105,
      0.03414444744727369,
      0.05829622274932793
    ]
  },
  "performance": {
    "runtime": 47.54842710494995,
    "test_log_posterior": -2248.603457777952
  }
}