{
  "experiment_id": "s5_sigma0.1_nx50_T0.5_lam2.0_m3_seed101",
  "config": {
    "s": 5,
    "sensor_positions": [
      0.1,
      0.3,
      0.5,
      0.7,
      0.9
    ],
    "placement_type": "fixed",
    "sigma": 0.1,
    "n_x": 50,
    "T": 0.5,
    "lambda": 2.0,
    "c": 1.0,
    "m": 3,
    "n_t": 100,
    "seed": 101,
    "delta": 0.05,
    "alpha": 0.001,
    "M": 2000,
    "R": 100,
    "n": 500,
    "Delta_x": 0.02,
    "Delta_t": 0.005050505050505051,
    "mcmc_n_steps": 10000,
    "mcmc_n_burn": 2000,
    "is_baseline": false
  },
  "status": "success",
  "dataset": {
    "kappa_star": [
      2.3073951969585615,
      2.4973365540384895,
      0.5996597926733394
    ],
    "n_observations": 500
  },
  "mcmc": {
    "acceptance_rate": 0.5419499999999999,
    "ess_min": 521.7704051577399,
    "ess_mean": 576.7332966439291,
    "ess_per_coord": [
      565.8428107666739,
      521.7704051577399,
      642.5866740073733
    ],
    "n_chunks": 2,
    "total_steps": 10000,
    "converged": true,
    "efficiency": 0.05217704051577399,
    "n_forward_evals": 10000
  },
  "certificate": {
    "L_hat": 811.3369104654931,
    "KL": 0.0,
    "eta_h": 0.0002,
    "delta_term": 0.0029957322735539907,
    "B_lambda": 811.3401061977667,
    "components": {
      "empirical_term": 811.3369104654931,
      "kl_term": 0.0,
      "discretization_term": 0.0002,
      "confidence_term": 0.0029957322735539907
    },
    "valid": true
  },
  "posterior_summary": {
    "mean": [
      2.592695309317033,
      3.350031162796614,
      1.1271031263194329
    ],
    "std": [
      0.019746720562732422,
      0.01731758034894056,
      0.01318182295368938
    ]
  },
  "performance": {
    "runtime": 77.77506613731384,
    "test_log_posterior": -5084.985068722926
  }
}