{
  "experiment_id": "s3_sigma0.05_nx100_T0.3_lam2.0_m5_seed202",
  "config": {
    "s": 3,
    "sensor_positions": [
      0.25,
      0.5,
      0.75
    ],
    "placement_type": "fixed",
    "sigma": 0.05,
    "n_x": 100,
    "T": 0.3,
    "lambda": 2.0,
    "c": 1.0,
    "m": 5,
    "n_t": 100,
    "seed": 202,
    "delta": 0.05,
    "alpha": 0.001,
    "M": 2000,
    "R": 100,
    "n": 300,
    "Delta_x": 0.01,
    "Delta_t": 0.0030303030303030303,
    "mcmc_n_steps": 10000,
    "mcmc_n_burn": 2000,
    "is_baseline": false
  },
  "status": "success",
  "dataset": {
    "kappa_star": [
      1.2847216299636934,
      1.4241900884838463,
      3.920764034845088,
      3.9752807832159958,
      3.9824723567684557
    ],
    "n_observations": 300
  },
  "mcmc": {
    "acceptance_rate": 0.003991666666666667,
    "ess_min": 7.2238802197252605,
    "ess_mean": 67.28720719649102,
    "ess_per_coord": [
      151.29220055050465,
      119.99440248324203,
      7.2238802197252605,
      39.51511271506002,
      18.410440013923093
    ],
    "n_chunks": 8,
    "total_steps": 40000,
    "converged": false,
    "efficiency": 0.0001805970054931315,
    "n_forward_evals": 40000
  },
  "certificate": {
    "L_hat": 25112.547234361373,
    "KL": 0.0,
    "eta_h": 5e-05,
    "delta_term": 0.004992887122589985,
    "B_lambda": 25112.552277248495,
    "components": {
      "empirical_term": 25112.547234361373,
      "kl_term": 0.0,
      "discretization_term": 5e-05,
      "confidence_term": 0.004992887122589985
    },
    "valid": true
  },
  "posterior_summary": {
    "mean": [
      1.1607989496399633,
      4.228913804342488,
      4.999666879370709,
      4.999744572417974,
      4.9977691861788545
    ],
    "std": [
      0.0173779591585667,
      0.014187197451045205,
      0.000550381478377612,
      0.0005671513121209915,
      6.515536968898255e-05
    ]
  },
  "performance": {
    "runtime": 370.99362993240356,
    "test_log_posterior": -198999.623866536
  }
}