{
  "experiment_id": "s3_sigma0.2_nx100_T0.3_lam2.0_m5_seed303",
  "config": {
    "s": 3,
    "sensor_positions": [
      0.25,
      0.5,
      0.75
    ],
    "placement_type": "fixed",
    "sigma": 0.2,
    "n_x": 100,
    "T": 0.3,
    "lambda": 2.0,
    "c": 1.0,
    "m": 5,
    "n_t": 50,
    "seed": 303,
    "delta": 0.05,
    "alpha": 0.001,
    "M": 2000,
    "R": 100,
    "n": 150,
    "Delta_x": 0.01,
    "Delta_t": 0.006122448979591836,
    "mcmc_n_steps": 10000,
    "mcmc_n_burn": 2000,
    "is_baseline": false
  },
  "status": "success",
  "dataset": {
    "kappa_star": [
      3.12551948199565,
      1.4836227496566199,
      2.427779995862962,
      3.3381215081208255,
      2.6741059937440994
    ],
    "n_observations": 150
  },
  "mcmc": {
    "acceptance_rate": 0.5420333333333334,
    "ess_min": 439.0018900648067,
    "ess_mean": 641.8186426462811,
    "ess_per_coord": [
      760.4341649544866,
      778.882140937447,
      746.1012481401644,
      439.0018900648067,
      484.67376913450124
    ],
    "n_chunks": 4,
    "total_steps": 20000,
    "converged": true,
    "efficiency": 0.021950094503240335,
    "n_forward_evals": 20000
  },
  "certificate": {
    "L_hat": 435.8882310716579,
    "KL": 0.0,
    "eta_h": 5e-05,
    "delta_term": 0.00998577424517997,
    "B_lambda": 435.8982668459031,
    "components": {
      "empirical_term": 435.8882310716579,
      "kl_term": 0.0,
      "discretization_term": 5e-05,
      "confidence_term": 0.00998577424517997
    },
    "valid": true
  },
  "posterior_summary": {
    "mean": [
      2.7747327235116956,
      3.6600326259247735,
      4.349781937033905,
      4.211718657943904,
      4.053661970600375
    ],
    "std": [
      0.11495098875294889,
      0.07282673203670752,
      0.04625734821917284,
      0.07056917358765924,
      0.13157406866037027
    ]
  },
  "performance": {
    "runtime": 117.3876039981842,
    "test_log_posterior": -5814.3933285564735
  }
}