{
  "experiment_id": "s5_sigma0.2_nx100_T0.5_lam1.0_m3_seed101",
  "config": {
    "s": 5,
    "sensor_positions": [
      0.1,
      0.3,
      0.5,
      0.7,
      0.9
    ],
    "placement_type": "fixed",
    "sigma": 0.2,
    "n_x": 100,
    "T": 0.5,
    "lambda": 1.0,
    "c": 1.0,
    "m": 3,
    "n_t": 50,
    "seed": 101,
    "delta": 0.05,
    "alpha": 0.001,
    "M": 2000,
    "R": 100,
    "n": 250,
    "Delta_x": 0.01,
    "Delta_t": 0.01020408163265306,
    "mcmc_n_steps": 10000,
    "mcmc_n_burn": 2000,
    "is_baseline": false
  },
  "status": "success",
  "dataset": {
    "kappa_star": [
      2.3073951969585615,
      2.4973365540384895,
      0.5996597926733394
    ],
    "n_observations": 250
  },
  "mcmc": {
    "acceptance_rate": 0.5219499999999999,
    "ess_min": 563.929551137418,
    "ess_mean": 655.2065010419815,
    "ess_per_coord": [
      704.3948822736802,
      563.929551137418,
      697.2950697148461
    ],
    "n_chunks": 2,
    "total_steps": 10000,
    "converged": true,
    "efficiency": 0.0563929551137418,
    "n_forward_evals": 10000
  },
  "certificate": {
    "L_hat": 202.2281350419316,
    "KL": 0.0,
    "eta_h": 5e-05,
    "delta_term": 0.011982929094215963,
    "B_lambda": 202.2401679710258,
    "components": {
      "empirical_term": 202.2281350419316,
      "kl_term": 0.0,
      "discretization_term": 5e-05,
      "confidence_term": 0.011982929094215963
    },
    "valid": true
  },
  "posterior_summary": {
    "mean": [
      2.615171463597784,
      3.34854631045135,
      1.0889105670284323
    ],
    "std": [
      0.08375609992808607,
      0.06793411288984107,
      0.05687956666266547
    ]
  },
  "performance": {
    "runtime": 25.14052700996399,
    "test_log_posterior": -419.99176706670784
  }
}