{
  "experiment_id": "s5_sigma0.2_nx100_T0.5_lam1.0_m5_seed303",
  "config": {
    "s": 5,
    "sensor_positions": [
      0.2,
      0.35,
      0.5,
      0.65,
      0.8
    ],
    "placement_type": "shifted",
    "sigma": 0.2,
    "n_x": 100,
    "T": 0.5,
    "lambda": 1.0,
    "c": 1.0,
    "m": 5,
    "n_t": 50,
    "seed": 303,
    "delta": 0.05,
    "alpha": 0.001,
    "M": 2000,
    "R": 100,
    "n": 250,
    "Delta_x": 0.01,
    "Delta_t": 0.01020408163265306,
    "mcmc_n_steps": 10000,
    "mcmc_n_burn": 2000,
    "is_baseline": false
  },
  "status": "success",
  "dataset": {
    "kappa_star": [
      3.12551948199565,
      1.4836227496566199,
      2.427779995862962,
      3.3381215081208255,
      2.6741059937440994
    ],
    "n_observations": 250
  },
  "mcmc": {
    "acceptance_rate": 0.5631111111111111,
    "ess_min": 436.48307810832966,
    "ess_mean": 573.2239250434334,
    "ess_per_coord": [
      734.5677929865268,
      509.66589156904905,
      436.48307810832966,
      540.8358264975016,
      644.56703605576
    ],
    "n_chunks": 3,
    "total_steps": 15000,
    "converged": true,
    "efficiency": 0.029098871873888644,
    "n_forward_evals": 15000
  },
  "certificate": {
    "L_hat": 994.1586772674892,
    "KL": 0.0,
    "eta_h": 5e-05,
    "delta_term": 0.011982929094215963,
    "B_lambda": 994.1707101965834,
    "components": {
      "empirical_term": 994.1586772674892,
      "kl_term": 0.0,
      "discretization_term": 5e-05,
      "confidence_term": 0.011982929094215963
    },
    "valid": true
  },
  "posterior_summary": {
    "mean": [
      1.9964081397255953,
      3.4673219940267983,
      4.224665848648403,
      4.053343959567093,
      2.625275519532703
    ],
    "std": [
      0.10230671832251374,
      0.08869835088786346,
      0.0758205025995948,
      0.0883941830608068,
      0.12501464094458203
    ]
  },
  "performance": {
    "runtime": 139.44169235229492,
    "test_log_posterior": -3137.601014137214
  }
}