{
  "experiment_id": "s3_sigma0.2_nx50_T0.5_lam1.0_m3_seed202",
  "config": {
    "s": 3,
    "sensor_positions": [
      0.25,
      0.5,
      0.75
    ],
    "placement_type": "fixed",
    "sigma": 0.2,
    "n_x": 50,
    "T": 0.5,
    "lambda": 1.0,
    "c": 1.0,
    "m": 3,
    "n_t": 100,
    "seed": 202,
    "delta": 0.05,
    "alpha": 0.001,
    "M": 2000,
    "R": 100,
    "n": 300,
    "Delta_x": 0.02,
    "Delta_t": 0.005050505050505051,
    "mcmc_n_steps": 10000,
    "mcmc_n_burn": 2000,
    "is_baseline": false
  },
  "status": "success",
  "dataset": {
    "kappa_star": [
      1.2847216299636934,
      1.4241900884838463,
      3.920764034845088
    ],
    "n_observations": 300
  },
  "mcmc": {
    "acceptance_rate": 0.5118499999999999,
    "ess_min": 549.6713062195573,
    "ess_mean": 655.8935640920464,
    "ess_per_coord": [
      553.3246326677656,
      549.6713062195573,
      864.6847533888163
    ],
    "n_chunks": 2,
    "total_steps": 10000,
    "converged": true,
    "efficiency": 0.05496713062195573,
    "n_forward_evals": 10000
  },
  "certificate": {
    "L_hat": 212.92320679765038,
    "KL": 0.0,
    "eta_h": 0.0002,
    "delta_term": 0.00998577424517997,
    "B_lambda": 212.93339257189555,
    "components": {
      "empirical_term": 212.92320679765038,
      "kl_term": 0.0,
      "discretization_term": 0.0002,
      "confidence_term": 0.00998577424517997
    },
    "valid": true
  },
  "posterior_summary": {
    "mean": [
      1.6572168211242901,
      2.9317466971060577,
      3.805428908447881
    ],
    "std": [
      0.05581613233985944,
      0.04730887683479572,
      0.07507881732590664
    ]
  },
  "performance": {
    "runtime": 53.48669099807739,
    "test_log_posterior": -980.8377400550563
  }
}