{
  "experiment_id": "s3_sigma0.2_nx100_T0.5_lam1.0_m3_seed101",
  "config": {
    "s": 3,
    "sensor_positions": [
      0.2,
      0.5,
      0.8
    ],
    "placement_type": "shifted",
    "sigma": 0.2,
    "n_x": 100,
    "T": 0.5,
    "lambda": 1.0,
    "c": 1.0,
    "m": 3,
    "n_t": 50,
    "seed": 101,
    "delta": 0.05,
    "alpha": 0.001,
    "M": 2000,
    "R": 100,
    "n": 150,
    "Delta_x": 0.01,
    "Delta_t": 0.01020408163265306,
    "mcmc_n_steps": 10000,
    "mcmc_n_burn": 2000,
    "is_baseline": false
  },
  "status": "success",
  "dataset": {
    "kappa_star": [
      2.3073951969585615,
      2.4973365540384895,
      0.5996597926733394
    ],
    "n_observations": 150
  },
  "mcmc": {
    "acceptance_rate": 0.51695,
    "ess_min": 540.4090001765089,
    "ess_mean": 739.5130402758952,
    "ess_per_coord": [
      802.600877048473,
      540.4090001765089,
      875.5292436027038
    ],
    "n_chunks": 2,
    "total_steps": 10000,
    "converged": true,
    "efficiency": 0.05404090001765089,
    "n_forward_evals": 10000
  },
  "certificate": {
    "L_hat": 153.12360882914396,
    "KL": 0.0,
    "eta_h": 5e-05,
    "delta_term": 0.01997154849035994,
    "B_lambda": 153.1436303776343,
    "components": {
      "empirical_term": 153.12360882914396,
      "kl_term": 0.0,
      "discretization_term": 5e-05,
      "confidence_term": 0.01997154849035994
    },
    "valid": true
  },
  "posterior_summary": {
    "mean": [
      3.1301099282542992,
      3.3378166795354414,
      1.371400246799015
    ],
    "std": [
      0.10880538556978749,
      0.07217780371739092,
      0.0958284190042739
    ]
  },
  "performance": {
    "runtime": 24.888235092163086,
    "test_log_posterior": -361.1391230555711
  }
}