{
  "experiment_id": "s3_sigma0.1_nx50_T0.5_lam0.5_m5_seed101",
  "config": {
    "s": 3,
    "sensor_positions": [
      0.25,
      0.5,
      0.75
    ],
    "placement_type": "fixed",
    "sigma": 0.1,
    "n_x": 50,
    "T": 0.5,
    "lambda": 0.5,
    "c": 1.0,
    "m": 5,
    "n_t": 50,
    "seed": 101,
    "delta": 0.05,
    "alpha": 0.001,
    "M": 2000,
    "R": 100,
    "n": 150,
    "Delta_x": 0.02,
    "Delta_t": 0.01020408163265306,
    "mcmc_n_steps": 10000,
    "mcmc_n_burn": 2000,
    "is_baseline": false
  },
  "status": "success",
  "dataset": {
    "kappa_star": [
      2.3073951969585615,
      2.4973365540384895,
      0.5996597926733394,
      1.1003257967878608,
      2.898469435940594
    ],
    "n_observations": 150
  },
  "mcmc": {
    "acceptance_rate": 0.5709888888888889,
    "ess_min": 433.370228158348,
    "ess_mean": 687.3740028913938,
    "ess_per_coord": [
      947.7913360760692,
      845.1991867278626,
      765.5601378566133,
      433.370228158348,
      444.9491256380762
    ],
    "n_chunks": 6,
    "total_steps": 30000,
    "converged": true,
    "efficiency": 0.014445674271944934,
    "n_forward_evals": 30000
  },
  "certificate": {
    "L_hat": 280.4746945106657,
    "KL": 0.0,
    "eta_h": 0.0002,
    "delta_term": 0.03994309698071988,
    "B_lambda": 280.5148376076464,
    "components": {
      "empirical_term": 280.4746945106657,
      "kl_term": 0.0,
      "discretization_term": 0.0002,
      "confidence_term": 0.03994309698071988
    },
    "valid": true
  },
  "posterior_summary": {
    "mean": [
      2.9984449208939354,
      2.748597113855475,
      2.3623442655224847,
      2.3290528192864666,
      2.351421052334428
    ],
    "std": [
      0.16701514579952034,
      0.09218853514397933,
      0.053355521178726016,
      0.0838435893821127,
      0.15946571855071237
    ]
  },
  "performance": {
    "runtime": 255.68739771842957,
    "test_log_posterior": -2767.321196516794
  }
}