{
  "experiment_id": "s3_sigma0.05_nx100_T0.3_lam0.5_m5_seed303",
  "config": {
    "s": 3,
    "sensor_positions": [
      0.25,
      0.5,
      0.75
    ],
    "placement_type": "fixed",
    "sigma": 0.05,
    "n_x": 100,
    "T": 0.3,
    "lambda": 0.5,
    "c": 1.0,
    "m": 5,
    "n_t": 100,
    "seed": 303,
    "delta": 0.05,
    "alpha": 0.001,
    "M": 2000,
    "R": 100,
    "n": 300,
    "Delta_x": 0.01,
    "Delta_t": 0.0030303030303030303,
    "mcmc_n_steps": 10000,
    "mcmc_n_burn": 2000,
    "is_baseline": false
  },
  "status": "success",
  "dataset": {
    "kappa_star": [
      3.12551948199565,
      1.4836227496566199,
      2.427779995862962,
      3.3381215081208255,
      2.6741059937440994
    ],
    "n_observations": 300
  },
  "mcmc": {
    "acceptance_rate": 0.5252666666666667,
    "ess_min": 482.0152135232047,
    "ess_mean": 552.0228688665906,
    "ess_per_coord": [
      676.7680901857242,
      482.0152135232047,
      507.5987828593519,
      528.8903643658624,
      564.8418933988096
    ],
    "n_chunks": 3,
    "total_steps": 15000,
    "converged": true,
    "efficiency": 0.03213434756821364,
    "n_forward_evals": 15000
  },
  "certificate": {
    "L_hat": 13452.358720964128,
    "KL": 0.0,
    "eta_h": 5e-05,
    "delta_term": 0.01997154849035994,
    "B_lambda": 13452.37874251262,
    "components": {
      "empirical_term": 13452.358720964128,
      "kl_term": 0.0,
      "discretization_term": 5e-05,
      "confidence_term": 0.01997154849035994
    },
    "valid": true
  },
  "posterior_summary": {
    "mean": [
      2.822735539740586,
      3.6716765034273453,
      4.326945693092083,
      4.212303283879123,
      4.046219761203156
    ],
    "std": [
      0.04244369491252758,
      0.0276405677718296,
      0.01717844780044198,
      0.025287500782598133,
      0.04093121691292042
    ]
  },
  "performance": {
    "runtime": 127.11082220077515,
    "test_log_posterior": -46053.93522717205
  }
}