{
  "experiment_id": "s3_sigma0.2_nx50_T0.5_lam2.0_m3_seed202",
  "config": {
    "s": 3,
    "sensor_positions": [
      0.25,
      0.5,
      0.75
    ],
    "placement_type": "fixed",
    "sigma": 0.2,
    "n_x": 50,
    "T": 0.5,
    "lambda": 2.0,
    "c": 1.0,
    "m": 3,
    "n_t": 100,
    "seed": 202,
    "delta": 0.05,
    "alpha": 0.001,
    "M": 2000,
    "R": 100,
    "n": 300,
    "Delta_x": 0.02,
    "Delta_t": 0.005050505050505051,
    "mcmc_n_steps": 10000,
    "mcmc_n_burn": 2000,
    "is_baseline": false
  },
  "status": "success",
  "dataset": {
    "kappa_star": [
      1.2847216299636934,
      1.4241900884838463,
      3.920764034845088
    ],
    "n_observations": 300
  },
  "mcmc": {
    "acceptance_rate": 0.5112,
    "ess_min": 553.8095226894025,
    "ess_mean": 699.8957862300734,
    "ess_per_coord": [
      720.384107413315,
      553.8095226894025,
      825.4937285875029
    ],
    "n_chunks": 2,
    "total_steps": 10000,
    "converged": true,
    "efficiency": 0.05538095226894024,
    "n_forward_evals": 10000
  },
  "certificate": {
    "L_hat": 212.156638879354,
    "KL": 0.0,
    "eta_h": 0.0002,
    "delta_term": 0.004992887122589985,
    "B_lambda": 212.1618317664766,
    "components": {
      "empirical_term": 212.156638879354,
      "kl_term": 0.0,
      "discretization_term": 0.0002,
      "confidence_term": 0.004992887122589985
    },
    "valid": true
  },
  "posterior_summary": {
    "mean": [
      1.656244932497347,
      2.9246345321947502,
      3.79906947546713
    ],
    "std": [
      0.03736547123420023,
      0.03412927174894353,
      0.050874418408698885
    ]
  },
  "performance": {
    "runtime": 47.721195936203,
    "test_log_posterior": -1956.9077744947629
  }
}