{
  "experiment_id": "s5_sigma0.1_nx100_T0.3_lam0.5_m5_seed101",
  "config": {
    "s": 5,
    "sensor_positions": [
      0.1,
      0.3,
      0.5,
      0.7,
      0.9
    ],
    "placement_type": "fixed",
    "sigma": 0.1,
    "n_x": 100,
    "T": 0.3,
    "lambda": 0.5,
    "c": 1.0,
    "m": 5,
    "n_t": 50,
    "seed": 101,
    "delta": 0.05,
    "alpha": 0.001,
    "M": 2000,
    "R": 100,
    "n": 250,
    "Delta_x": 0.01,
    "Delta_t": 0.006122448979591836,
    "mcmc_n_steps": 10000,
    "mcmc_n_burn": 2000,
    "is_baseline": false
  },
  "status": "success",
  "dataset": {
    "kappa_star": [
      2.3073951969585615,
      2.4973365540384895,
      0.5996597926733394,
      1.1003257967878608,
      2.898469435940594
    ],
    "n_observations": 250
  },
  "mcmc": {
    "acceptance_rate": 0.5196533333333334,
    "ess_min": 464.5279762423047,
    "ess_mean": 708.1494997941237,
    "ess_per_coord": [
      904.2457532659967,
      897.0713048786625,
      787.6090433736564,
      464.5279762423047,
      487.29342120999814
    ],
    "n_chunks": 5,
    "total_steps": 25000,
    "converged": true,
    "efficiency": 0.018581119049692188,
    "n_forward_evals": 25000
  },
  "certificate": {
    "L_hat": 267.0388091976524,
    "KL": 0.0,
    "eta_h": 5e-05,
    "delta_term": 0.023965858188431926,
    "B_lambda": 267.06282505584085,
    "components": {
      "empirical_term": 267.0388091976524,
      "kl_term": 0.0,
      "discretization_term": 5e-05,
      "confidence_term": 0.023965858188431926
    },
    "valid": true
  },
  "posterior_summary": {
    "mean": [
      3.318680393454219,
      2.969238442431809,
      2.3014822317002026,
      2.1124510119970723,
      3.0323093933892937
    ],
    "std": [
      0.11132114016630845,
      0.07131367467100504,
      0.052555329940704734,
      0.05652359042419017,
      0.1174826433195192
    ]
  },
  "performance": {
    "runtime": 238.23151993751526,
    "test_log_posterior": -4780.218181509419
  }
}