{
  "experiment_id": "s3_sigma0.2_nx100_T0.3_lam0.5_m3_seed202",
  "config": {
    "s": 3,
    "sensor_positions": [
      0.2,
      0.5,
      0.8
    ],
    "placement_type": "shifted",
    "sigma": 0.2,
    "n_x": 100,
    "T": 0.3,
    "lambda": 0.5,
    "c": 1.0,
    "m": 3,
    "n_t": 50,
    "seed": 202,
    "delta": 0.05,
    "alpha": 0.001,
    "M": 2000,
    "R": 100,
    "n": 150,
    "Delta_x": 0.01,
    "Delta_t": 0.006122448979591836,
    "mcmc_n_steps": 10000,
    "mcmc_n_burn": 2000,
    "is_baseline": false
  },
  "status": "success",
  "dataset": {
    "kappa_star": [
      1.2847216299636934,
      1.4241900884838463,
      3.920764034845088
    ],
    "n_observations": 150
  },
  "mcmc": {
    "acceptance_rate": 0.5052000000000001,
    "ess_min": 538.5844656396232,
    "ess_mean": 708.879465080708,
    "ess_per_coord": [
      538.5844656396232,
      775.5363676859679,
      812.5175619165329
    ],
    "n_chunks": 2,
    "total_steps": 10000,
    "converged": true,
    "efficiency": 0.05385844656396232,
    "n_forward_evals": 10000
  },
  "certificate": {
    "L_hat": 90.5546124965888,
    "KL": 0.0,
    "eta_h": 5e-05,
    "delta_term": 0.03994309698071988,
    "B_lambda": 90.59460559356953,
    "components": {
      "empirical_term": 90.5546124965888,
      "kl_term": 0.0,
      "discretization_term": 5e-05,
      "confidence_term": 0.03994309698071988
    },
    "valid": true
  },
  "posterior_summary": {
    "mean": [
      1.74799341560316,
      2.9712052522868064,
      4.353207309326494
    ],
    "std": [
      0.10971945937450958,
      0.08024051315435131,
      0.15182402107394882
    ]
  },
  "performance": {
    "runtime": 15.584473133087158,
    "test_log_posterior": -349.55824877693834
  }
}