{
  "experiment_id": "s3_sigma0.2_nx50_T0.5_lam2.0_m5_seed303",
  "config": {
    "s": 3,
    "sensor_positions": [
      0.25,
      0.5,
      0.75
    ],
    "placement_type": "fixed",
    "sigma": 0.2,
    "n_x": 50,
    "T": 0.5,
    "lambda": 2.0,
    "c": 1.0,
    "m": 5,
    "n_t": 50,
    "seed": 303,
    "delta": 0.05,
    "alpha": 0.001,
    "M": 2000,
    "R": 100,
    "n": 150,
    "Delta_x": 0.02,
    "Delta_t": 0.01020408163265306,
    "mcmc_n_steps": 10000,
    "mcmc_n_burn": 2000,
    "is_baseline": false
  },
  "status": "success",
  "dataset": {
    "kappa_star": [
      3.12551948199565,
      1.4836227496566199,
      2.427779995862962,
      3.3381215081208255,
      2.6741059937440994
    ],
    "n_observations": 150
  },
  "mcmc": {
    "acceptance_rate": 0.5536333333333333,
    "ess_min": 549.0811957416313,
    "ess_mean": 671.7412312821677,
    "ess_per_coord": [
      947.4869313658085,
      677.1499813861735,
      584.9310094566962,
      549.0811957416313,
      600.0570384605288
    ],
    "n_chunks": 4,
    "total_steps": 20000,
    "converged": true,
    "efficiency": 0.027454059787081566,
    "n_forward_evals": 20000
  },
  "certificate": {
    "L_hat": 619.3182395558582,
    "KL": 0.0,
    "eta_h": 0.0002,
    "delta_term": 0.00998577424517997,
    "B_lambda": 619.3284253301033,
    "components": {
      "empirical_term": 619.3182395558582,
      "kl_term": 0.0,
      "discretization_term": 0.0002,
      "confidence_term": 0.00998577424517997
    },
    "valid": true
  },
  "posterior_summary": {
    "mean": [
      2.908757227138078,
      3.534320444262523,
      4.112371954323073,
      4.08928984699444,
      3.9965341255102533
    ],
    "std": [
      0.12582701878523794,
      0.07082532929415503,
      0.05782663319488533,
      0.08643289333756735,
      0.14290229150331196
    ]
  },
  "performance": {
    "runtime": 124.91120719909668,
    "test_log_posterior": -4147.403677286937
  }
}