{
  "experiment_id": "s3_sigma0.1_nx50_T0.5_lam2.0_m5_seed303",
  "config": {
    "s": 3,
    "sensor_positions": [
      0.25,
      0.5,
      0.75
    ],
    "placement_type": "fixed",
    "sigma": 0.1,
    "n_x": 50,
    "T": 0.5,
    "lambda": 2.0,
    "c": 1.0,
    "m": 5,
    "n_t": 50,
    "seed": 303,
    "delta": 0.05,
    "alpha": 0.001,
    "M": 2000,
    "R": 100,
    "n": 150,
    "Delta_x": 0.02,
    "Delta_t": 0.01020408163265306,
    "mcmc_n_steps": 10000,
    "mcmc_n_burn": 2000,
    "is_baseline": false
  },
  "status": "success",
  "dataset": {
    "kappa_star": [
      3.12551948199565,
      1.4836227496566199,
      2.427779995862962,
      3.3381215081208255,
      2.6741059937440994
    ],
    "n_observations": 150
  },
  "mcmc": {
    "acceptance_rate": 0.5035777777777778,
    "ess_min": 432.3988122715048,
    "ess_mean": 536.7460936391321,
    "ess_per_coord": [
      681.2974780295867,
      649.5285027202639,
      469.02235110896675,
      432.3988122715048,
      451.4833240653382
    ],
    "n_chunks": 3,
    "total_steps": 15000,
    "converged": true,
    "efficiency": 0.028826587484766988,
    "n_forward_evals": 15000
  },
  "certificate": {
    "L_hat": 2388.932515097471,
    "KL": 0.0,
    "eta_h": 0.0002,
    "delta_term": 0.00998577424517997,
    "B_lambda": 2388.942700871716,
    "components": {
      "empirical_term": 2388.932515097471,
      "kl_term": 0.0,
      "discretization_term": 0.0002,
      "confidence_term": 0.00998577424517997
    },
    "valid": true
  },
  "posterior_summary": {
    "mean": [
      2.9419044089026034,
      3.526899424181806,
      4.102382286904352,
      4.058528969632118,
      3.9624563008418527
    ],
    "std": [
      0.06365730110284151,
      0.03911469154292444,
      0.032015348229070796,
      0.04525699130495751,
      0.07267693860120912
    ]
  },
  "performance": {
    "runtime": 54.83277893066406,
    "test_log_posterior": -16290.135690667337
  }
}