{
  "experiment_id": "s3_sigma0.2_nx50_T0.5_lam2.0_m3_seed101",
  "config": {
    "s": 3,
    "sensor_positions": [
      0.2,
      0.5,
      0.8
    ],
    "placement_type": "shifted",
    "sigma": 0.2,
    "n_x": 50,
    "T": 0.5,
    "lambda": 2.0,
    "c": 1.0,
    "m": 3,
    "n_t": 100,
    "seed": 101,
    "delta": 0.05,
    "alpha": 0.001,
    "M": 2000,
    "R": 100,
    "n": 300,
    "Delta_x": 0.02,
    "Delta_t": 0.005050505050505051,
    "mcmc_n_steps": 10000,
    "mcmc_n_burn": 2000,
    "is_baseline": false
  },
  "status": "success",
  "dataset": {
    "kappa_star": [
      2.3073951969585615,
      2.4973365540384895,
      0.5996597926733394
    ],
    "n_observations": 300
  },
  "mcmc": {
    "acceptance_rate": 0.5164500000000001,
    "ess_min": 545.1676332591429,
    "ess_mean": 718.9330149329172,
    "ess_per_coord": [
      631.4173543059594,
      545.1676332591429,
      980.2140572336493
    ],
    "n_chunks": 2,
    "total_steps": 10000,
    "converged": true,
    "efficiency": 0.05451676332591429,
    "n_forward_evals": 10000
  },
  "certificate": {
    "L_hat": 287.65200775068524,
    "KL": 0.0,
    "eta_h": 0.0002,
    "delta_term": 0.004992887122589985,
    "B_lambda": 287.6572006378078,
    "components": {
      "empirical_term": 287.65200775068524,
      "kl_term": 0.0,
      "discretization_term": 0.0002,
      "confidence_term": 0.004992887122589985
    },
    "valid": true
  },
  "posterior_summary": {
    "mean": [
      3.1353877487591935,
      3.35669056352699,
      1.3175033716641606
    ],
    "std": [
      0.057970557612237704,
      0.03663370968344113,
      0.04129823426766538
    ]
  },
  "performance": {
    "runtime": 29.50605607032776,
    "test_log_posterior": -1359.7432128352552
  }
}