{
  "experiment_id": "s3_sigma0.05_nx100_T0.5_lam1.0_m5_seed303",
  "config": {
    "s": 3,
    "sensor_positions": [
      0.25,
      0.5,
      0.75
    ],
    "placement_type": "fixed",
    "sigma": 0.05,
    "n_x": 100,
    "T": 0.5,
    "lambda": 1.0,
    "c": 1.0,
    "m": 5,
    "n_t": 50,
    "seed": 303,
    "delta": 0.05,
    "alpha": 0.001,
    "M": 2000,
    "R": 100,
    "n": 150,
    "Delta_x": 0.01,
    "Delta_t": 0.01020408163265306,
    "mcmc_n_steps": 10000,
    "mcmc_n_burn": 2000,
    "is_baseline": false
  },
  "status": "success",
  "dataset": {
    "kappa_star": [
      3.12551948199565,
      1.4836227496566199,
      2.427779995862962,
      3.3381215081208255,
      2.6741059937440994
    ],
    "n_observations": 150
  },
  "mcmc": {
    "acceptance_rate": 0.5528,
    "ess_min": 462.7143424762496,
    "ess_mean": 563.5271681437059,
    "ess_per_coord": [
      590.2069914633394,
      674.3817000024251,
      538.9341935138405,
      462.7143424762496,
      551.3986132626753
    ],
    "n_chunks": 3,
    "total_steps": 15000,
    "converged": true,
    "efficiency": 0.030847622831749973,
    "n_forward_evals": 15000
  },
  "certificate": {
    "L_hat": 9595.065998753336,
    "KL": 0.0,
    "eta_h": 5e-05,
    "delta_term": 0.01997154849035994,
    "B_lambda": 9595.086020301827,
    "components": {
      "empirical_term": 9595.065998753336,
      "kl_term": 0.0,
      "discretization_term": 5e-05,
      "confidence_term": 0.01997154849035994
    },
    "valid": true
  },
  "posterior_summary": {
    "mean": [
      2.942275265328395,
      3.532203390177116,
      4.084689502120593,
      4.053053876410165,
      3.9433131492459337
    ],
    "std": [
      0.04298956083207548,
      0.028791032915741293,
      0.020302363633091267,
      0.026830148762933447,
      0.047870810255981645
    ]
  },
  "performance": {
    "runtime": 78.43679809570312,
    "test_log_posterior": -32509.951552807237
  }
}