{
  "experiment_id": "s3_sigma0.2_nx100_T0.5_lam2.0_m5_seed101",
  "config": {
    "s": 3,
    "sensor_positions": [
      0.25,
      0.5,
      0.75
    ],
    "placement_type": "fixed",
    "sigma": 0.2,
    "n_x": 100,
    "T": 0.5,
    "lambda": 2.0,
    "c": 1.0,
    "m": 5,
    "n_t": 50,
    "seed": 101,
    "delta": 0.05,
    "alpha": 0.001,
    "M": 2000,
    "R": 100,
    "n": 150,
    "Delta_x": 0.01,
    "Delta_t": 0.01020408163265306,
    "mcmc_n_steps": 10000,
    "mcmc_n_burn": 2000,
    "is_baseline": false
  },
  "status": "success",
  "dataset": {
    "kappa_star": [
      2.3073951969585615,
      2.4973365540384895,
      0.5996597926733394,
      1.1003257967878608,
      2.898469435940594
    ],
    "n_observations": 150
  },
  "mcmc": {
    "acceptance_rate": 0.4998266666666667,
    "ess_min": 404.76711502713454,
    "ess_mean": 617.3469077222418,
    "ess_per_coord": [
      832.4951029637888,
      778.5900117290021,
      653.188122283553,
      404.76711502713454,
      417.6941866077309
    ],
    "n_chunks": 5,
    "total_steps": 25000,
    "converged": true,
    "efficiency": 0.016190684601085383,
    "n_forward_evals": 25000
  },
  "certificate": {
    "L_hat": 114.09631104798633,
    "KL": 0.0,
    "eta_h": 5e-05,
    "delta_term": 0.00998577424517997,
    "B_lambda": 114.10634682223152,
    "components": {
      "empirical_term": 114.09631104798633,
      "kl_term": 0.0,
      "discretization_term": 5e-05,
      "confidence_term": 0.00998577424517997
    },
    "valid": true
  },
  "posterior_summary": {
    "mean": [
      2.9966081211418203,
      2.7706416115825268,
      2.418695060767207,
      2.3298204400994877,
      2.3951794203191943
    ],
    "std": [
      0.1700629696938737,
      0.10421069117051612,
      0.06615247253416176,
      0.12986169642130288,
      0.20201604309764604
    ]
  },
  "performance": {
    "runtime": 148.38163685798645,
    "test_log_posterior": -2968.274787744133
  }
}