{
  "experiment_id": "s5_sigma0.1_nx100_T0.3_lam0.5_m5_seed202",
  "config": {
    "s": 5,
    "sensor_positions": [
      0.1,
      0.3,
      0.5,
      0.7,
      0.9
    ],
    "placement_type": "fixed",
    "sigma": 0.1,
    "n_x": 100,
    "T": 0.3,
    "lambda": 0.5,
    "c": 1.0,
    "m": 5,
    "n_t": 50,
    "seed": 202,
    "delta": 0.05,
    "alpha": 0.001,
    "M": 2000,
    "R": 100,
    "n": 250,
    "Delta_x": 0.01,
    "Delta_t": 0.006122448979591836,
    "mcmc_n_steps": 10000,
    "mcmc_n_burn": 2000,
    "is_baseline": false
  },
  "status": "success",
  "dataset": {
    "kappa_star": [
      1.2847216299636934,
      1.4241900884838463,
      3.920764034845088,
      3.9752807832159958,
      3.9824723567684557
    ],
    "n_observations": 250
  },
  "mcmc": {
    "acceptance_rate": 0.15177499999999997,
    "ess_min": 135.6348620709824,
    "ess_mean": 1341.2890989994933,
    "ess_per_coord": [
      2488.3815711380407,
      1770.763043437135,
      1149.1582609875795,
      1162.5077573637282,
      135.6348620709824
    ],
    "n_chunks": 8,
    "total_steps": 40000,
    "converged": false,
    "efficiency": 0.00339087155177456,
    "n_forward_evals": 40000
  },
  "certificate": {
    "L_hat": 4559.549145913373,
    "KL": 0.0,
    "eta_h": 5e-05,
    "delta_term": 0.023965858188431926,
    "B_lambda": 4559.573161771561,
    "components": {
      "empirical_term": 4559.549145913373,
      "kl_term": 0.0,
      "discretization_term": 5e-05,
      "confidence_term": 0.023965858188431926
    },
    "valid": true
  },
  "posterior_summary": {
    "mean": [
      1.8003808180793097,
      4.0934001308990675,
      4.997649140057745,
      4.997795799318742,
      4.994547228471126
    ],
    "std": [
      0.08387118226754603,
      0.05580294030731379,
      0.0023509058940810626,
      0.001754975772219045,
      0.004229669177609183
    ]
  },
  "performance": {
    "runtime": 390.86719512939453,
    "test_log_posterior": -8552.460571728767
  }
}