{
  "experiment_id": "s5_sigma0.2_nx50_T0.3_lam0.5_m5_seed303",
  "config": {
    "s": 5,
    "sensor_positions": [
      0.1,
      0.3,
      0.5,
      0.7,
      0.9
    ],
    "placement_type": "fixed",
    "sigma": 0.2,
    "n_x": 50,
    "T": 0.3,
    "lambda": 0.5,
    "c": 1.0,
    "m": 5,
    "n_t": 50,
    "seed": 303,
    "delta": 0.05,
    "alpha": 0.001,
    "M": 2000,
    "R": 100,
    "n": 250,
    "Delta_x": 0.02,
    "Delta_t": 0.006122448979591836,
    "mcmc_n_steps": 10000,
    "mcmc_n_burn": 2000,
    "is_baseline": false
  },
  "status": "success",
  "dataset": {
    "kappa_star": [
      3.12551948199565,
      1.4836227496566199,
      2.427779995862962,
      3.3381215081208255,
      2.6741059937440994
    ],
    "n_observations": 250
  },
  "mcmc": {
    "acceptance_rate": 0.5231111111111111,
    "ess_min": 560.2338324305492,
    "ess_mean": 649.6789613287468,
    "ess_per_coord": [
      864.0799200603043,
      560.2338324305492,
      580.6081670072156,
      579.2786807775917,
      664.1942063680737
    ],
    "n_chunks": 3,
    "total_steps": 15000,
    "converged": true,
    "efficiency": 0.03734892216203661,
    "n_forward_evals": 15000
  },
  "certificate": {
    "L_hat": 637.8163900819217,
    "KL": 0.0,
    "eta_h": 0.0002,
    "delta_term": 0.023965858188431926,
    "B_lambda": 637.84055594011,
    "components": {
      "empirical_term": 637.8163900819217,
      "kl_term": 0.0,
      "discretization_term": 0.0002,
      "confidence_term": 0.023965858188431926
    },
    "valid": true
  },
  "posterior_summary": {
    "mean": [
      3.410095300690394,
      3.63812030363008,
      4.256519505524124,
      4.504152397314385,
      4.1535562619041055
    ],
    "std": [
      0.21725229445532193,
      0.122511026077467,
      0.09206647460311959,
      0.1255843527038854,
      0.21273632774179885
    ]
  },
  "performance": {
    "runtime": 144.7673327922821,
    "test_log_posterior": -1980.0619235930185
  }
}