{
  "experiment_id": "s5_sigma0.05_nx100_T0.5_lam0.5_m5_seed303",
  "config": {
    "s": 5,
    "sensor_positions": [
      0.2,
      0.35,
      0.5,
      0.65,
      0.8
    ],
    "placement_type": "shifted",
    "sigma": 0.05,
    "n_x": 100,
    "T": 0.5,
    "lambda": 0.5,
    "c": 1.0,
    "m": 5,
    "n_t": 50,
    "seed": 303,
    "delta": 0.05,
    "alpha": 0.001,
    "M": 2000,
    "R": 100,
    "n": 250,
    "Delta_x": 0.01,
    "Delta_t": 0.01020408163265306,
    "mcmc_n_steps": 10000,
    "mcmc_n_burn": 2000,
    "is_baseline": false
  },
  "status": "success",
  "dataset": {
    "kappa_star": [
      3.12551948199565,
      1.4836227496566199,
      2.427779995862962,
      3.3381215081208255,
      2.6741059937440994
    ],
    "n_observations": 250
  },
  "mcmc": {
    "acceptance_rate": 0.5747333333333334,
    "ess_min": 495.2745315278895,
    "ess_mean": 571.8812588306921,
    "ess_per_coord": [
      795.017252288179,
      542.8284737352005,
      503.4777479367149,
      495.2745315278895,
      522.8082886654768
    ],
    "n_chunks": 3,
    "total_steps": 15000,
    "converged": true,
    "efficiency": 0.0330183021018593,
    "n_forward_evals": 15000
  },
  "certificate": {
    "L_hat": 14911.696432573532,
    "KL": 0.0,
    "eta_h": 5e-05,
    "delta_term": 0.023965858188431926,
    "B_lambda": 14911.72044843172,
    "components": {
      "empirical_term": 14911.696432573532,
      "kl_term": 0.0,
      "discretization_term": 5e-05,
      "confidence_term": 0.023965858188431926
    },
    "valid": true
  },
  "posterior_summary": {
    "mean": [
      2.0433890054598915,
      3.4560887543860215,
      4.156311508628222,
      4.079347056268671,
      2.6824936087088687
    ],
    "std": [
      0.03722186763553446,
      0.028612767640629172,
      0.02811276798902705,
      0.027762110152533173,
      0.038064342583047604
    ]
  },
  "performance": {
    "runtime": 138.71371603012085,
    "test_log_posterior": -24357.882184824335
  }
}