{
  "experiment_id": "s3_sigma0.05_nx100_T0.3_lam0.5_m5_seed303",
  "config": {
    "s": 3,
    "sensor_positions": [
      0.2,
      0.5,
      0.8
    ],
    "placement_type": "shifted",
    "sigma": 0.05,
    "n_x": 100,
    "T": 0.3,
    "lambda": 0.5,
    "c": 1.0,
    "m": 5,
    "n_t": 50,
    "seed": 303,
    "delta": 0.05,
    "alpha": 0.001,
    "M": 2000,
    "R": 100,
    "n": 150,
    "Delta_x": 0.01,
    "Delta_t": 0.006122448979591836,
    "mcmc_n_steps": 10000,
    "mcmc_n_burn": 2000,
    "is_baseline": false
  },
  "status": "success",
  "dataset": {
    "kappa_star": [
      3.12551948199565,
      1.4836227496566199,
      2.427779995862962,
      3.3381215081208255,
      2.6741059937440994
    ],
    "n_observations": 150
  },
  "mcmc": {
    "acceptance_rate": 0.49443333333333334,
    "ess_min": 483.92599900005143,
    "ess_mean": 635.8391732090511,
    "ess_per_coord": [
      943.6161723539266,
      619.7456580947907,
      636.0995720716467,
      483.92599900005143,
      495.80846452484053
    ],
    "n_chunks": 4,
    "total_steps": 20000,
    "converged": true,
    "efficiency": 0.02419629995000257,
    "n_forward_evals": 20000
  },
  "certificate": {
    "L_hat": 4916.203916922157,
    "KL": 0.0,
    "eta_h": 5e-05,
    "delta_term": 0.03994309698071988,
    "B_lambda": 4916.243910019138,
    "components": {
      "empirical_term": 4916.203916922157,
      "kl_term": 0.0,
      "discretization_term": 5e-05,
      "confidence_term": 0.03994309698071988
    },
    "valid": true
  },
  "posterior_summary": {
    "mean": [
      1.569534796479533,
      3.7532402187037714,
      4.430703685652357,
      3.996256032218763,
      2.4115499659398965
    ],
    "std": [
      0.03709891471443135,
      0.048244343166097256,
      0.027870221346254363,
      0.04904298923131917,
      0.04404364863628994
    ]
  },
  "performance": {
    "runtime": 112.94485712051392,
    "test_log_posterior": -15911.932738423988
  }
}