{
  "experiment_id": "s3_sigma0.2_nx50_T0.3_lam1.0_m3_seed202",
  "config": {
    "s": 3,
    "sensor_positions": [
      0.25,
      0.5,
      0.75
    ],
    "placement_type": "fixed",
    "sigma": 0.2,
    "n_x": 50,
    "T": 0.3,
    "lambda": 1.0,
    "c": 1.0,
    "m": 3,
    "n_t": 100,
    "seed": 202,
    "delta": 0.05,
    "alpha": 0.001,
    "M": 2000,
    "R": 100,
    "n": 300,
    "Delta_x": 0.02,
    "Delta_t": 0.0030303030303030303,
    "mcmc_n_steps": 10000,
    "mcmc_n_burn": 2000,
    "is_baseline": false
  },
  "status": "success",
  "dataset": {
    "kappa_star": [
      1.2847216299636934,
      1.4241900884838463,
      3.920764034845088
    ],
    "n_observations": 300
  },
  "mcmc": {
    "acceptance_rate": 0.51825,
    "ess_min": 542.4545130345231,
    "ess_mean": 704.6662636418617,
    "ess_per_coord": [
      542.4545130345231,
      704.1906075152506,
      867.3536703758112
    ],
    "n_chunks": 2,
    "total_steps": 10000,
    "converged": true,
    "efficiency": 0.054245451303452305,
    "n_forward_evals": 10000
  },
  "certificate": {
    "L_hat": 171.69141820696655,
    "KL": 0.0,
    "eta_h": 0.0002,
    "delta_term": 0.00998577424517997,
    "B_lambda": 171.70160398121172,
    "components": {
      "empirical_term": 171.69141820696655,
      "kl_term": 0.0,
      "discretization_term": 0.0002,
      "confidence_term": 0.00998577424517997
    },
    "valid": true
  },
  "posterior_summary": {
    "mean": [
      1.5908986750978769,
      2.957718023203836,
      3.866966163167878
    ],
    "std": [
      0.0467364299367331,
      0.03946268645477355,
      0.06504332864389795
    ]
  },
  "performance": {
    "runtime": 56.48916292190552,
    "test_log_posterior": -1335.6771678542943
  }
}