{
  "experiment_id": "s5_sigma0.05_nx50_T0.5_lam1.0_m5_seed101",
  "config": {
    "s": 5,
    "sensor_positions": [
      0.1,
      0.3,
      0.5,
      0.7,
      0.9
    ],
    "placement_type": "fixed",
    "sigma": 0.05,
    "n_x": 50,
    "T": 0.5,
    "lambda": 1.0,
    "c": 1.0,
    "m": 5,
    "n_t": 50,
    "seed": 101,
    "delta": 0.05,
    "alpha": 0.001,
    "M": 2000,
    "R": 100,
    "n": 250,
    "Delta_x": 0.02,
    "Delta_t": 0.01020408163265306,
    "mcmc_n_steps": 10000,
    "mcmc_n_burn": 2000,
    "is_baseline": false
  },
  "status": "success",
  "dataset": {
    "kappa_star": [
      2.3073951969585615,
      2.4973365540384895,
      0.5996597926733394,
      1.1003257967878608,
      2.898469435940594
    ],
    "n_observations": 250
  },
  "mcmc": {
    "acceptance_rate": 0.5765166666666667,
    "ess_min": 452.28828359983527,
    "ess_mean": 649.8304488016487,
    "ess_per_coord": [
      1037.3469559742375,
      686.780220201869,
      576.6497494669786,
      452.28828359983527,
      496.0870347653231
    ],
    "n_chunks": 4,
    "total_steps": 20000,
    "converged": true,
    "efficiency": 0.022614414179991764,
    "n_forward_evals": 20000
  },
  "certificate": {
    "L_hat": 1602.0758062467253,
    "KL": 0.0,
    "eta_h": 0.0002,
    "delta_term": 0.011982929094215963,
    "B_lambda": 1602.0879891758195,
    "components": {
      "empirical_term": 1602.0758062467253,
      "kl_term": 0.0,
      "discretization_term": 0.0002,
      "confidence_term": 0.011982929094215963
    },
    "valid": true
  },
  "posterior_summary": {
    "mean": [
      3.205850479406929,
      2.8795528559706955,
      2.3257668280851256,
      2.207170063720517,
      2.8424413015824865
    ],
    "std": [
      0.045644686380423745,
      0.02639118094940009,
      0.019600528081966207,
      0.028987703834474864,
      0.05422935104102168
    ]
  },
  "performance": {
    "runtime": 159.19965314865112,
    "test_log_posterior": -27686.424115651746
  }
}