{
  "experiment_id": "s3_sigma0.1_nx100_T0.3_lam0.5_m3_seed202",
  "config": {
    "s": 3,
    "sensor_positions": [
      0.25,
      0.5,
      0.75
    ],
    "placement_type": "fixed",
    "sigma": 0.1,
    "n_x": 100,
    "T": 0.3,
    "lambda": 0.5,
    "c": 1.0,
    "m": 3,
    "n_t": 50,
    "seed": 202,
    "delta": 0.05,
    "alpha": 0.001,
    "M": 2000,
    "R": 100,
    "n": 150,
    "Delta_x": 0.01,
    "Delta_t": 0.006122448979591836,
    "mcmc_n_steps": 10000,
    "mcmc_n_burn": 2000,
    "is_baseline": false
  },
  "status": "success",
  "dataset": {
    "kappa_star": [
      1.2847216299636934,
      1.4241900884838463,
      3.920764034845088
    ],
    "n_observations": 150
  },
  "mcmc": {
    "acceptance_rate": 0.5611,
    "ess_min": 558.9034499930766,
    "ess_mean": 608.2068358187321,
    "ess_per_coord": [
      613.8505727875437,
      558.9034499930766,
      651.8664846755759
    ],
    "n_chunks": 2,
    "total_steps": 10000,
    "converged": true,
    "efficiency": 0.05589034499930766,
    "n_forward_evals": 10000
  },
  "certificate": {
    "L_hat": 140.08781971879517,
    "KL": 0.0,
    "eta_h": 5e-05,
    "delta_term": 0.03994309698071988,
    "B_lambda": 140.12781281577588,
    "components": {
      "empirical_term": 140.08781971879517,
      "kl_term": 0.0,
      "discretization_term": 5e-05,
      "confidence_term": 0.03994309698071988
    },
    "valid": true
  },
  "posterior_summary": {
    "mean": [
      1.583833511299652,
      2.9838046834823344,
      3.945331413573545
    ],
    "std": [
      0.042397780019048634,
      0.04098001214991897,
      0.06775537258516358
    ]
  },
  "performance": {
    "runtime": 15.526676177978516,
    "test_log_posterior": -1281.0735783141613
  }
}