{
  "experiment_id": "s3_sigma0.2_nx50_T0.5_lam2.0_m3_seed101",
  "config": {
    "s": 3,
    "sensor_positions": [
      0.2,
      0.5,
      0.8
    ],
    "placement_type": "shifted",
    "sigma": 0.2,
    "n_x": 50,
    "T": 0.5,
    "lambda": 2.0,
    "c": 1.0,
    "m": 3,
    "n_t": 50,
    "seed": 101,
    "delta": 0.05,
    "alpha": 0.001,
    "M": 2000,
    "R": 100,
    "n": 150,
    "Delta_x": 0.02,
    "Delta_t": 0.01020408163265306,
    "mcmc_n_steps": 10000,
    "mcmc_n_burn": 2000,
    "is_baseline": false
  },
  "status": "success",
  "dataset": {
    "kappa_star": [
      2.3073951969585615,
      2.4973365540384895,
      0.5996597926733394
    ],
    "n_observations": 150
  },
  "mcmc": {
    "acceptance_rate": 0.5325,
    "ess_min": 436.90938446905335,
    "ess_mean": 609.4123520779099,
    "ess_per_coord": [
      436.90938446905335,
      631.6566649445696,
      759.6710068201066
    ],
    "n_chunks": 2,
    "total_steps": 10000,
    "converged": true,
    "efficiency": 0.04369093844690534,
    "n_forward_evals": 10000
  },
  "certificate": {
    "L_hat": 152.26148083546425,
    "KL": 0.0,
    "eta_h": 0.0002,
    "delta_term": 0.00998577424517997,
    "B_lambda": 152.27166660970943,
    "components": {
      "empirical_term": 152.26148083546425,
      "kl_term": 0.0,
      "discretization_term": 0.0002,
      "confidence_term": 0.00998577424517997
    },
    "valid": true
  },
  "posterior_summary": {
    "mean": [
      3.121424241675566,
      3.34638242975809,
      1.3716309974961327
    ],
    "std": [
      0.08439148598348832,
      0.05397050544188949,
      0.05756180694685973
    ]
  },
  "performance": {
    "runtime": 15.559252977371216,
    "test_log_posterior": -717.5105404957924
  }
}