{
  "experiment_id": "s3_sigma0.1_nx50_T0.5_lam0.5_m3_seed101",
  "config": {
    "s": 3,
    "sensor_positions": [
      0.25,
      0.5,
      0.75
    ],
    "placement_type": "fixed",
    "sigma": 0.1,
    "n_x": 50,
    "T": 0.5,
    "lambda": 0.5,
    "c": 1.0,
    "m": 3,
    "n_t": 100,
    "seed": 101,
    "delta": 0.05,
    "alpha": 0.001,
    "M": 2000,
    "R": 100,
    "n": 300,
    "Delta_x": 0.02,
    "Delta_t": 0.005050505050505051,
    "mcmc_n_steps": 10000,
    "mcmc_n_burn": 2000,
    "is_baseline": false
  },
  "status": "success",
  "dataset": {
    "kappa_star": [
      2.3073951969585615,
      2.4973365540384895,
      0.5996597926733394
    ],
    "n_observations": 300
  },
  "mcmc": {
    "acceptance_rate": 0.48745,
    "ess_min": 603.8090835045488,
    "ess_mean": 726.7388715045286,
    "ess_per_coord": [
      603.8090835045488,
      654.3828813400537,
      922.0246496689833
    ],
    "n_chunks": 2,
    "total_steps": 10000,
    "converged": true,
    "efficiency": 0.06038090835045488,
    "n_forward_evals": 10000
  },
  "certificate": {
    "L_hat": 730.4154397793842,
    "KL": 0.0,
    "eta_h": 0.0002,
    "delta_term": 0.01997154849035994,
    "B_lambda": 730.4356113278745,
    "components": {
      "empirical_term": 730.4154397793842,
      "kl_term": 0.0,
      "discretization_term": 0.0002,
      "confidence_term": 0.01997154849035994
    },
    "valid": true
  },
  "posterior_summary": {
    "mean": [
      2.9761613500838813,
      3.35120125657528,
      1.3094238248200736
    ],
    "std": [
      0.0477112898760669,
      0.036461308368257374,
      0.034594857201475974
    ]
  },
  "performance": {
    "runtime": 86.75781726837158,
    "test_log_posterior": -1298.5793265849088
  }
}