{
  "experiment_id": "s5_sigma0.05_nx100_T0.5_lam2.0_m5_seed202",
  "config": {
    "s": 5,
    "sensor_positions": [
      0.2,
      0.35,
      0.5,
      0.65,
      0.8
    ],
    "placement_type": "shifted",
    "sigma": 0.05,
    "n_x": 100,
    "T": 0.5,
    "lambda": 2.0,
    "c": 1.0,
    "m": 5,
    "n_t": 100,
    "seed": 202,
    "delta": 0.05,
    "alpha": 0.001,
    "M": 2000,
    "R": 100,
    "n": 500,
    "Delta_x": 0.01,
    "Delta_t": 0.005050505050505051,
    "mcmc_n_steps": 10000,
    "mcmc_n_burn": 2000,
    "is_baseline": false
  },
  "status": "success",
  "dataset": {
    "kappa_star": [
      1.2847216299636934,
      1.4241900884838463,
      3.920764034845088,
      3.9752807832159958,
      3.9824723567684557
    ],
    "n_observations": 500
  },
  "mcmc": {
    "acceptance_rate": 0.049808333333333336,
    "ess_min": 28.19832258083935,
    "ess_mean": 449.59048558392686,
    "ess_per_coord": [
      581.0694034913097,
      443.3073348161683,
      45.31120651669048,
      28.19832258083935,
      1150.0661605146265
    ],
    "n_chunks": 8,
    "total_steps": 40000,
    "converged": false,
    "efficiency": 0.0007049580645209837,
    "n_forward_evals": 40000
  },
  "certificate": {
    "L_hat": 39945.10809401157,
    "KL": 0.0,
    "eta_h": 5e-05,
    "delta_term": 0.0029957322735539907,
    "B_lambda": 39945.11113974385,
    "components": {
      "empirical_term": 39945.10809401157,
      "kl_term": 0.0,
      "discretization_term": 5e-05,
      "confidence_term": 0.0029957322735539907
    },
    "valid": true
  },
  "posterior_summary": {
    "mean": [
      1.144012243838235,
      3.601155573594491,
      4.999596373006255,
      4.9995701754404935,
      4.125515875757313
    ],
    "std": [
      0.009285155912512793,
      0.008292800061822939,
      0.00019733683507192794,
      0.00037311381074093647,
      0.014814013565282771
    ]
  },
  "performance": {
    "runtime": 456.7130300998688,
    "test_log_posterior": -200729.88833804656
  }
}