{
  "experiment_id": "s3_sigma0.2_nx100_T0.5_lam2.0_m5_seed202",
  "config": {
    "s": 3,
    "sensor_positions": [
      0.2,
      0.5,
      0.8
    ],
    "placement_type": "shifted",
    "sigma": 0.2,
    "n_x": 100,
    "T": 0.5,
    "lambda": 2.0,
    "c": 1.0,
    "m": 5,
    "n_t": 50,
    "seed": 202,
    "delta": 0.05,
    "alpha": 0.001,
    "M": 2000,
    "R": 100,
    "n": 150,
    "Delta_x": 0.01,
    "Delta_t": 0.01020408163265306,
    "mcmc_n_steps": 10000,
    "mcmc_n_burn": 2000,
    "is_baseline": false
  },
  "status": "success",
  "dataset": {
    "kappa_star": [
      1.2847216299636934,
      1.4241900884838463,
      3.920764034845088,
      3.9752807832159958,
      3.9824723567684557
    ],
    "n_observations": 150
  },
  "mcmc": {
    "acceptance_rate": 0.572288888888889,
    "ess_min": 460.895369456382,
    "ess_mean": 673.975145586003,
    "ess_per_coord": [
      876.3561159795074,
      856.5347009313136,
      475.2523840001559,
      460.895369456382,
      700.8371575626561
    ],
    "n_chunks": 3,
    "total_steps": 15000,
    "converged": true,
    "efficiency": 0.0307263579637588,
    "n_forward_evals": 15000
  },
  "certificate": {
    "L_hat": 632.3931480749328,
    "KL": 0.0,
    "eta_h": 5e-05,
    "delta_term": 0.00998577424517997,
    "B_lambda": 632.4031838491779,
    "components": {
      "empirical_term": 632.3931480749328,
      "kl_term": 0.0,
      "discretization_term": 5e-05,
      "confidence_term": 0.00998577424517997
    },
    "valid": true
  },
  "posterior_summary": {
    "mean": [
      0.7962675973043878,
      4.006972578739925,
      4.98642358958953,
      4.953833362335287,
      3.7299931652549447
    ],
    "std": [
      0.04846354276596641,
      0.07850388518236019,
      0.013454630077472019,
      0.037129228662796984,
      0.09100024265965741
    ]
  },
  "performance": {
    "runtime": 88.90759110450745,
    "test_log_posterior": -3041.108054501887
  }
}