{
  "experiment_id": "s3_sigma0.2_nx50_T0.3_lam0.5_m5_seed202",
  "config": {
    "s": 3,
    "sensor_positions": [
      0.2,
      0.5,
      0.8
    ],
    "placement_type": "shifted",
    "sigma": 0.2,
    "n_x": 50,
    "T": 0.3,
    "lambda": 0.5,
    "c": 1.0,
    "m": 5,
    "n_t": 50,
    "seed": 202,
    "delta": 0.05,
    "alpha": 0.001,
    "M": 2000,
    "R": 100,
    "n": 150,
    "Delta_x": 0.02,
    "Delta_t": 0.006122448979591836,
    "mcmc_n_steps": 10000,
    "mcmc_n_burn": 2000,
    "is_baseline": false
  },
  "status": "success",
  "dataset": {
    "kappa_star": [
      1.2847216299636934,
      1.4241900884838463,
      3.920764034845088,
      3.9752807832159958,
      3.9824723567684557
    ],
    "n_observations": 150
  },
  "mcmc": {
    "acceptance_rate": 0.61316,
    "ess_min": 461.1996245122661,
    "ess_mean": 1115.9379945932942,
    "ess_per_coord": [
      1487.3370675766207,
      1798.8535135661812,
      461.1996245122661,
      779.0657563447464,
      1053.2340109666563
    ],
    "n_chunks": 5,
    "total_steps": 25000,
    "converged": true,
    "efficiency": 0.018447984980490644,
    "n_forward_evals": 25000
  },
  "certificate": {
    "L_hat": 590.0486083449697,
    "KL": 0.0,
    "eta_h": 0.0002,
    "delta_term": 0.03994309698071988,
    "B_lambda": 590.0887514419503,
    "components": {
      "empirical_term": 590.0486083449697,
      "kl_term": 0.0,
      "discretization_term": 0.0002,
      "confidence_term": 0.03994309698071988
    },
    "valid": true
  },
  "posterior_summary": {
    "mean": [
      0.42977545626207214,
      4.572444602109624,
      4.984793774381797,
      4.939019302448207,
      3.8035511798686708
    ],
    "std": [
      0.08405870030743612,
      0.13460627130667382,
      0.014467529742140021,
      0.057752881237022456,
      0.1649067791441168
    ]
  },
  "performance": {
    "runtime": 143.0038139820099,
    "test_log_posterior": -1081.057648043174
  }
}