{
  "experiment_id": "s5_sigma0.05_nx50_T0.5_lam1.0_m3_seed202",
  "config": {
    "s": 5,
    "sensor_positions": [
      0.2,
      0.35,
      0.5,
      0.65,
      0.8
    ],
    "placement_type": "shifted",
    "sigma": 0.05,
    "n_x": 50,
    "T": 0.5,
    "lambda": 1.0,
    "c": 1.0,
    "m": 3,
    "n_t": 100,
    "seed": 202,
    "delta": 0.05,
    "alpha": 0.001,
    "M": 2000,
    "R": 100,
    "n": 500,
    "Delta_x": 0.02,
    "Delta_t": 0.005050505050505051,
    "mcmc_n_steps": 10000,
    "mcmc_n_burn": 2000,
    "is_baseline": false
  },
  "status": "success",
  "dataset": {
    "kappa_star": [
      1.2847216299636934,
      1.4241900884838463,
      3.920764034845088
    ],
    "n_observations": 500
  },
  "mcmc": {
    "acceptance_rate": 0.5037,
    "ess_min": 516.237144266452,
    "ess_mean": 642.4094720817857,
    "ess_per_coord": [
      696.1740754861823,
      516.237144266452,
      714.8171964927229
    ],
    "n_chunks": 2,
    "total_steps": 10000,
    "converged": true,
    "efficiency": 0.0516237144266452,
    "n_forward_evals": 10000
  },
  "certificate": {
    "L_hat": 4260.1792687033885,
    "KL": 0.0,
    "eta_h": 0.0002,
    "delta_term": 0.0059914645471079815,
    "B_lambda": 4260.185460167936,
    "components": {
      "empirical_term": 4260.1792687033885,
      "kl_term": 0.0,
      "discretization_term": 0.0002,
      "confidence_term": 0.0059914645471079815
    },
    "valid": true
  },
  "posterior_summary": {
    "mean": [
      1.4328766267536865,
      2.389642230965609,
      4.186203389222618
    ],
    "std": [
      0.012669802283673311,
      0.00866295985837317,
      0.01976959040741625
    ]
  },
  "performance": {
    "runtime": 80.18984079360962,
    "test_log_posterior": -17619.209350083755
  }
}