{
  "experiment_id": "s3_sigma0.05_nx100_T0.5_lam0.5_m5_seed303",
  "config": {
    "s": 3,
    "sensor_positions": [
      0.2,
      0.5,
      0.8
    ],
    "placement_type": "shifted",
    "sigma": 0.05,
    "n_x": 100,
    "T": 0.5,
    "lambda": 0.5,
    "c": 1.0,
    "m": 5,
    "n_t": 50,
    "seed": 303,
    "delta": 0.05,
    "alpha": 0.001,
    "M": 2000,
    "R": 100,
    "n": 150,
    "Delta_x": 0.01,
    "Delta_t": 0.01020408163265306,
    "mcmc_n_steps": 10000,
    "mcmc_n_burn": 2000,
    "is_baseline": false
  },
  "status": "success",
  "dataset": {
    "kappa_star": [
      3.12551948199565,
      1.4836227496566199,
      2.427779995862962,
      3.3381215081208255,
      2.6741059937440994
    ],
    "n_observations": 150
  },
  "mcmc": {
    "acceptance_rate": 0.5183,
    "ess_min": 440.77765932433226,
    "ess_mean": 639.4168493433239,
    "ess_per_coord": [
      898.326697521131,
      674.1795508851292,
      632.7340302707057,
      551.0663087153216,
      440.77765932433226
    ],
    "n_chunks": 4,
    "total_steps": 20000,
    "converged": true,
    "efficiency": 0.022038882966216613,
    "n_forward_evals": 20000
  },
  "certificate": {
    "L_hat": 6980.195224220701,
    "KL": 0.0,
    "eta_h": 5e-05,
    "delta_term": 0.03994309698071988,
    "B_lambda": 6980.235217317681,
    "components": {
      "empirical_term": 6980.195224220701,
      "kl_term": 0.0,
      "discretization_term": 5e-05,
      "confidence_term": 0.03994309698071988
    },
    "valid": true
  },
  "posterior_summary": {
    "mean": [
      1.7438476368803322,
      3.5845485654305507,
      4.189938203237099,
      3.805260191375072,
      2.5919049003884362
    ],
    "std": [
      0.04053059383880746,
      0.04479360804308761,
      0.03118706034739141,
      0.05260831187026574,
      0.04938820278470054
    ]
  },
  "performance": {
    "runtime": 70.53384900093079,
    "test_log_posterior": -11209.36762341114
  }
}