{
  "experiment_id": "s3_sigma0.1_nx100_T0.3_lam2.0_m5_seed101",
  "config": {
    "s": 3,
    "sensor_positions": [
      0.2,
      0.5,
      0.8
    ],
    "placement_type": "shifted",
    "sigma": 0.1,
    "n_x": 100,
    "T": 0.3,
    "lambda": 2.0,
    "c": 1.0,
    "m": 5,
    "n_t": 100,
    "seed": 101,
    "delta": 0.05,
    "alpha": 0.001,
    "M": 2000,
    "R": 100,
    "n": 300,
    "Delta_x": 0.01,
    "Delta_t": 0.0030303030303030303,
    "mcmc_n_steps": 10000,
    "mcmc_n_burn": 2000,
    "is_baseline": false
  },
  "status": "success",
  "dataset": {
    "kappa_star": [
      2.3073951969585615,
      2.4973365540384895,
      0.5996597926733394,
      1.1003257967878608,
      2.898469435940594
    ],
    "n_observations": 300
  },
  "mcmc": {
    "acceptance_rate": 0.36318333333333336,
    "ess_min": 169.75558251618756,
    "ess_mean": 221.68419201257825,
    "ess_per_coord": [
      252.3108616992735,
      238.39413048512793,
      276.4989366536123,
      169.75558251618756,
      171.4614487086898
    ],
    "n_chunks": 8,
    "total_steps": 40000,
    "converged": false,
    "efficiency": 0.004243889562904689,
    "n_forward_evals": 40000
  },
  "certificate": {
    "L_hat": 221.05650765537663,
    "KL": 0.0,
    "eta_h": 5e-05,
    "delta_term": 0.004992887122589985,
    "B_lambda": 221.06155054249922,
    "components": {
      "empirical_term": 221.05650765537663,
      "kl_term": 0.0,
      "discretization_term": 5e-05,
      "confidence_term": 0.004992887122589985
    },
    "valid": true
  },
  "posterior_summary": {
    "mean": [
      2.0618657242784746,
      2.3912178832111115,
      2.3810035480322016,
      2.508574306089831,
      1.2488572190891711
    ],
    "std": [
      0.06187634350192899,
      0.06515797397512954,
      0.03403255005978717,
      0.06364584990728167,
      0.048257804159753365
    ]
  },
  "performance": {
    "runtime": 442.2219817638397,
    "test_log_posterior": -23024.1638291275
  }
}