{
  "experiment_id": "s5_sigma0.1_nx100_T0.3_lam0.5_m3_seed202",
  "config": {
    "s": 5,
    "sensor_positions": [
      0.2,
      0.35,
      0.5,
      0.65,
      0.8
    ],
    "placement_type": "shifted",
    "sigma": 0.1,
    "n_x": 100,
    "T": 0.3,
    "lambda": 0.5,
    "c": 1.0,
    "m": 3,
    "n_t": 100,
    "seed": 202,
    "delta": 0.05,
    "alpha": 0.001,
    "M": 2000,
    "R": 100,
    "n": 500,
    "Delta_x": 0.01,
    "Delta_t": 0.0030303030303030303,
    "mcmc_n_steps": 10000,
    "mcmc_n_burn": 2000,
    "is_baseline": false
  },
  "status": "success",
  "dataset": {
    "kappa_star": [
      1.2847216299636934,
      1.4241900884838463,
      3.920764034845088
    ],
    "n_observations": 500
  },
  "mcmc": {
    "acceptance_rate": 0.50805,
    "ess_min": 446.7357941742874,
    "ess_mean": 571.4278505651813,
    "ess_per_coord": [
      664.2264886088814,
      446.7357941742874,
      603.3212689123751
    ],
    "n_chunks": 2,
    "total_steps": 10000,
    "converged": true,
    "efficiency": 0.044673579417428735,
    "n_forward_evals": 10000
  },
  "certificate": {
    "L_hat": 1440.8872371964483,
    "KL": 0.0,
    "eta_h": 5e-05,
    "delta_term": 0.011982929094215963,
    "B_lambda": 1440.8992701255427,
    "components": {
      "empirical_term": 1440.8872371964483,
      "kl_term": 0.0,
      "discretization_term": 5e-05,
      "confidence_term": 0.011982929094215963
    },
    "valid": true
  },
  "posterior_summary": {
    "mean": [
      1.384393923056684,
      2.3772173897400295,
      4.31429534940853
    ],
    "std": [
      0.03242690532847745,
      0.01727362789270356,
      0.04632887406100284
    ]
  },
  "performance": {
    "runtime": 48.89425015449524,
    "test_log_posterior": -3267.046280126087
  }
}