{
  "experiment_id": "s5_sigma0.2_nx50_T0.3_lam2.0_m5_seed303",
  "config": {
    "s": 5,
    "sensor_positions": [
      0.2,
      0.35,
      0.5,
      0.65,
      0.8
    ],
    "placement_type": "shifted",
    "sigma": 0.2,
    "n_x": 50,
    "T": 0.3,
    "lambda": 2.0,
    "c": 1.0,
    "m": 5,
    "n_t": 100,
    "seed": 303,
    "delta": 0.05,
    "alpha": 0.001,
    "M": 2000,
    "R": 100,
    "n": 500,
    "Delta_x": 0.02,
    "Delta_t": 0.0030303030303030303,
    "mcmc_n_steps": 10000,
    "mcmc_n_burn": 2000,
    "is_baseline": false
  },
  "status": "success",
  "dataset": {
    "kappa_star": [
      3.12551948199565,
      1.4836227496566199,
      2.427779995862962,
      3.3381215081208255,
      2.6741059937440994
    ],
    "n_observations": 500
  },
  "mcmc": {
    "acceptance_rate": 0.5693166666666666,
    "ess_min": 492.5948055036129,
    "ess_mean": 645.8705417098321,
    "ess_per_coord": [
      894.3018351796632,
      574.6889096352244,
      630.7303117694447,
      492.5948055036129,
      637.0368464612158
    ],
    "n_chunks": 4,
    "total_steps": 20000,
    "converged": true,
    "efficiency": 0.024629740275180646,
    "n_forward_evals": 20000
  },
  "certificate": {
    "L_hat": 1618.3734818130674,
    "KL": 0.0,
    "eta_h": 0.0002,
    "delta_term": 0.0029957322735539907,
    "B_lambda": 1618.376677545341,
    "components": {
      "empirical_term": 1618.3734818130674,
      "kl_term": 0.0,
      "discretization_term": 0.0002,
      "confidence_term": 0.0029957322735539907
    },
    "valid": true
  },
  "posterior_summary": {
    "mean": [
      1.7828736296744336,
      3.588261574171179,
      4.374878456645219,
      4.316465800247476,
      2.571182590676989
    ],
    "std": [
      0.043792439946329476,
      0.035188850815271414,
      0.03070487425081629,
      0.0375774358110444,
      0.04951324453464778
    ]
  },
  "performance": {
    "runtime": 223.88145208358765,
    "test_log_posterior": -17622.4428476059
  }
}