{
  "experiment_id": "s3_sigma0.1_nx100_T0.5_lam2.0_m3_seed202",
  "config": {
    "s": 3,
    "sensor_positions": [
      0.25,
      0.5,
      0.75
    ],
    "placement_type": "fixed",
    "sigma": 0.1,
    "n_x": 100,
    "T": 0.5,
    "lambda": 2.0,
    "c": 1.0,
    "m": 3,
    "n_t": 50,
    "seed": 202,
    "delta": 0.05,
    "alpha": 0.001,
    "M": 2000,
    "R": 100,
    "n": 150,
    "Delta_x": 0.01,
    "Delta_t": 0.01020408163265306,
    "mcmc_n_steps": 10000,
    "mcmc_n_burn": 2000,
    "is_baseline": false
  },
  "status": "success",
  "dataset": {
    "kappa_star": [
      1.2847216299636934,
      1.4241900884838463,
      3.920764034845088
    ],
    "n_observations": 150
  },
  "mcmc": {
    "acceptance_rate": 0.5071,
    "ess_min": 616.7032891806708,
    "ess_mean": 688.9016218637557,
    "ess_per_coord": [
      616.7032891806708,
      640.8472476653029,
      809.1543287452934
    ],
    "n_chunks": 2,
    "total_steps": 10000,
    "converged": true,
    "efficiency": 0.061670328918067084,
    "n_forward_evals": 10000
  },
  "certificate": {
    "L_hat": 231.30222667339686,
    "KL": 0.0,
    "eta_h": 5e-05,
    "delta_term": 0.00998577424517997,
    "B_lambda": 231.312262447642,
    "components": {
      "empirical_term": 231.30222667339686,
      "kl_term": 0.0,
      "discretization_term": 5e-05,
      "confidence_term": 0.00998577424517997
    },
    "valid": true
  },
  "posterior_summary": {
    "mean": [
      1.6581306362681965,
      2.9483009310774766,
      3.8825512008804024
    ],
    "std": [
      0.025259173011243023,
      0.022595474828703225,
      0.03569447995793466
    ]
  },
  "performance": {
    "runtime": 15.950883150100708,
    "test_log_posterior": -3680.367022880604
  }
}