{
  "experiment_id": "s5_sigma0.1_nx50_T0.3_lam2.0_m5_seed202",
  "config": {
    "s": 5,
    "sensor_positions": [
      0.1,
      0.3,
      0.5,
      0.7,
      0.9
    ],
    "placement_type": "fixed",
    "sigma": 0.1,
    "n_x": 50,
    "T": 0.3,
    "lambda": 2.0,
    "c": 1.0,
    "m": 5,
    "n_t": 50,
    "seed": 202,
    "delta": 0.05,
    "alpha": 0.001,
    "M": 2000,
    "R": 100,
    "n": 250,
    "Delta_x": 0.02,
    "Delta_t": 0.006122448979591836,
    "mcmc_n_steps": 10000,
    "mcmc_n_burn": 2000,
    "is_baseline": false
  },
  "status": "success",
  "dataset": {
    "kappa_star": [
      1.2847216299636934,
      1.4241900884838463,
      3.920764034845088,
      3.9752807832159958,
      3.9824723567684557
    ],
    "n_observations": 250
  },
  "mcmc": {
    "acceptance_rate": 0.07944166666666666,
    "ess_min": 43.253887001554986,
    "ess_mean": 480.78208603567725,
    "ess_per_coord": [
      1084.4876410001793,
      945.3465513225792,
      149.94065210144484,
      180.88169875262778,
      43.253887001554986
    ],
    "n_chunks": 8,
    "total_steps": 40000,
    "converged": false,
    "efficiency": 0.0010813471750388748,
    "n_forward_evals": 40000
  },
  "certificate": {
    "L_hat": 4554.221323316459,
    "KL": 0.0,
    "eta_h": 0.0002,
    "delta_term": 0.0059914645471079815,
    "B_lambda": 4554.227514781007,
    "components": {
      "empirical_term": 4554.221323316459,
      "kl_term": 0.0,
      "discretization_term": 0.0002,
      "confidence_term": 0.0059914645471079815
    },
    "valid": true
  },
  "posterior_summary": {
    "mean": [
      1.8082940282783533,
      4.09400063861039,
      4.999343377730918,
      4.999420721735206,
      4.997566509975348
    ],
    "std": [
      0.050198467872500686,
      0.03405708535744249,
      0.0007552296072631475,
      0.0004312203339534463,
      0.0028065681093284254
    ]
  },
  "performance": {
    "runtime": 242.34425401687622,
    "test_log_posterior": -34186.00375883831
  }
}