{
  "experiment_id": "s5_sigma0.2_nx50_T0.3_lam0.5_m5_seed303",
  "config": {
    "s": 5,
    "sensor_positions": [
      0.2,
      0.35,
      0.5,
      0.65,
      0.8
    ],
    "placement_type": "shifted",
    "sigma": 0.2,
    "n_x": 50,
    "T": 0.3,
    "lambda": 0.5,
    "c": 1.0,
    "m": 5,
    "n_t": 50,
    "seed": 303,
    "delta": 0.05,
    "alpha": 0.001,
    "M": 2000,
    "R": 100,
    "n": 250,
    "Delta_x": 0.02,
    "Delta_t": 0.006122448979591836,
    "mcmc_n_steps": 10000,
    "mcmc_n_burn": 2000,
    "is_baseline": false
  },
  "status": "success",
  "dataset": {
    "kappa_star": [
      3.12551948199565,
      1.4836227496566199,
      2.427779995862962,
      3.3381215081208255,
      2.6741059937440994
    ],
    "n_observations": 250
  },
  "mcmc": {
    "acceptance_rate": 0.5871500000000001,
    "ess_min": 537.7236859214406,
    "ess_mean": 660.8976404319127,
    "ess_per_coord": [
      781.6038534870439,
      589.4608963411296,
      537.7236859214406,
      601.043285619118,
      794.6564807908311
    ],
    "n_chunks": 4,
    "total_steps": 20000,
    "converged": true,
    "efficiency": 0.026886184296072032,
    "n_forward_evals": 20000
  },
  "certificate": {
    "L_hat": 742.9521925853842,
    "KL": 0.0,
    "eta_h": 0.0002,
    "delta_term": 0.023965858188431926,
    "B_lambda": 742.9763584435725,
    "components": {
      "empirical_term": 742.9521925853842,
      "kl_term": 0.0,
      "discretization_term": 0.0002,
      "confidence_term": 0.023965858188431926
    },
    "valid": true
  },
  "posterior_summary": {
    "mean": [
      1.745129779362143,
      3.6068058629286655,
      4.41433427697905,
      4.331693514999462,
      2.3987063256643206
    ],
    "std": [
      0.12775907057430538,
      0.10295367558616941,
      0.09531851121072317,
      0.10160056992268657,
      0.13210981314617323
    ]
  },
  "performance": {
    "runtime": 114.69194102287292,
    "test_log_posterior": -2200.1235297337553
  }
}