{
  "experiment_id": "s3_sigma0.1_nx100_T0.5_lam0.5_m3_seed202",
  "config": {
    "s": 3,
    "sensor_positions": [
      0.2,
      0.5,
      0.8
    ],
    "placement_type": "shifted",
    "sigma": 0.1,
    "n_x": 100,
    "T": 0.5,
    "lambda": 0.5,
    "c": 1.0,
    "m": 3,
    "n_t": 50,
    "seed": 202,
    "delta": 0.05,
    "alpha": 0.001,
    "M": 2000,
    "R": 100,
    "n": 150,
    "Delta_x": 0.01,
    "Delta_t": 0.01020408163265306,
    "mcmc_n_steps": 10000,
    "mcmc_n_burn": 2000,
    "is_baseline": false
  },
  "status": "success",
  "dataset": {
    "kappa_star": [
      1.2847216299636934,
      1.4241900884838463,
      3.920764034845088
    ],
    "n_observations": 150
  },
  "mcmc": {
    "acceptance_rate": 0.49495,
    "ess_min": 546.8730014899334,
    "ess_mean": 700.057152840663,
    "ess_per_coord": [
      678.63480988439,
      546.8730014899334,
      874.6636471476656
    ],
    "n_chunks": 2,
    "total_steps": 10000,
    "converged": true,
    "efficiency": 0.05468730014899333,
    "n_forward_evals": 10000
  },
  "certificate": {
    "L_hat": 243.0978623880056,
    "KL": 0.0,
    "eta_h": 5e-05,
    "delta_term": 0.03994309698071988,
    "B_lambda": 243.13785548498632,
    "components": {
      "empirical_term": 243.0978623880056,
      "kl_term": 0.0,
      "discretization_term": 5e-05,
      "confidence_term": 0.03994309698071988
    },
    "valid": true
  },
  "posterior_summary": {
    "mean": [
      1.8018347770195888,
      2.9284032698932316,
      4.217444748556827
    ],
    "std": [
      0.07193496405335802,
      0.045891738658922925,
      0.0994303560481144
    ]
  },
  "performance": {
    "runtime": 24.967857837677002,
    "test_log_posterior": -904.8110111752825
  }
}