{
  "experiment_id": "s5_sigma0.05_nx50_T0.5_lam1.0_m3_seed202",
  "config": {
    "s": 5,
    "sensor_positions": [
      0.1,
      0.3,
      0.5,
      0.7,
      0.9
    ],
    "placement_type": "fixed",
    "sigma": 0.05,
    "n_x": 50,
    "T": 0.5,
    "lambda": 1.0,
    "c": 1.0,
    "m": 3,
    "n_t": 100,
    "seed": 202,
    "delta": 0.05,
    "alpha": 0.001,
    "M": 2000,
    "R": 100,
    "n": 500,
    "Delta_x": 0.02,
    "Delta_t": 0.005050505050505051,
    "mcmc_n_steps": 10000,
    "mcmc_n_burn": 2000,
    "is_baseline": false
  },
  "status": "success",
  "dataset": {
    "kappa_star": [
      1.2847216299636934,
      1.4241900884838463,
      3.920764034845088
    ],
    "n_observations": 500
  },
  "mcmc": {
    "acceptance_rate": 0.51165,
    "ess_min": 507.2956148374743,
    "ess_mean": 679.1892765189826,
    "ess_per_coord": [
      730.9884459503288,
      507.2956148374743,
      799.2837687691447
    ],
    "n_chunks": 2,
    "total_steps": 10000,
    "converged": true,
    "efficiency": 0.05072956148374743,
    "n_forward_evals": 10000
  },
  "certificate": {
    "L_hat": 1611.122168650145,
    "KL": 0.0,
    "eta_h": 0.0002,
    "delta_term": 0.0059914645471079815,
    "B_lambda": 1611.1283601146922,
    "components": {
      "empirical_term": 1611.122168650145,
      "kl_term": 0.0,
      "discretization_term": 0.0002,
      "confidence_term": 0.0059914645471079815
    },
    "valid": true
  },
  "posterior_summary": {
    "mean": [
      1.3735136262151784,
      2.904254372111506,
      3.301817886829479
    ],
    "std": [
      0.009433740726334879,
      0.01065809255824964,
      0.01557688195812082
    ]
  },
  "performance": {
    "runtime": 51.42027807235718,
    "test_log_posterior": -13237.277144302407
  }
}