{
  "experiment_id": "s3_sigma0.05_nx100_T0.5_lam2.0_m3_seed101",
  "config": {
    "s": 3,
    "sensor_positions": [
      0.2,
      0.5,
      0.8
    ],
    "placement_type": "shifted",
    "sigma": 0.05,
    "n_x": 100,
    "T": 0.5,
    "lambda": 2.0,
    "c": 1.0,
    "m": 3,
    "n_t": 50,
    "seed": 101,
    "delta": 0.05,
    "alpha": 0.001,
    "M": 2000,
    "R": 100,
    "n": 150,
    "Delta_x": 0.01,
    "Delta_t": 0.01020408163265306,
    "mcmc_n_steps": 10000,
    "mcmc_n_burn": 2000,
    "is_baseline": false
  },
  "status": "success",
  "dataset": {
    "kappa_star": [
      2.3073951969585615,
      2.4973365540384895,
      0.5996597926733394
    ],
    "n_observations": 150
  },
  "mcmc": {
    "acceptance_rate": 0.5058499999999999,
    "ess_min": 621.5695958995697,
    "ess_mean": 719.1193713824817,
    "ess_per_coord": [
      621.5695958995697,
      694.975625714782,
      840.8128925330932
    ],
    "n_chunks": 2,
    "total_steps": 10000,
    "converged": true,
    "efficiency": 0.06215695958995696,
    "n_forward_evals": 10000
  },
  "certificate": {
    "L_hat": 1251.760350452931,
    "KL": 0.0,
    "eta_h": 5e-05,
    "delta_term": 0.00998577424517997,
    "B_lambda": 1251.7703862271765,
    "components": {
      "empirical_term": 1251.760350452931,
      "kl_term": 0.0,
      "discretization_term": 5e-05,
      "confidence_term": 0.00998577424517997
    },
    "valid": true
  },
  "posterior_summary": {
    "mean": [
      3.118785974824149,
      3.3365251561036753,
      1.3485763738705108
    ],
    "std": [
      0.022648165272570547,
      0.013428195341969146,
      0.01466720408720061
    ]
  },
  "performance": {
    "runtime": 15.524771213531494,
    "test_log_posterior": -8786.273441908237
  }
}