{
  "experiment_id": "s5_sigma0.1_nx100_T0.5_lam1.0_m3_seed202",
  "config": {
    "s": 5,
    "sensor_positions": [
      0.1,
      0.3,
      0.5,
      0.7,
      0.9
    ],
    "placement_type": "fixed",
    "sigma": 0.1,
    "n_x": 100,
    "T": 0.5,
    "lambda": 1.0,
    "c": 1.0,
    "m": 3,
    "n_t": 50,
    "seed": 202,
    "delta": 0.05,
    "alpha": 0.001,
    "M": 2000,
    "R": 100,
    "n": 250,
    "Delta_x": 0.01,
    "Delta_t": 0.01020408163265306,
    "mcmc_n_steps": 10000,
    "mcmc_n_burn": 2000,
    "is_baseline": false
  },
  "status": "success",
  "dataset": {
    "kappa_star": [
      1.2847216299636934,
      1.4241900884838463,
      3.920764034845088
    ],
    "n_observations": 250
  },
  "mcmc": {
    "acceptance_rate": 0.49375,
    "ess_min": 472.31143696779503,
    "ess_mean": 575.8418101707226,
    "ess_per_coord": [
      602.7267473289073,
      472.31143696779503,
      652.4872462154656
    ],
    "n_chunks": 2,
    "total_steps": 10000,
    "converged": true,
    "efficiency": 0.047231143696779505,
    "n_forward_evals": 10000
  },
  "certificate": {
    "L_hat": 280.5368787380174,
    "KL": 0.0,
    "eta_h": 5e-05,
    "delta_term": 0.011982929094215963,
    "B_lambda": 280.54891166711155,
    "components": {
      "empirical_term": 280.5368787380174,
      "kl_term": 0.0,
      "discretization_term": 5e-05,
      "confidence_term": 0.011982929094215963
    },
    "valid": true
  },
  "posterior_summary": {
    "mean": [
      1.3955103481233322,
      2.924495140526891,
      3.263104213207947
    ],
    "std": [
      0.028380192757355996,
      0.0344121373018583,
      0.04497516226234336
    ]
  },
  "performance": {
    "runtime": 40.09758734703064,
    "test_log_posterior": -1797.102030602319
  }
}