{
  "experiment_id": "s3_sigma0.05_nx50_T0.3_lam1.0_m5_seed303",
  "config": {
    "s": 3,
    "sensor_positions": [
      0.2,
      0.5,
      0.8
    ],
    "placement_type": "shifted",
    "sigma": 0.05,
    "n_x": 50,
    "T": 0.3,
    "lambda": 1.0,
    "c": 1.0,
    "m": 5,
    "n_t": 100,
    "seed": 303,
    "delta": 0.05,
    "alpha": 0.001,
    "M": 2000,
    "R": 100,
    "n": 300,
    "Delta_x": 0.02,
    "Delta_t": 0.0030303030303030303,
    "mcmc_n_steps": 10000,
    "mcmc_n_burn": 2000,
    "is_baseline": false
  },
  "status": "success",
  "dataset": {
    "kappa_star": [
      3.12551948199565,
      1.4836227496566199,
      2.427779995862962,
      3.3381215081208255,
      2.6741059937440994
    ],
    "n_observations": 300
  },
  "mcmc": {
    "acceptance_rate": 0.48895,
    "ess_min": 409.84331044767407,
    "ess_mean": 593.099172475339,
    "ess_per_coord": [
      914.2892287950626,
      593.6834496455994,
      588.6466889512301,
      409.84331044767407,
      459.03318453712836
    ],
    "n_chunks": 4,
    "total_steps": 20000,
    "converged": true,
    "efficiency": 0.020492165522383702,
    "n_forward_evals": 20000
  },
  "certificate": {
    "L_hat": 9977.119763466995,
    "KL": 0.0,
    "eta_h": 0.0002,
    "delta_term": 0.00998577424517997,
    "B_lambda": 9977.12994924124,
    "components": {
      "empirical_term": 9977.119763466995,
      "kl_term": 0.0,
      "discretization_term": 0.0002,
      "confidence_term": 0.00998577424517997
    },
    "valid": true
  },
  "posterior_summary": {
    "mean": [
      1.560684818527149,
      3.7688516807736563,
      4.438565697416953,
      3.9557415761619428,
      2.44952755853536
    ],
    "std": [
      0.01780425364304201,
      0.022759544248417918,
      0.01598351690901448,
      0.02423738903226964,
      0.022774701324456526
    ]
  },
  "performance": {
    "runtime": 134.4199070930481,
    "test_log_posterior": -63325.163105158965
  }
}