{
  "experiment_id": "s5_sigma0.05_nx100_T0.5_lam1.0_m3_seed303",
  "config": {
    "s": 5,
    "sensor_positions": [
      0.1,
      0.3,
      0.5,
      0.7,
      0.9
    ],
    "placement_type": "fixed",
    "sigma": 0.05,
    "n_x": 100,
    "T": 0.5,
    "lambda": 1.0,
    "c": 1.0,
    "m": 3,
    "n_t": 100,
    "seed": 303,
    "delta": 0.05,
    "alpha": 0.001,
    "M": 2000,
    "R": 100,
    "n": 500,
    "Delta_x": 0.01,
    "Delta_t": 0.005050505050505051,
    "mcmc_n_steps": 10000,
    "mcmc_n_burn": 2000,
    "is_baseline": false
  },
  "status": "success",
  "dataset": {
    "kappa_star": [
      3.12551948199565,
      1.4836227496566199,
      2.427779995862962
    ],
    "n_observations": 500
  },
  "mcmc": {
    "acceptance_rate": 0.52425,
    "ess_min": 630.0009867949701,
    "ess_mean": 659.1050737769192,
    "ess_per_coord": [
      630.0009867949701,
      649.3916500863601,
      697.9225844494273
    ],
    "n_chunks": 2,
    "total_steps": 10000,
    "converged": true,
    "efficiency": 0.06300009867949702,
    "n_forward_evals": 10000
  },
  "certificate": {
    "L_hat": 2670.169123419924,
    "KL": 0.0,
    "eta_h": 5e-05,
    "delta_term": 0.0059914645471079815,
    "B_lambda": 2670.175164884471,
    "components": {
      "empirical_term": 2670.169123419924,
      "kl_term": 0.0,
      "discretization_term": 5e-05,
      "confidence_term": 0.0059914645471079815
    },
    "valid": true
  },
  "posterior_summary": {
    "mean": [
      2.736065697180394,
      3.112177495616482,
      2.249853614298102
    ],
    "std": [
      0.013975805527578801,
      0.011322191509925106,
      0.013401336889714148
    ]
  },
  "performance": {
    "runtime": 48.03809714317322,
    "test_log_posterior": -15738.716083667872
  }
}