{
  "experiment_id": "s3_sigma0.2_nx100_T0.5_lam0.5_m3_seed202",
  "config": {
    "s": 3,
    "sensor_positions": [
      0.2,
      0.5,
      0.8
    ],
    "placement_type": "shifted",
    "sigma": 0.2,
    "n_x": 100,
    "T": 0.5,
    "lambda": 0.5,
    "c": 1.0,
    "m": 3,
    "n_t": 50,
    "seed": 202,
    "delta": 0.05,
    "alpha": 0.001,
    "M": 2000,
    "R": 100,
    "n": 150,
    "Delta_x": 0.01,
    "Delta_t": 0.01020408163265306,
    "mcmc_n_steps": 10000,
    "mcmc_n_burn": 2000,
    "is_baseline": false
  },
  "status": "success",
  "dataset": {
    "kappa_star": [
      1.2847216299636934,
      1.4241900884838463,
      3.920764034845088
    ],
    "n_observations": 150
  },
  "mcmc": {
    "acceptance_rate": 0.53075,
    "ess_min": 611.227437943635,
    "ess_mean": 739.2261344122913,
    "ess_per_coord": [
      637.0635756518515,
      611.227437943635,
      969.3873896413879
    ],
    "n_chunks": 2,
    "total_steps": 10000,
    "converged": true,
    "efficiency": 0.0611227437943635,
    "n_forward_evals": 10000
  },
  "certificate": {
    "L_hat": 112.53042614043227,
    "KL": 0.0,
    "eta_h": 5e-05,
    "delta_term": 0.03994309698071988,
    "B_lambda": 112.57041923741299,
    "components": {
      "empirical_term": 112.53042614043227,
      "kl_term": 0.0,
      "discretization_term": 5e-05,
      "confidence_term": 0.03994309698071988
    },
    "valid": true
  },
  "posterior_summary": {
    "mean": [
      1.8208569104814136,
      2.9504462990916744,
      4.244624518624409
    ],
    "std": [
      0.12873418000960282,
      0.10458571902809108,
      0.18829812249754593
    ]
  },
  "performance": {
    "runtime": 27.22968101501465,
    "test_log_posterior": -261.46804006835066
  }
}