{
  "experiment_id": "s3_sigma0.2_nx50_T0.3_lam2.0_m5_seed101",
  "config": {
    "s": 3,
    "sensor_positions": [
      0.2,
      0.5,
      0.8
    ],
    "placement_type": "shifted",
    "sigma": 0.2,
    "n_x": 50,
    "T": 0.3,
    "lambda": 2.0,
    "c": 1.0,
    "m": 5,
    "n_t": 100,
    "seed": 101,
    "delta": 0.05,
    "alpha": 0.001,
    "M": 2000,
    "R": 100,
    "n": 300,
    "Delta_x": 0.02,
    "Delta_t": 0.0030303030303030303,
    "mcmc_n_steps": 10000,
    "mcmc_n_burn": 2000,
    "is_baseline": false
  },
  "status": "success",
  "dataset": {
    "kappa_star": [
      2.3073951969585615,
      2.4973365540384895,
      0.5996597926733394,
      1.1003257967878608,
      2.898469435940594
    ],
    "n_observations": 300
  },
  "mcmc": {
    "acceptance_rate": 0.5166499999999999,
    "ess_min": 166.60574190998972,
    "ess_mean": 209.17846298137675,
    "ess_per_coord": [
      257.6276868525495,
      245.35108546593108,
      201.0298136286064,
      166.60574190998972,
      175.27798704980694
    ],
    "n_chunks": 8,
    "total_steps": 40000,
    "converged": false,
    "efficiency": 0.004165143547749743,
    "n_forward_evals": 40000
  },
  "certificate": {
    "L_hat": 162.30801100765117,
    "KL": 0.0,
    "eta_h": 0.0002,
    "delta_term": 0.004992887122589985,
    "B_lambda": 162.31320389477378,
    "components": {
      "empirical_term": 162.30801100765117,
      "kl_term": 0.0,
      "discretization_term": 0.0002,
      "confidence_term": 0.004992887122589985
    },
    "valid": true
  },
  "posterior_summary": {
    "mean": [
      2.114500645718929,
      2.357372080866071,
      2.429949355828619,
      2.4278933862153296,
      1.3018247843587778
    ],
    "std": [
      0.13191691367279015,
      0.13166562650593822,
      0.05655984039202375,
      0.12193435119695573,
      0.09820802045095721
    ]
  },
  "performance": {
    "runtime": 275.1421740055084,
    "test_log_posterior": -5988.514121171341
  }
}