{
  "experiment_id": "s5_sigma0.1_nx50_T0.3_lam2.0_m5_seed101",
  "config": {
    "s": 5,
    "sensor_positions": [
      0.1,
      0.3,
      0.5,
      0.7,
      0.9
    ],
    "placement_type": "fixed",
    "sigma": 0.1,
    "n_x": 50,
    "T": 0.3,
    "lambda": 2.0,
    "c": 1.0,
    "m": 5,
    "n_t": 50,
    "seed": 101,
    "delta": 0.05,
    "alpha": 0.001,
    "M": 2000,
    "R": 100,
    "n": 250,
    "Delta_x": 0.02,
    "Delta_t": 0.006122448979591836,
    "mcmc_n_steps": 10000,
    "mcmc_n_burn": 2000,
    "is_baseline": false
  },
  "status": "success",
  "dataset": {
    "kappa_star": [
      2.3073951969585615,
      2.4973365540384895,
      0.5996597926733394,
      1.1003257967878608,
      2.898469435940594
    ],
    "n_observations": 250
  },
  "mcmc": {
    "acceptance_rate": 0.50685,
    "ess_min": 409.8727997534875,
    "ess_mean": 529.5240699786913,
    "ess_per_coord": [
      612.6326987277332,
      596.7183903332606,
      574.5986380438973,
      409.8727997534875,
      453.7978230350782
    ],
    "n_chunks": 4,
    "total_steps": 20000,
    "converged": true,
    "efficiency": 0.020493639987674377,
    "n_forward_evals": 20000
  },
  "certificate": {
    "L_hat": 263.7660819960619,
    "KL": 0.0,
    "eta_h": 0.0002,
    "delta_term": 0.0059914645471079815,
    "B_lambda": 263.77227346060903,
    "components": {
      "empirical_term": 263.7660819960619,
      "kl_term": 0.0,
      "discretization_term": 0.0002,
      "confidence_term": 0.0059914645471079815
    },
    "valid": true
  },
  "posterior_summary": {
    "mean": [
      3.2979730092955033,
      2.964406417107511,
      2.3019700234260494,
      2.1281122538920267,
      3.0020578821631716
    ],
    "std": [
      0.05600937315866701,
      0.03330968831374584,
      0.023765022395941963,
      0.02625153345930568,
      0.05885879255505611
    ]
  },
  "performance": {
    "runtime": 117.14428687095642,
    "test_log_posterior": -19097.03419796093
  }
}