{
  "experiment_id": "s3_sigma0.2_nx50_T0.5_lam0.5_m5_seed101",
  "config": {
    "s": 3,
    "sensor_positions": [
      0.2,
      0.5,
      0.8
    ],
    "placement_type": "shifted",
    "sigma": 0.2,
    "n_x": 50,
    "T": 0.5,
    "lambda": 0.5,
    "c": 1.0,
    "m": 5,
    "n_t": 100,
    "seed": 101,
    "delta": 0.05,
    "alpha": 0.001,
    "M": 2000,
    "R": 100,
    "n": 300,
    "Delta_x": 0.02,
    "Delta_t": 0.005050505050505051,
    "mcmc_n_steps": 10000,
    "mcmc_n_burn": 2000,
    "is_baseline": false
  },
  "status": "success",
  "dataset": {
    "kappa_star": [
      2.3073951969585615,
      2.4973365540384895,
      0.5996597926733394,
      1.1003257967878608,
      2.898469435940594
    ],
    "n_observations": 300
  },
  "mcmc": {
    "acceptance_rate": 0.5105666666666667,
    "ess_min": 450.5557751432532,
    "ess_mean": 524.3768150968178,
    "ess_per_coord": [
      593.4072119353333,
      532.2000940583191,
      583.0638094289328,
      462.657184918251,
      450.5557751432532
    ],
    "n_chunks": 8,
    "total_steps": 40000,
    "converged": true,
    "efficiency": 0.01126389437858133,
    "n_forward_evals": 40000
  },
  "certificate": {
    "L_hat": 200.2856718046571,
    "KL": 0.0,
    "eta_h": 0.0002,
    "delta_term": 0.01997154849035994,
    "B_lambda": 200.30584335314748,
    "components": {
      "empirical_term": 200.2856718046571,
      "kl_term": 0.0,
      "discretization_term": 0.0002,
      "confidence_term": 0.01997154849035994
    },
    "valid": true
  },
  "posterior_summary": {
    "mean": [
      2.162614061323569,
      2.3244376083989984,
      2.4409012120881663,
      2.5040065173351977,
      1.2465529118089536
    ],
    "std": [
      0.22869797581632334,
      0.22732352450916082,
      0.10328763102205514,
      0.18581830825961707,
      0.14094816383968178
    ]
  },
  "performance": {
    "runtime": 274.12399101257324,
    "test_log_posterior": -1121.1744317743671
  }
}