{
  "experiment_id": "s3_sigma0.1_nx100_T0.3_lam2.0_m3_seed303",
  "config": {
    "s": 3,
    "sensor_positions": [
      0.2,
      0.5,
      0.8
    ],
    "placement_type": "shifted",
    "sigma": 0.1,
    "n_x": 100,
    "T": 0.3,
    "lambda": 2.0,
    "c": 1.0,
    "m": 3,
    "n_t": 100,
    "seed": 303,
    "delta": 0.05,
    "alpha": 0.001,
    "M": 2000,
    "R": 100,
    "n": 300,
    "Delta_x": 0.01,
    "Delta_t": 0.0030303030303030303,
    "mcmc_n_steps": 10000,
    "mcmc_n_burn": 2000,
    "is_baseline": false
  },
  "status": "success",
  "dataset": {
    "kappa_star": [
      3.12551948199565,
      1.4836227496566199,
      2.427779995862962
    ],
    "n_observations": 300
  },
  "mcmc": {
    "acceptance_rate": 0.48505,
    "ess_min": 637.6372350667551,
    "ess_mean": 741.3737667349757,
    "ess_per_coord": [
      637.6372350667551,
      657.0948921168012,
      929.3891730213707
    ],
    "n_chunks": 2,
    "total_steps": 10000,
    "converged": true,
    "efficiency": 0.06376372350667552,
    "n_forward_evals": 10000
  },
  "certificate": {
    "L_hat": 461.37669712145265,
    "KL": 0.0,
    "eta_h": 5e-05,
    "delta_term": 0.004992887122589985,
    "B_lambda": 461.3817400085752,
    "components": {
      "empirical_term": 461.37669712145265,
      "kl_term": 0.0,
      "discretization_term": 5e-05,
      "confidence_term": 0.004992887122589985
    },
    "valid": true
  },
  "posterior_summary": {
    "mean": [
      3.5726646259772754,
      3.1536202038496146,
      2.8904061187215375
    ],
    "std": [
      0.025395458048960234,
      0.015238876676653402,
      0.023781185657678984
    ]
  },
  "performance": {
    "runtime": 47.36484909057617,
    "test_log_posterior": -11704.326039109028
  }
}