{
  "experiment_id": "s5_sigma0.05_nx100_T0.3_lam2.0_m3_seed202",
  "config": {
    "s": 5,
    "sensor_positions": [
      0.2,
      0.35,
      0.5,
      0.65,
      0.8
    ],
    "placement_type": "shifted",
    "sigma": 0.05,
    "n_x": 100,
    "T": 0.3,
    "lambda": 2.0,
    "c": 1.0,
    "m": 3,
    "n_t": 100,
    "seed": 202,
    "delta": 0.05,
    "alpha": 0.001,
    "M": 2000,
    "R": 100,
    "n": 500,
    "Delta_x": 0.01,
    "Delta_t": 0.0030303030303030303,
    "mcmc_n_steps": 10000,
    "mcmc_n_burn": 2000,
    "is_baseline": false
  },
  "status": "success",
  "dataset": {
    "kappa_star": [
      1.2847216299636934,
      1.4241900884838463,
      3.920764034845088
    ],
    "n_observations": 500
  },
  "mcmc": {
    "acceptance_rate": 0.47150000000000003,
    "ess_min": 457.95503872806995,
    "ess_mean": 585.3850307849559,
    "ess_per_coord": [
      608.8017148353335,
      457.95503872806995,
      689.3983387914643
    ],
    "n_chunks": 2,
    "total_steps": 10000,
    "converged": true,
    "efficiency": 0.045795503872806995,
    "n_forward_evals": 10000
  },
  "certificate": {
    "L_hat": 5089.231068781002,
    "KL": 0.0,
    "eta_h": 5e-05,
    "delta_term": 0.0029957322735539907,
    "B_lambda": 5089.234114513275,
    "components": {
      "empirical_term": 5089.231068781002,
      "kl_term": 0.0,
      "discretization_term": 5e-05,
      "confidence_term": 0.0029957322735539907
    },
    "valid": true
  },
  "posterior_summary": {
    "mean": [
      1.3827569186695905,
      2.381827136915278,
      4.302501852668921
    ],
    "std": [
      0.007449853494511333,
      0.004502765022889484,
      0.01274314404441852
    ]
  },
  "performance": {
    "runtime": 78.55594229698181,
    "test_log_posterior": -51184.053641568134
  }
}