{
  "experiment_id": "s5_sigma0.05_nx100_T0.5_lam2.0_m5_seed202",
  "config": {
    "s": 5,
    "sensor_positions": [
      0.2,
      0.35,
      0.5,
      0.65,
      0.8
    ],
    "placement_type": "shifted",
    "sigma": 0.05,
    "n_x": 100,
    "T": 0.5,
    "lambda": 2.0,
    "c": 1.0,
    "m": 5,
    "n_t": 50,
    "seed": 202,
    "delta": 0.05,
    "alpha": 0.001,
    "M": 2000,
    "R": 100,
    "n": 250,
    "Delta_x": 0.01,
    "Delta_t": 0.01020408163265306,
    "mcmc_n_steps": 10000,
    "mcmc_n_burn": 2000,
    "is_baseline": false
  },
  "status": "success",
  "dataset": {
    "kappa_star": [
      1.2847216299636934,
      1.4241900884838463,
      3.920764034845088,
      3.9752807832159958,
      3.9824723567684557
    ],
    "n_observations": 250
  },
  "mcmc": {
    "acceptance_rate": 0.07238333333333334,
    "ess_min": 24.68279666640143,
    "ess_mean": 671.9113605206887,
    "ess_per_coord": [
      915.9897944305376,
      575.8188866219057,
      24.68279666640143,
      34.575047875997235,
      1808.490277008602
    ],
    "n_chunks": 8,
    "total_steps": 40000,
    "converged": false,
    "efficiency": 0.0006170699166600358,
    "n_forward_evals": 40000
  },
  "certificate": {
    "L_hat": 19828.7559038906,
    "KL": 0.0,
    "eta_h": 5e-05,
    "delta_term": 0.0059914645471079815,
    "B_lambda": 19828.761945355145,
    "components": {
      "empirical_term": 19828.7559038906,
      "kl_term": 0.0,
      "discretization_term": 5e-05,
      "confidence_term": 0.0059914645471079815
    },
    "valid": true
  },
  "posterior_summary": {
    "mean": [
      1.1394017464933774,
      3.6094458244976546,
      4.999271239089036,
      4.999451045023297,
      4.08815870310072
    ],
    "std": [
      0.013913776416305881,
      0.013149271186764525,
      0.00037670776004992295,
      0.00018057524372997578,
      0.018342390163141074
    ]
  },
  "performance": {
    "runtime": 239.0844428539276,
    "test_log_posterior": -101523.81883935124
  }
}