{
  "experiment_id": "s5_sigma0.1_nx100_T0.5_lam0.5_m5_seed303",
  "config": {
    "s": 5,
    "sensor_positions": [
      0.1,
      0.3,
      0.5,
      0.7,
      0.9
    ],
    "placement_type": "fixed",
    "sigma": 0.1,
    "n_x": 100,
    "T": 0.5,
    "lambda": 0.5,
    "c": 1.0,
    "m": 5,
    "n_t": 50,
    "seed": 303,
    "delta": 0.05,
    "alpha": 0.001,
    "M": 2000,
    "R": 100,
    "n": 250,
    "Delta_x": 0.01,
    "Delta_t": 0.01020408163265306,
    "mcmc_n_steps": 10000,
    "mcmc_n_burn": 2000,
    "is_baseline": false
  },
  "status": "success",
  "dataset": {
    "kappa_star": [
      3.12551948199565,
      1.4836227496566199,
      2.427779995862962,
      3.3381215081208255,
      2.6741059937440994
    ],
    "n_observations": 250
  },
  "mcmc": {
    "acceptance_rate": 0.5895111111111112,
    "ess_min": 499.40666452818357,
    "ess_mean": 621.6912786276205,
    "ess_per_coord": [
      807.0676663705435,
      499.40666452818357,
      674.1757970690394,
      535.9696529870722,
      591.8366121832631
    ],
    "n_chunks": 3,
    "total_steps": 15000,
    "converged": true,
    "efficiency": 0.03329377763521224,
    "n_forward_evals": 15000
  },
  "certificate": {
    "L_hat": 3313.1345578478195,
    "KL": 0.0,
    "eta_h": 5e-05,
    "delta_term": 0.023965858188431926,
    "B_lambda": 3313.158573706008,
    "components": {
      "empirical_term": 3313.1345578478195,
      "kl_term": 0.0,
      "discretization_term": 5e-05,
      "confidence_term": 0.023965858188431926
    },
    "valid": true
  },
  "posterior_summary": {
    "mean": [
      3.3666297390269375,
      3.572647326889738,
      4.022631224195348,
      4.267495336244436,
      4.038103821752723
    ],
    "std": [
      0.11068441420298405,
      0.06586921741320964,
      0.05333087335957131,
      0.06577653678508014,
      0.12837179373897867
    ]
  },
  "performance": {
    "runtime": 142.9613790512085,
    "test_log_posterior": -5510.800900950688
  }
}