{
  "experiment_id": "s5_sigma0.2_nx100_T0.5_lam2.0_m5_seed202",
  "config": {
    "s": 5,
    "sensor_positions": [
      0.2,
      0.35,
      0.5,
      0.65,
      0.8
    ],
    "placement_type": "shifted",
    "sigma": 0.2,
    "n_x": 100,
    "T": 0.5,
    "lambda": 2.0,
    "c": 1.0,
    "m": 5,
    "n_t": 100,
    "seed": 202,
    "delta": 0.05,
    "alpha": 0.001,
    "M": 2000,
    "R": 100,
    "n": 500,
    "Delta_x": 0.01,
    "Delta_t": 0.005050505050505051,
    "mcmc_n_steps": 10000,
    "mcmc_n_burn": 2000,
    "is_baseline": false
  },
  "status": "success",
  "dataset": {
    "kappa_star": [
      1.2847216299636934,
      1.4241900884838463,
      3.920764034845088,
      3.9752807832159958,
      3.9824723567684557
    ],
    "n_observations": 500
  },
  "mcmc": {
    "acceptance_rate": 0.3676,
    "ess_min": 517.0296636395303,
    "ess_mean": 654.6735242389657,
    "ess_per_coord": [
      541.1414787210653,
      633.9113282664015,
      590.1043955184377,
      517.0296636395303,
      991.180755049394
    ],
    "n_chunks": 2,
    "total_steps": 10000,
    "converged": true,
    "efficiency": 0.05170296636395303,
    "n_forward_evals": 10000
  },
  "certificate": {
    "L_hat": 2666.2970505099047,
    "KL": 0.0,
    "eta_h": 5e-05,
    "delta_term": 0.0029957322735539907,
    "B_lambda": 2666.3000962421784,
    "components": {
      "empirical_term": 2666.2970505099047,
      "kl_term": 0.0,
      "discretization_term": 5e-05,
      "confidence_term": 0.0029957322735539907
    },
    "valid": true
  },
  "posterior_summary": {
    "mean": [
      1.13541067169868,
      3.6136637557838145,
      4.996039391512294,
      4.996893094742585,
      4.162879699202892
    ],
    "std": [
      0.035360608486486596,
      0.0336413698922795,
      0.0037466480090248408,
      0.0028084805705095098,
      0.061306492285536134
    ]
  },
  "performance": {
    "runtime": 184.56878113746643,
    "test_log_posterior": -12871.225007192232
  }
}