{
  "experiment_id": "s3_sigma0.2_nx100_T0.5_lam2.0_m5_seed303",
  "config": {
    "s": 3,
    "sensor_positions": [
      0.25,
      0.5,
      0.75
    ],
    "placement_type": "fixed",
    "sigma": 0.2,
    "n_x": 100,
    "T": 0.5,
    "lambda": 2.0,
    "c": 1.0,
    "m": 5,
    "n_t": 100,
    "seed": 303,
    "delta": 0.05,
    "alpha": 0.001,
    "M": 2000,
    "R": 100,
    "n": 300,
    "Delta_x": 0.01,
    "Delta_t": 0.005050505050505051,
    "mcmc_n_steps": 10000,
    "mcmc_n_burn": 2000,
    "is_baseline": false
  },
  "status": "success",
  "dataset": {
    "kappa_star": [
      3.12551948199565,
      1.4836227496566199,
      2.427779995862962,
      3.3381215081208255,
      2.6741059937440994
    ],
    "n_observations": 300
  },
  "mcmc": {
    "acceptance_rate": 0.5563777777777777,
    "ess_min": 408.68964307102203,
    "ess_mean": 580.4659576849988,
    "ess_per_coord": [
      674.0572639996705,
      691.2017054591105,
      619.2297060282614,
      408.68964307102203,
      509.1514698669294
    ],
    "n_chunks": 3,
    "total_steps": 15000,
    "converged": true,
    "efficiency": 0.027245976204734804,
    "n_forward_evals": 15000
  },
  "certificate": {
    "L_hat": 1332.7349531180319,
    "KL": 0.0,
    "eta_h": 5e-05,
    "delta_term": 0.004992887122589985,
    "B_lambda": 1332.7399960051546,
    "components": {
      "empirical_term": 1332.7349531180319,
      "kl_term": 0.0,
      "discretization_term": 5e-05,
      "confidence_term": 0.004992887122589985
    },
    "valid": true
  },
  "posterior_summary": {
    "mean": [
      2.9378555555378303,
      3.5323919430253756,
      4.0826129418027985,
      4.004646113028095,
      3.877509932920247
    ],
    "std": [
      0.10126128336986012,
      0.060862902294970496,
      0.041962800020037536,
      0.06153574396354079,
      0.10684188256642985
    ]
  },
  "performance": {
    "runtime": 169.11481404304504,
    "test_log_posterior": -8190.34035073262
  }
}