{
  "experiment_id": "s5_sigma0.1_nx50_T0.5_lam0.5_m5_seed101",
  "config": {
    "s": 5,
    "sensor_positions": [
      0.1,
      0.3,
      0.5,
      0.7,
      0.9
    ],
    "placement_type": "fixed",
    "sigma": 0.1,
    "n_x": 50,
    "T": 0.5,
    "lambda": 0.5,
    "c": 1.0,
    "m": 5,
    "n_t": 100,
    "seed": 101,
    "delta": 0.05,
    "alpha": 0.001,
    "M": 2000,
    "R": 100,
    "n": 500,
    "Delta_x": 0.02,
    "Delta_t": 0.005050505050505051,
    "mcmc_n_steps": 10000,
    "mcmc_n_burn": 2000,
    "is_baseline": false
  },
  "status": "success",
  "dataset": {
    "kappa_star": [
      2.3073951969585615,
      2.4973365540384895,
      0.5996597926733394,
      1.1003257967878608,
      2.898469435940594
    ],
    "n_observations": 500
  },
  "mcmc": {
    "acceptance_rate": 0.4942222222222222,
    "ess_min": 429.3655713872048,
    "ess_mean": 548.677182287048,
    "ess_per_coord": [
      711.4684889398019,
      618.2272371661571,
      550.184531878815,
      434.14008206326105,
      429.3655713872048
    ],
    "n_chunks": 3,
    "total_steps": 15000,
    "converged": true,
    "efficiency": 0.028624371425813654,
    "n_forward_evals": 15000
  },
  "certificate": {
    "L_hat": 981.997834369748,
    "KL": 0.0,
    "eta_h": 0.0002,
    "delta_term": 0.011982929094215963,
    "B_lambda": 982.0100172988422,
    "components": {
      "empirical_term": 981.997834369748,
      "kl_term": 0.0,
      "discretization_term": 0.0002,
      "confidence_term": 0.011982929094215963
    },
    "valid": true
  },
  "posterior_summary": {
    "mean": [
      3.229932952248256,
      2.8615125192943363,
      2.3190659415216444,
      2.206045857187479,
      2.8864456678399346
    ],
    "std": [
      0.08806655580321326,
      0.047458316075523116,
      0.03776947680437085,
      0.046261289030404724,
      0.09290549797346298
    ]
  },
  "performance": {
    "runtime": 280.6484286785126,
    "test_log_posterior": -6911.019570945791
  }
}