{
  "experiment_id": "s5_sigma0.05_nx100_T0.3_lam1.0_m5_seed101",
  "config": {
    "s": 5,
    "sensor_positions": [
      0.2,
      0.35,
      0.5,
      0.65,
      0.8
    ],
    "placement_type": "shifted",
    "sigma": 0.05,
    "n_x": 100,
    "T": 0.3,
    "lambda": 1.0,
    "c": 1.0,
    "m": 5,
    "n_t": 50,
    "seed": 101,
    "delta": 0.05,
    "alpha": 0.001,
    "M": 2000,
    "R": 100,
    "n": 250,
    "Delta_x": 0.01,
    "Delta_t": 0.006122448979591836,
    "mcmc_n_steps": 10000,
    "mcmc_n_burn": 2000,
    "is_baseline": false
  },
  "status": "success",
  "dataset": {
    "kappa_star": [
      2.3073951969585615,
      2.4973365540384895,
      0.5996597926733394,
      1.1003257967878608,
      2.898469435940594
    ],
    "n_observations": 250
  },
  "mcmc": {
    "acceptance_rate": 0.4170444444444444,
    "ess_min": 563.4282318767782,
    "ess_mean": 692.7372088679888,
    "ess_per_coord": [
      1017.0455826157187,
      671.1613637902077,
      574.1183538136152,
      563.4282318767782,
      637.9325122436244
    ],
    "n_chunks": 6,
    "total_steps": 30000,
    "converged": true,
    "efficiency": 0.018780941062559273,
    "n_forward_evals": 30000
  },
  "certificate": {
    "L_hat": 690.1761017336117,
    "KL": 0.0,
    "eta_h": 5e-05,
    "delta_term": 0.011982929094215963,
    "B_lambda": 690.1881346627059,
    "components": {
      "empirical_term": 690.1761017336117,
      "kl_term": 0.0,
      "discretization_term": 5e-05,
      "confidence_term": 0.011982929094215963
    },
    "valid": true
  },
  "posterior_summary": {
    "mean": [
      1.6261548778384523,
      2.988320544632768,
      2.346447428145534,
      2.236086570878577,
      1.4783609049275512
    ],
    "std": [
      0.02757609110942672,
      0.02500236674118903,
      0.021677040224766263,
      0.028032039605704766,
      0.031935516984495704
    ]
  },
  "performance": {
    "runtime": 290.32710313796997,
    "test_log_posterior": -43405.22454561842
  }
}