{
  "experiment_id": "s5_sigma0.1_nx50_T0.3_lam1.0_m3_seed303",
  "config": {
    "s": 5,
    "sensor_positions": [
      0.1,
      0.3,
      0.5,
      0.7,
      0.9
    ],
    "placement_type": "fixed",
    "sigma": 0.1,
    "n_x": 50,
    "T": 0.3,
    "lambda": 1.0,
    "c": 1.0,
    "m": 3,
    "n_t": 50,
    "seed": 303,
    "delta": 0.05,
    "alpha": 0.001,
    "M": 2000,
    "R": 100,
    "n": 250,
    "Delta_x": 0.02,
    "Delta_t": 0.006122448979591836,
    "mcmc_n_steps": 10000,
    "mcmc_n_burn": 2000,
    "is_baseline": false
  },
  "status": "success",
  "dataset": {
    "kappa_star": [
      3.12551948199565,
      1.4836227496566199,
      2.427779995862962
    ],
    "n_observations": 250
  },
  "mcmc": {
    "acceptance_rate": 0.5146999999999999,
    "ess_min": 528.1839948990817,
    "ess_mean": 632.6439926147331,
    "ess_per_coord": [
      692.7796602582969,
      528.1839948990817,
      676.9683226868206
    ],
    "n_chunks": 2,
    "total_steps": 10000,
    "converged": true,
    "efficiency": 0.052818399489908165,
    "n_forward_evals": 10000
  },
  "certificate": {
    "L_hat": 262.95248415415875,
    "KL": 0.0,
    "eta_h": 0.0002,
    "delta_term": 0.011982929094215963,
    "B_lambda": 262.96466708325295,
    "components": {
      "empirical_term": 262.95248415415875,
      "kl_term": 0.0,
      "discretization_term": 0.0002,
      "confidence_term": 0.011982929094215963
    },
    "valid": true
  },
  "posterior_summary": {
    "mean": [
      2.7152831300186433,
      3.2069171391859546,
      2.210851492258079
    ],
    "std": [
      0.03265702742124581,
      0.030187230502094015,
      0.028829021547860562
    ]
  },
  "performance": {
    "runtime": 24.823495149612427,
    "test_log_posterior": -2813.312703084265
  }
}