{
  "experiment_id": "s3_sigma0.05_nx100_T0.5_lam0.5_m5_seed101",
  "config": {
    "s": 3,
    "sensor_positions": [
      0.25,
      0.5,
      0.75
    ],
    "placement_type": "fixed",
    "sigma": 0.05,
    "n_x": 100,
    "T": 0.5,
    "lambda": 0.5,
    "c": 1.0,
    "m": 5,
    "n_t": 100,
    "seed": 101,
    "delta": 0.05,
    "alpha": 0.001,
    "M": 2000,
    "R": 100,
    "n": 300,
    "Delta_x": 0.01,
    "Delta_t": 0.005050505050505051,
    "mcmc_n_steps": 10000,
    "mcmc_n_burn": 2000,
    "is_baseline": false
  },
  "status": "success",
  "dataset": {
    "kappa_star": [
      2.3073951969585615,
      2.4973365540384895,
      0.5996597926733394,
      1.1003257967878608,
      2.898469435940594
    ],
    "n_observations": 300
  },
  "mcmc": {
    "acceptance_rate": 0.5048777777777778,
    "ess_min": 471.7185141890393,
    "ess_mean": 664.1759559330092,
    "ess_per_coord": [
      866.0381423053601,
      810.3986754157434,
      685.5748738344524,
      471.7185141890393,
      487.1495739204508
    ],
    "n_chunks": 6,
    "total_steps": 30000,
    "converged": true,
    "efficiency": 0.015723950472967978,
    "n_forward_evals": 30000
  },
  "certificate": {
    "L_hat": 1958.2996824353881,
    "KL": 0.0,
    "eta_h": 5e-05,
    "delta_term": 0.01997154849035994,
    "B_lambda": 1958.3197039838785,
    "components": {
      "empirical_term": 1958.2996824353881,
      "kl_term": 0.0,
      "discretization_term": 5e-05,
      "confidence_term": 0.01997154849035994
    },
    "valid": true
  },
  "posterior_summary": {
    "mean": [
      3.0174304823315428,
      2.737087925523887,
      2.3340436745682736,
      2.2818443929946146,
      2.3714583892126795
    ],
    "std": [
      0.05967147482853819,
      0.03140401243111979,
      0.02021300929616015,
      0.037662675284403,
      0.06497070168446502
    ]
  },
  "performance": {
    "runtime": 217.22021198272705,
    "test_log_posterior": -21052.02024152439
  }
}