{
  "experiment_id": "s3_sigma0.1_nx50_T0.5_lam1.0_m3_seed202",
  "config": {
    "s": 3,
    "sensor_positions": [
      0.25,
      0.5,
      0.75
    ],
    "placement_type": "fixed",
    "sigma": 0.1,
    "n_x": 50,
    "T": 0.5,
    "lambda": 1.0,
    "c": 1.0,
    "m": 3,
    "n_t": 100,
    "seed": 202,
    "delta": 0.05,
    "alpha": 0.001,
    "M": 2000,
    "R": 100,
    "n": 300,
    "Delta_x": 0.02,
    "Delta_t": 0.005050505050505051,
    "mcmc_n_steps": 10000,
    "mcmc_n_burn": 2000,
    "is_baseline": false
  },
  "status": "success",
  "dataset": {
    "kappa_star": [
      1.2847216299636934,
      1.4241900884838463,
      3.920764034845088
    ],
    "n_observations": 300
  },
  "mcmc": {
    "acceptance_rate": 0.5402,
    "ess_min": 461.25846457282853,
    "ess_mean": 579.7868473546679,
    "ess_per_coord": [
      559.9396218466558,
      461.25846457282853,
      718.1624556445196
    ],
    "n_chunks": 2,
    "total_steps": 10000,
    "converged": true,
    "efficiency": 0.046125846457282856,
    "n_forward_evals": 10000
  },
  "certificate": {
    "L_hat": 462.39239759826756,
    "KL": 0.0,
    "eta_h": 0.0002,
    "delta_term": 0.00998577424517997,
    "B_lambda": 462.40258337251277,
    "components": {
      "empirical_term": 462.39239759826756,
      "kl_term": 0.0,
      "discretization_term": 0.0002,
      "confidence_term": 0.00998577424517997
    },
    "valid": true
  },
  "posterior_summary": {
    "mean": [
      1.6498790550249165,
      2.9253331856661724,
      3.834232668220513
    ],
    "std": [
      0.027750049925292626,
      0.025945475319152266,
      0.03603602395623187
    ]
  },
  "performance": {
    "runtime": 29.45929718017578,
    "test_log_posterior": -3536.50313481459
  }
}