{
  "experiment_id": "s5_sigma0.05_nx50_T0.5_lam0.5_m5_seed202",
  "config": {
    "s": 5,
    "sensor_positions": [
      0.1,
      0.3,
      0.5,
      0.7,
      0.9
    ],
    "placement_type": "fixed",
    "sigma": 0.05,
    "n_x": 50,
    "T": 0.5,
    "lambda": 0.5,
    "c": 1.0,
    "m": 5,
    "n_t": 50,
    "seed": 202,
    "delta": 0.05,
    "alpha": 0.001,
    "M": 2000,
    "R": 100,
    "n": 250,
    "Delta_x": 0.02,
    "Delta_t": 0.01020408163265306,
    "mcmc_n_steps": 10000,
    "mcmc_n_burn": 2000,
    "is_baseline": false
  },
  "status": "success",
  "dataset": {
    "kappa_star": [
      1.2847216299636934,
      1.4241900884838463,
      3.920764034845088,
      3.9752807832159958,
      3.9824723567684557
    ],
    "n_observations": 250
  },
  "mcmc": {
    "acceptance_rate": 0.10995833333333332,
    "ess_min": 98.23927799274468,
    "ess_mean": 1066.3520166464152,
    "ess_per_coord": [
      2357.4795472169185,
      1785.073314455271,
      536.6481309349273,
      554.3198126322138,
      98.23927799274468
    ],
    "n_chunks": 8,
    "total_steps": 40000,
    "converged": false,
    "efficiency": 0.002455981949818617,
    "n_forward_evals": 40000
  },
  "certificate": {
    "L_hat": 17705.024321820074,
    "KL": 0.0,
    "eta_h": 0.0002,
    "delta_term": 0.023965858188431926,
    "B_lambda": 17705.04848767826,
    "components": {
      "empirical_term": 17705.024321820074,
      "kl_term": 0.0,
      "discretization_term": 0.0002,
      "confidence_term": 0.023965858188431926
    },
    "valid": true
  },
  "posterior_summary": {
    "mean": [
      2.2264783061948803,
      3.67661194751978,
      4.997255001004158,
      4.99874943214019,
      4.99763354496808
    ],
    "std": [
      0.045074928416916536,
      0.028077370051877232,
      0.0024733869746370383,
      0.0012033385621330044,
      0.0015123986566474214
    ]
  },
  "performance": {
    "runtime": 265.63117122650146,
    "test_log_posterior": -23277.23117579345
  }
}