{
  "experiment_id": "s5_sigma0.05_nx100_T0.3_lam0.5_m5_seed101",
  "config": {
    "s": 5,
    "sensor_positions": [
      0.1,
      0.3,
      0.5,
      0.7,
      0.9
    ],
    "placement_type": "fixed",
    "sigma": 0.05,
    "n_x": 100,
    "T": 0.3,
    "lambda": 0.5,
    "c": 1.0,
    "m": 5,
    "n_t": 50,
    "seed": 101,
    "delta": 0.05,
    "alpha": 0.001,
    "M": 2000,
    "R": 100,
    "n": 250,
    "Delta_x": 0.01,
    "Delta_t": 0.006122448979591836,
    "mcmc_n_steps": 10000,
    "mcmc_n_burn": 2000,
    "is_baseline": false
  },
  "status": "success",
  "dataset": {
    "kappa_star": [
      2.3073951969585615,
      2.4973365540384895,
      0.5996597926733394,
      1.1003257967878608,
      2.898469435940594
    ],
    "n_observations": 250
  },
  "mcmc": {
    "acceptance_rate": 0.41746666666666665,
    "ess_min": 408.2035617242482,
    "ess_mean": 596.3249413746146,
    "ess_per_coord": [
      907.1189404449791,
      576.3413274829418,
      408.2035617242482,
      485.7363849536205,
      604.2244922672834
    ],
    "n_chunks": 4,
    "total_steps": 20000,
    "converged": true,
    "efficiency": 0.02041017808621241,
    "n_forward_evals": 20000
  },
  "certificate": {
    "L_hat": 755.140153581794,
    "KL": 0.0,
    "eta_h": 5e-05,
    "delta_term": 0.023965858188431926,
    "B_lambda": 755.1641694399824,
    "components": {
      "empirical_term": 755.140153581794,
      "kl_term": 0.0,
      "discretization_term": 5e-05,
      "confidence_term": 0.023965858188431926
    },
    "valid": true
  },
  "posterior_summary": {
    "mean": [
      3.2707190664895402,
      2.940238340680953,
      2.295296505573745,
      2.141562145870673,
      3.006128977739147
    ],
    "std": [
      0.06063435578771794,
      0.03601721109036134,
      0.02801988031050182,
      0.03390474860454851,
      0.06382458147150884
    ]
  },
  "performance": {
    "runtime": 124.4888219833374,
    "test_log_posterior": -18813.069899544418
  }
}