{
  "experiment_id": "s3_sigma0.2_nx100_T0.3_lam1.0_m3_seed303",
  "config": {
    "s": 3,
    "sensor_positions": [
      0.2,
      0.5,
      0.8
    ],
    "placement_type": "shifted",
    "sigma": 0.2,
    "n_x": 100,
    "T": 0.3,
    "lambda": 1.0,
    "c": 1.0,
    "m": 3,
    "n_t": 50,
    "seed": 303,
    "delta": 0.05,
    "alpha": 0.001,
    "M": 2000,
    "R": 100,
    "n": 150,
    "Delta_x": 0.01,
    "Delta_t": 0.006122448979591836,
    "mcmc_n_steps": 10000,
    "mcmc_n_burn": 2000,
    "is_baseline": false
  },
  "status": "success",
  "dataset": {
    "kappa_star": [
      3.12551948199565,
      1.4836227496566199,
      2.427779995862962
    ],
    "n_observations": 150
  },
  "mcmc": {
    "acceptance_rate": 0.51685,
    "ess_min": 620.92951907022,
    "ess_mean": 747.3061187985477,
    "ess_per_coord": [
      620.92951907022,
      700.8445084929896,
      920.1443288324334
    ],
    "n_chunks": 2,
    "total_steps": 10000,
    "converged": true,
    "efficiency": 0.06209295190702199,
    "n_forward_evals": 10000
  },
  "certificate": {
    "L_hat": 97.69001770030212,
    "KL": 0.0,
    "eta_h": 5e-05,
    "delta_term": 0.01997154849035994,
    "B_lambda": 97.71003924879248,
    "components": {
      "empirical_term": 97.69001770030212,
      "kl_term": 0.0,
      "discretization_term": 5e-05,
      "confidence_term": 0.01997154849035994
    },
    "valid": true
  },
  "posterior_summary": {
    "mean": [
      3.5828567381684517,
      3.171257455782603,
      2.866229083069311
    ],
    "std": [
      0.10326279626011513,
      0.05736997655324244,
      0.08872264174391449
    ]
  },
  "performance": {
    "runtime": 15.615202188491821,
    "test_log_posterior": -780.1472700128298
  }
}