{
  "experiment_id": "s5_sigma0.1_nx100_T0.5_lam2.0_m3_seed202",
  "config": {
    "s": 5,
    "sensor_positions": [
      0.1,
      0.3,
      0.5,
      0.7,
      0.9
    ],
    "placement_type": "fixed",
    "sigma": 0.1,
    "n_x": 100,
    "T": 0.5,
    "lambda": 2.0,
    "c": 1.0,
    "m": 3,
    "n_t": 50,
    "seed": 202,
    "delta": 0.05,
    "alpha": 0.001,
    "M": 2000,
    "R": 100,
    "n": 250,
    "Delta_x": 0.01,
    "Delta_t": 0.01020408163265306,
    "mcmc_n_steps": 10000,
    "mcmc_n_burn": 2000,
    "is_baseline": false
  },
  "status": "success",
  "dataset": {
    "kappa_star": [
      1.2847216299636934,
      1.4241900884838463,
      3.920764034845088
    ],
    "n_observations": 250
  },
  "mcmc": {
    "acceptance_rate": 0.4638,
    "ess_min": 479.0090755489457,
    "ess_mean": 661.3804960432595,
    "ess_per_coord": [
      721.9528232748688,
      479.0090755489457,
      783.1795893059644
    ],
    "n_chunks": 2,
    "total_steps": 10000,
    "converged": true,
    "efficiency": 0.04790090755489457,
    "n_forward_evals": 10000
  },
  "certificate": {
    "L_hat": 279.71115954160456,
    "KL": 0.0,
    "eta_h": 5e-05,
    "delta_term": 0.0059914645471079815,
    "B_lambda": 279.71720100615164,
    "components": {
      "empirical_term": 279.71115954160456,
      "kl_term": 0.0,
      "discretization_term": 5e-05,
      "confidence_term": 0.0059914645471079815
    },
    "valid": true
  },
  "posterior_summary": {
    "mean": [
      1.3910873183527463,
      2.928817332764299,
      3.2510507560705366
    ],
    "std": [
      0.01926396005247047,
      0.02128025545472109,
      0.028664017306619594
    ]
  },
  "performance": {
    "runtime": 40.36004090309143,
    "test_log_posterior": -3589.4363555892883
  }
}