{
  "experiment_id": "s5_sigma0.2_nx100_T0.5_lam2.0_m5_seed303",
  "config": {
    "s": 5,
    "sensor_positions": [
      0.2,
      0.35,
      0.5,
      0.65,
      0.8
    ],
    "placement_type": "shifted",
    "sigma": 0.2,
    "n_x": 100,
    "T": 0.5,
    "lambda": 2.0,
    "c": 1.0,
    "m": 5,
    "n_t": 50,
    "seed": 303,
    "delta": 0.05,
    "alpha": 0.001,
    "M": 2000,
    "R": 100,
    "n": 250,
    "Delta_x": 0.01,
    "Delta_t": 0.01020408163265306,
    "mcmc_n_steps": 10000,
    "mcmc_n_burn": 2000,
    "is_baseline": false
  },
  "status": "success",
  "dataset": {
    "kappa_star": [
      3.12551948199565,
      1.4836227496566199,
      2.427779995862962,
      3.3381215081208255,
      2.6741059937440994
    ],
    "n_observations": 250
  },
  "mcmc": {
    "acceptance_rate": 0.5256222222222222,
    "ess_min": 508.40459703690425,
    "ess_mean": 601.1025768671223,
    "ess_per_coord": [
      709.66348149475,
      612.0175950940597,
      552.253396741555,
      508.40459703690425,
      623.173813968342
    ],
    "n_chunks": 3,
    "total_steps": 15000,
    "converged": true,
    "efficiency": 0.03389363980246028,
    "n_forward_evals": 15000
  },
  "certificate": {
    "L_hat": 992.5618438322574,
    "KL": 0.0,
    "eta_h": 5e-05,
    "delta_term": 0.0059914645471079815,
    "B_lambda": 992.5678852968045,
    "components": {
      "empirical_term": 992.5618438322574,
      "kl_term": 0.0,
      "discretization_term": 5e-05,
      "confidence_term": 0.0059914645471079815
    },
    "valid": true
  },
  "posterior_summary": {
    "mean": [
      2.000297431494603,
      3.4650100785559474,
      4.214227133184335,
      4.078725507324027,
      2.600639310250747
    ],
    "std": [
      0.06727157020787919,
      0.05194283296602742,
      0.048067544031210066,
      0.06101735996625957,
      0.08256205592485091
    ]
  },
  "performance": {
    "runtime": 139.40612196922302,
    "test_log_posterior": -6267.255852248844
  }
}