{
  "experiment_id": "s3_sigma0.1_nx100_T0.5_lam1.0_m3_seed202",
  "config": {
    "s": 3,
    "sensor_positions": [
      0.2,
      0.5,
      0.8
    ],
    "placement_type": "shifted",
    "sigma": 0.1,
    "n_x": 100,
    "T": 0.5,
    "lambda": 1.0,
    "c": 1.0,
    "m": 3,
    "n_t": 100,
    "seed": 202,
    "delta": 0.05,
    "alpha": 0.001,
    "M": 2000,
    "R": 100,
    "n": 300,
    "Delta_x": 0.01,
    "Delta_t": 0.005050505050505051,
    "mcmc_n_steps": 10000,
    "mcmc_n_burn": 2000,
    "is_baseline": false
  },
  "status": "success",
  "dataset": {
    "kappa_star": [
      1.2847216299636934,
      1.4241900884838463,
      3.920764034845088
    ],
    "n_observations": 300
  },
  "mcmc": {
    "acceptance_rate": 0.46695,
    "ess_min": 701.410367279969,
    "ess_mean": 808.2120473760289,
    "ess_per_coord": [
      714.2430198468081,
      701.410367279969,
      1008.9827550013096
    ],
    "n_chunks": 2,
    "total_steps": 10000,
    "converged": true,
    "efficiency": 0.0701410367279969,
    "n_forward_evals": 10000
  },
  "certificate": {
    "L_hat": 477.18974085682515,
    "KL": 0.0,
    "eta_h": 5e-05,
    "delta_term": 0.00998577424517997,
    "B_lambda": 477.19977663107034,
    "components": {
      "empirical_term": 477.18974085682515,
      "kl_term": 0.0,
      "discretization_term": 5e-05,
      "confidence_term": 0.00998577424517997
    },
    "valid": true
  },
  "posterior_summary": {
    "mean": [
      1.779911066103402,
      2.907665974355603,
      4.158124978123761
    ],
    "std": [
      0.029956950842980595,
      0.023912890375332646,
      0.04868423333158642
    ]
  },
  "performance": {
    "runtime": 47.135470151901245,
    "test_log_posterior": -3458.61377793959
  }
}