{
  "experiment_id": "s3_sigma0.2_nx50_T0.3_lam0.5_m5_seed101",
  "config": {
    "s": 3,
    "sensor_positions": [
      0.25,
      0.5,
      0.75
    ],
    "placement_type": "fixed",
    "sigma": 0.2,
    "n_x": 50,
    "T": 0.3,
    "lambda": 0.5,
    "c": 1.0,
    "m": 5,
    "n_t": 100,
    "seed": 101,
    "delta": 0.05,
    "alpha": 0.001,
    "M": 2000,
    "R": 100,
    "n": 300,
    "Delta_x": 0.02,
    "Delta_t": 0.0030303030303030303,
    "mcmc_n_steps": 10000,
    "mcmc_n_burn": 2000,
    "is_baseline": false
  },
  "status": "success",
  "dataset": {
    "kappa_star": [
      2.3073951969585615,
      2.4973365540384895,
      0.5996597926733394,
      1.1003257967878608,
      2.898469435940594
    ],
    "n_observations": 300
  },
  "mcmc": {
    "acceptance_rate": 0.4449583333333333,
    "ess_min": 232.2782788552626,
    "ess_mean": 478.3487086486863,
    "ess_per_coord": [
      759.1851967243542,
      703.3305961243174,
      464.6065876737603,
      232.34288386573687,
      232.2782788552626
    ],
    "n_chunks": 8,
    "total_steps": 40000,
    "converged": false,
    "efficiency": 0.005806956971381566,
    "n_forward_evals": 40000
  },
  "certificate": {
    "L_hat": 193.4068534795393,
    "KL": 0.0,
    "eta_h": 0.0002,
    "delta_term": 0.01997154849035994,
    "B_lambda": 193.42702502802968,
    "components": {
      "empirical_term": 193.4068534795393,
      "kl_term": 0.0,
      "discretization_term": 0.0002,
      "confidence_term": 0.01997154849035994
    },
    "valid": true
  },
  "posterior_summary": {
    "mean": [
      3.0812191389342707,
      2.8120205190479948,
      2.282786200721423,
      2.331825278242614,
      2.2936000461687307
    ],
    "std": [
      0.30321948788547837,
      0.15485621011241082,
      0.08749141482167953,
      0.18923160031494318,
      0.3234499818836726
    ]
  },
  "performance": {
    "runtime": 458.4505331516266,
    "test_log_posterior": -1879.2611028012132
  }
}