{
  "experiment_id": "s5_sigma0.2_nx50_T0.3_lam1.0_m5_seed101",
  "config": {
    "s": 5,
    "sensor_positions": [
      0.2,
      0.35,
      0.5,
      0.65,
      0.8
    ],
    "placement_type": "shifted",
    "sigma": 0.2,
    "n_x": 50,
    "T": 0.3,
    "lambda": 1.0,
    "c": 1.0,
    "m": 5,
    "n_t": 100,
    "seed": 101,
    "delta": 0.05,
    "alpha": 0.001,
    "M": 2000,
    "R": 100,
    "n": 500,
    "Delta_x": 0.02,
    "Delta_t": 0.0030303030303030303,
    "mcmc_n_steps": 10000,
    "mcmc_n_burn": 2000,
    "is_baseline": false
  },
  "status": "success",
  "dataset": {
    "kappa_star": [
      2.3073951969585615,
      2.4973365540384895,
      0.5996597926733394,
      1.1003257967878608,
      2.898469435940594
    ],
    "n_observations": 500
  },
  "mcmc": {
    "acceptance_rate": 0.5032333333333333,
    "ess_min": 444.2425016646283,
    "ess_mean": 605.9152912586317,
    "ess_per_coord": [
      957.9113807892741,
      640.3126511775756,
      484.4371708283687,
      444.2425016646283,
      502.6727518333118
    ],
    "n_chunks": 6,
    "total_steps": 30000,
    "converged": true,
    "efficiency": 0.014808083388820944,
    "n_forward_evals": 30000
  },
  "certificate": {
    "L_hat": 324.27057018708615,
    "KL": 0.0,
    "eta_h": 0.0002,
    "delta_term": 0.0059914645471079815,
    "B_lambda": 324.27676165163325,
    "components": {
      "empirical_term": 324.27057018708615,
      "kl_term": 0.0,
      "discretization_term": 0.0002,
      "confidence_term": 0.0059914645471079815
    },
    "valid": true
  },
  "posterior_summary": {
    "mean": [
      1.6633334163553237,
      2.991857783230212,
      2.324491011516238,
      2.2428215705622425,
      1.4761342389948535
    ],
    "std": [
      0.07587731872816784,
      0.06390703126580424,
      0.05359338956569193,
      0.07016099543581962,
      0.0885866350579135
    ]
  },
  "performance": {
    "runtime": 335.3698489665985,
    "test_log_posterior": -5574.759625500578
  }
}