{
  "experiment_id": "s5_sigma0.05_nx50_T0.5_lam2.0_m5_seed303",
  "config": {
    "s": 5,
    "sensor_positions": [
      0.1,
      0.3,
      0.5,
      0.7,
      0.9
    ],
    "placement_type": "fixed",
    "sigma": 0.05,
    "n_x": 50,
    "T": 0.5,
    "lambda": 2.0,
    "c": 1.0,
    "m": 5,
    "n_t": 50,
    "seed": 303,
    "delta": 0.05,
    "alpha": 0.001,
    "M": 2000,
    "R": 100,
    "n": 250,
    "Delta_x": 0.02,
    "Delta_t": 0.01020408163265306,
    "mcmc_n_steps": 10000,
    "mcmc_n_burn": 2000,
    "is_baseline": false
  },
  "status": "success",
  "dataset": {
    "kappa_star": [
      3.12551948199565,
      1.4836227496566199,
      2.427779995862962,
      3.3381215081208255,
      2.6741059937440994
    ],
    "n_observations": 250
  },
  "mcmc": {
    "acceptance_rate": 0.6020444444444445,
    "ess_min": 490.0485408839609,
    "ess_mean": 581.9799720340454,
    "ess_per_coord": [
      644.3424461406773,
      654.3712239918353,
      619.6932677007086,
      501.44438145304554,
      490.0485408839609
    ],
    "n_chunks": 3,
    "total_steps": 15000,
    "converged": true,
    "efficiency": 0.032669902725597395,
    "n_forward_evals": 15000
  },
  "certificate": {
    "L_hat": 13181.791555446678,
    "KL": 0.0,
    "eta_h": 0.0002,
    "delta_term": 0.0059914645471079815,
    "B_lambda": 13181.797746911225,
    "components": {
      "empirical_term": 13181.791555446678,
      "kl_term": 0.0,
      "discretization_term": 0.0002,
      "confidence_term": 0.0059914645471079815
    },
    "valid": true
  },
  "posterior_summary": {
    "mean": [
      3.3701482422050897,
      3.5559489624953784,
      4.021942813800699,
      4.2352897535604015,
      4.0937172835411175
    ],
    "std": [
      0.03019187351457261,
      0.01617502292313606,
      0.012927103727301168,
      0.01675636821786626,
      0.028561134227329258
    ]
  },
  "performance": {
    "runtime": 94.3515157699585,
    "test_log_posterior": -87675.25699872711
  }
}