{
  "experiment_id": "s5_sigma0.2_nx50_T0.3_lam1.0_m3_seed101",
  "config": {
    "s": 5,
    "sensor_positions": [
      0.1,
      0.3,
      0.5,
      0.7,
      0.9
    ],
    "placement_type": "fixed",
    "sigma": 0.2,
    "n_x": 50,
    "T": 0.3,
    "lambda": 1.0,
    "c": 1.0,
    "m": 3,
    "n_t": 50,
    "seed": 101,
    "delta": 0.05,
    "alpha": 0.001,
    "M": 2000,
    "R": 100,
    "n": 250,
    "Delta_x": 0.02,
    "Delta_t": 0.006122448979591836,
    "mcmc_n_steps": 10000,
    "mcmc_n_burn": 2000,
    "is_baseline": false
  },
  "status": "success",
  "dataset": {
    "kappa_star": [
      2.3073951969585615,
      2.4973365540384895,
      0.5996597926733394
    ],
    "n_observations": 250
  },
  "mcmc": {
    "acceptance_rate": 0.5075000000000001,
    "ess_min": 561.4360319687023,
    "ess_mean": 632.7726698029087,
    "ess_per_coord": [
      561.4360319687023,
      625.8767948966153,
      711.0051825434084
    ],
    "n_chunks": 2,
    "total_steps": 10000,
    "converged": true,
    "efficiency": 0.05614360319687023,
    "n_forward_evals": 10000
  },
  "certificate": {
    "L_hat": 167.72708879109524,
    "KL": 0.0,
    "eta_h": 0.0002,
    "delta_term": 0.011982929094215963,
    "B_lambda": 167.73927172018946,
    "components": {
      "empirical_term": 167.72708879109524,
      "kl_term": 0.0,
      "discretization_term": 0.0002,
      "confidence_term": 0.011982929094215963
    },
    "valid": true
  },
  "posterior_summary": {
    "mean": [
      2.6017411324437676,
      3.4827741749756522,
      1.050681917780477
    ],
    "std": [
      0.07625311117548379,
      0.06113452089452988,
      0.04487763979117166
    ]
  },
  "performance": {
    "runtime": 40.14955496788025,
    "test_log_posterior": -525.2048407443607
  }
}