{
  "experiment_id": "s5_sigma0.1_nx50_T0.5_lam0.5_m5_seed202",
  "config": {
    "s": 5,
    "sensor_positions": [
      0.2,
      0.35,
      0.5,
      0.65,
      0.8
    ],
    "placement_type": "shifted",
    "sigma": 0.1,
    "n_x": 50,
    "T": 0.5,
    "lambda": 0.5,
    "c": 1.0,
    "m": 5,
    "n_t": 100,
    "seed": 202,
    "delta": 0.05,
    "alpha": 0.001,
    "M": 2000,
    "R": 100,
    "n": 500,
    "Delta_x": 0.02,
    "Delta_t": 0.005050505050505051,
    "mcmc_n_steps": 10000,
    "mcmc_n_burn": 2000,
    "is_baseline": false
  },
  "status": "success",
  "dataset": {
    "kappa_star": [
      1.2847216299636934,
      1.4241900884838463,
      3.920764034845088,
      3.9752807832159958,
      3.9824723567684557
    ],
    "n_observations": 500
  },
  "mcmc": {
    "acceptance_rate": 0.21964444444444445,
    "ess_min": 447.36825263932997,
    "ess_mean": 816.361391155602,
    "ess_per_coord": [
      992.1481883383548,
      725.7106563619442,
      598.79707814424,
      447.36825263932997,
      1317.7827802941408
    ],
    "n_chunks": 3,
    "total_steps": 15000,
    "converged": true,
    "efficiency": 0.029824550175955332,
    "n_forward_evals": 15000
  },
  "certificate": {
    "L_hat": 10097.702824185188,
    "KL": 0.0,
    "eta_h": 0.0002,
    "delta_term": 0.011982929094215963,
    "B_lambda": 10097.715007114282,
    "components": {
      "empirical_term": 10097.702824185188,
      "kl_term": 0.0,
      "discretization_term": 0.0002,
      "confidence_term": 0.011982929094215963
    },
    "valid": true
  },
  "posterior_summary": {
    "mean": [
      1.1375021382630817,
      3.607660757966918,
      4.996399026257545,
      4.996782885094972,
      4.143327429096902
    ],
    "std": [
      0.03387703090144875,
      0.029727513146567703,
      0.0036041463760385158,
      0.003134502989425488,
      0.058627714329275535
    ]
  },
  "performance": {
    "runtime": 272.52868580818176,
    "test_log_posterior": -12599.888680349244
  }
}