{
  "experiment_id": "s5_sigma0.1_nx100_T0.3_lam2.0_m5_seed303",
  "config": {
    "s": 5,
    "sensor_positions": [
      0.1,
      0.3,
      0.5,
      0.7,
      0.9
    ],
    "placement_type": "fixed",
    "sigma": 0.1,
    "n_x": 100,
    "T": 0.3,
    "lambda": 2.0,
    "c": 1.0,
    "m": 5,
    "n_t": 50,
    "seed": 303,
    "delta": 0.05,
    "alpha": 0.001,
    "M": 2000,
    "R": 100,
    "n": 250,
    "Delta_x": 0.01,
    "Delta_t": 0.006122448979591836,
    "mcmc_n_steps": 10000,
    "mcmc_n_burn": 2000,
    "is_baseline": false
  },
  "status": "success",
  "dataset": {
    "kappa_star": [
      3.12551948199565,
      1.4836227496566199,
      2.427779995862962,
      3.3381215081208255,
      2.6741059937440994
    ],
    "n_observations": 250
  },
  "mcmc": {
    "acceptance_rate": 0.5496888888888889,
    "ess_min": 477.71068046134206,
    "ess_mean": 574.6617731350108,
    "ess_per_coord": [
      477.71068046134206,
      580.0546342540991,
      600.4681945921011,
      522.7303592886324,
      692.3449970788794
    ],
    "n_chunks": 3,
    "total_steps": 15000,
    "converged": true,
    "efficiency": 0.0318473786974228,
    "n_forward_evals": 15000
  },
  "certificate": {
    "L_hat": 2305.286469307757,
    "KL": 0.0,
    "eta_h": 5e-05,
    "delta_term": 0.0059914645471079815,
    "B_lambda": 2305.2925107723045,
    "components": {
      "empirical_term": 2305.286469307757,
      "kl_term": 0.0,
      "discretization_term": 5e-05,
      "confidence_term": 0.0059914645471079815
    },
    "valid": true
  },
  "posterior_summary": {
    "mean": [
      3.414046656522524,
      3.6433916215339184,
      4.246569410105253,
      4.47513302714062,
      4.211748179850325
    ],
    "std": [
      0.0565497916448949,
      0.03152168102007817,
      0.026856557177823873,
      0.03157603336129725,
      0.055331824413747385
    ]
  },
  "performance": {
    "runtime": 142.19690489768982,
    "test_log_posterior": -31145.6894617924
  }
}