{
  "experiment_id": "s5_sigma0.1_nx50_T0.5_lam1.0_m5_seed303",
  "config": {
    "s": 5,
    "sensor_positions": [
      0.2,
      0.35,
      0.5,
      0.65,
      0.8
    ],
    "placement_type": "shifted",
    "sigma": 0.1,
    "n_x": 50,
    "T": 0.5,
    "lambda": 1.0,
    "c": 1.0,
    "m": 5,
    "n_t": 50,
    "seed": 303,
    "delta": 0.05,
    "alpha": 0.001,
    "M": 2000,
    "R": 100,
    "n": 250,
    "Delta_x": 0.02,
    "Delta_t": 0.01020408163265306,
    "mcmc_n_steps": 10000,
    "mcmc_n_burn": 2000,
    "is_baseline": false
  },
  "status": "success",
  "dataset": {
    "kappa_star": [
      3.12551948199565,
      1.4836227496566199,
      2.427779995862962,
      3.3381215081208255,
      2.6741059937440994
    ],
    "n_observations": 250
  },
  "mcmc": {
    "acceptance_rate": 0.4911666666666667,
    "ess_min": 451.1085386896704,
    "ess_mean": 778.392515410621,
    "ess_per_coord": [
      942.4900213662787,
      686.0553585907061,
      451.1085386896704,
      799.761307251586,
      1012.5473511548633
    ],
    "n_chunks": 4,
    "total_steps": 20000,
    "converged": true,
    "efficiency": 0.022555426934483522,
    "n_forward_evals": 20000
  },
  "certificate": {
    "L_hat": 3749.1282686991603,
    "KL": 0.0,
    "eta_h": 0.0002,
    "delta_term": 0.011982929094215963,
    "B_lambda": 3749.1404516282546,
    "components": {
      "empirical_term": 3749.1282686991603,
      "kl_term": 0.0,
      "discretization_term": 0.0002,
      "confidence_term": 0.011982929094215963
    },
    "valid": true
  },
  "posterior_summary": {
    "mean": [
      2.0248657689713663,
      3.463090130120802,
      4.172950165035779,
      4.0783717810268305,
      2.6529623395260393
    ],
    "std": [
      0.0487462175972026,
      0.035727025283416765,
      0.03419321984039633,
      0.04023574130979378,
      0.04803551887253454
    ]
  },
  "performance": {
    "runtime": 184.40235590934753,
    "test_log_posterior": -12237.437984725839
  }
}