{
  "experiment_id": "s3_sigma0.05_nx100_T0.3_lam1.0_m3_seed202",
  "config": {
    "s": 3,
    "sensor_positions": [
      0.2,
      0.5,
      0.8
    ],
    "placement_type": "shifted",
    "sigma": 0.05,
    "n_x": 100,
    "T": 0.3,
    "lambda": 1.0,
    "c": 1.0,
    "m": 3,
    "n_t": 100,
    "seed": 202,
    "delta": 0.05,
    "alpha": 0.001,
    "M": 2000,
    "R": 100,
    "n": 300,
    "Delta_x": 0.01,
    "Delta_t": 0.0030303030303030303,
    "mcmc_n_steps": 10000,
    "mcmc_n_burn": 2000,
    "is_baseline": false
  },
  "status": "success",
  "dataset": {
    "kappa_star": [
      1.2847216299636934,
      1.4241900884838463,
      3.920764034845088
    ],
    "n_observations": 300
  },
  "mcmc": {
    "acceptance_rate": 0.48505000000000004,
    "ess_min": 521.834306433876,
    "ess_mean": 747.4659236502662,
    "ess_per_coord": [
      667.9470283712429,
      521.834306433876,
      1052.6164361456795
    ],
    "n_chunks": 2,
    "total_steps": 10000,
    "converged": true,
    "efficiency": 0.0521834306433876,
    "n_forward_evals": 10000
  },
  "certificate": {
    "L_hat": 831.4886902545826,
    "KL": 0.0,
    "eta_h": 5e-05,
    "delta_term": 0.00998577424517997,
    "B_lambda": 831.4987260288277,
    "components": {
      "empirical_term": 831.4886902545826,
      "kl_term": 0.0,
      "discretization_term": 5e-05,
      "confidence_term": 0.00998577424517997
    },
    "valid": true
  },
  "posterior_summary": {
    "mean": [
      1.7262535582040233,
      2.935125842896334,
      4.29181565843979
    ],
    "std": [
      0.012266855311824112,
      0.010960412949665703,
      0.01981469833294609
    ]
  },
  "performance": {
    "runtime": 47.989331007003784,
    "test_log_posterior": -19240.664836457167
  }
}