{
  "experiment_id": "s5_sigma0.05_nx50_T0.5_lam2.0_m3_seed101",
  "config": {
    "s": 5,
    "sensor_positions": [
      0.2,
      0.35,
      0.5,
      0.65,
      0.8
    ],
    "placement_type": "shifted",
    "sigma": 0.05,
    "n_x": 50,
    "T": 0.5,
    "lambda": 2.0,
    "c": 1.0,
    "m": 3,
    "n_t": 100,
    "seed": 101,
    "delta": 0.05,
    "alpha": 0.001,
    "M": 2000,
    "R": 100,
    "n": 500,
    "Delta_x": 0.02,
    "Delta_t": 0.005050505050505051,
    "mcmc_n_steps": 10000,
    "mcmc_n_burn": 2000,
    "is_baseline": false
  },
  "status": "success",
  "dataset": {
    "kappa_star": [
      2.3073951969585615,
      2.4973365540384895,
      0.5996597926733394
    ],
    "n_observations": 500
  },
  "mcmc": {
    "acceptance_rate": 0.51095,
    "ess_min": 433.8924316256393,
    "ess_mean": 609.869132062945,
    "ess_per_coord": [
      741.4658373839833,
      433.8924316256393,
      654.2491271792126
    ],
    "n_chunks": 2,
    "total_steps": 10000,
    "converged": true,
    "efficiency": 0.04338924316256393,
    "n_forward_evals": 10000
  },
  "certificate": {
    "L_hat": 5605.602051287453,
    "KL": 0.0,
    "eta_h": 0.0002,
    "delta_term": 0.0029957322735539907,
    "B_lambda": 5605.605247019726,
    "components": {
      "empirical_term": 5605.602051287453,
      "kl_term": 0.0,
      "discretization_term": 0.0002,
      "confidence_term": 0.0029957322735539907
    },
    "valid": true
  },
  "posterior_summary": {
    "mean": [
      3.012042357624677,
      2.7553138950529608,
      1.0260393248169395
    ],
    "std": [
      0.01155289850599601,
      0.0059101784859584795,
      0.008998914151567242
    ]
  },
  "performance": {
    "runtime": 79.06365895271301,
    "test_log_posterior": -18211.665234503747
  }
}