{
  "experiment_id": "s5_sigma0.2_nx100_T0.3_lam0.5_m5_seed202",
  "config": {
    "s": 5,
    "sensor_positions": [
      0.2,
      0.35,
      0.5,
      0.65,
      0.8
    ],
    "placement_type": "shifted",
    "sigma": 0.2,
    "n_x": 100,
    "T": 0.3,
    "lambda": 0.5,
    "c": 1.0,
    "m": 5,
    "n_t": 50,
    "seed": 202,
    "delta": 0.05,
    "alpha": 0.001,
    "M": 2000,
    "R": 100,
    "n": 250,
    "Delta_x": 0.01,
    "Delta_t": 0.006122448979591836,
    "mcmc_n_steps": 10000,
    "mcmc_n_burn": 2000,
    "is_baseline": false
  },
  "status": "success",
  "dataset": {
    "kappa_star": [
      1.2847216299636934,
      1.4241900884838463,
      3.920764034845088,
      3.9752807832159958,
      3.9824723567684557
    ],
    "n_observations": 250
  },
  "mcmc": {
    "acceptance_rate": 0.43865,
    "ess_min": 531.4702206583573,
    "ess_mean": 1059.5168206548526,
    "ess_per_coord": [
      867.7503547715645,
      539.7258586122559,
      1124.272713125815,
      531.4702206583573,
      2234.3649561062693
    ],
    "n_chunks": 4,
    "total_steps": 20000,
    "converged": true,
    "efficiency": 0.026573511032917867,
    "n_forward_evals": 20000
  },
  "certificate": {
    "L_hat": 1314.357914463873,
    "KL": 0.0,
    "eta_h": 5e-05,
    "delta_term": 0.023965858188431926,
    "B_lambda": 1314.3819303220614,
    "components": {
      "empirical_term": 1314.357914463873,
      "kl_term": 0.0,
      "discretization_term": 5e-05,
      "confidence_term": 0.023965858188431926
    },
    "valid": true
  },
  "posterior_summary": {
    "mean": [
      0.6848924098435721,
      4.091817009199595,
      4.989231969650203,
      4.990252646675899,
      4.2760098836392215
    ],
    "std": [
      0.09452762483532415,
      0.09813414340800426,
      0.011609506024369826,
      0.008352960463292425,
      0.1446394524487352
    ]
  },
  "performance": {
    "runtime": 115.70519614219666,
    "test_log_posterior": -2376.4216042875873
  }
}