{
  "experiment_id": "s5_sigma0.2_nx50_T0.3_lam1.0_m3_seed303",
  "config": {
    "s": 5,
    "sensor_positions": [
      0.1,
      0.3,
      0.5,
      0.7,
      0.9
    ],
    "placement_type": "fixed",
    "sigma": 0.2,
    "n_x": 50,
    "T": 0.3,
    "lambda": 1.0,
    "c": 1.0,
    "m": 3,
    "n_t": 100,
    "seed": 303,
    "delta": 0.05,
    "alpha": 0.001,
    "M": 2000,
    "R": 100,
    "n": 500,
    "Delta_x": 0.02,
    "Delta_t": 0.0030303030303030303,
    "mcmc_n_steps": 10000,
    "mcmc_n_burn": 2000,
    "is_baseline": false
  },
  "status": "success",
  "dataset": {
    "kappa_star": [
      3.12551948199565,
      1.4836227496566199,
      2.427779995862962
    ],
    "n_observations": 500
  },
  "mcmc": {
    "acceptance_rate": 0.5044,
    "ess_min": 585.5391297896473,
    "ess_mean": 627.6568178669156,
    "ess_per_coord": [
      585.5391297896473,
      642.4020849007289,
      655.0292389103706
    ],
    "n_chunks": 2,
    "total_steps": 10000,
    "converged": true,
    "efficiency": 0.05855391297896473,
    "n_forward_evals": 10000
  },
  "certificate": {
    "L_hat": 345.7460509197697,
    "KL": 0.0,
    "eta_h": 0.0002,
    "delta_term": 0.0059914645471079815,
    "B_lambda": 345.7522423843168,
    "components": {
      "empirical_term": 345.7460509197697,
      "kl_term": 0.0,
      "discretization_term": 0.0002,
      "confidence_term": 0.0059914645471079815
    },
    "valid": true
  },
  "posterior_summary": {
    "mean": [
      2.6942415752632205,
      3.1855582220383405,
      2.230368397864587
    ],
    "std": [
      0.04212440767021602,
      0.03505928347912848,
      0.04342099871162318
    ]
  },
  "performance": {
    "runtime": 78.53789281845093,
    "test_log_posterior": -1610.7439368283285
  }
}