{
  "experiment_id": "s3_sigma0.2_nx100_T0.5_lam1.0_m5_seed101",
  "config": {
    "s": 3,
    "sensor_positions": [
      0.25,
      0.5,
      0.75
    ],
    "placement_type": "fixed",
    "sigma": 0.2,
    "n_x": 100,
    "T": 0.5,
    "lambda": 1.0,
    "c": 1.0,
    "m": 5,
    "n_t": 100,
    "seed": 101,
    "delta": 0.05,
    "alpha": 0.001,
    "M": 2000,
    "R": 100,
    "n": 300,
    "Delta_x": 0.01,
    "Delta_t": 0.005050505050505051,
    "mcmc_n_steps": 10000,
    "mcmc_n_burn": 2000,
    "is_baseline": false
  },
  "status": "success",
  "dataset": {
    "kappa_star": [
      2.3073951969585615,
      2.4973365540384895,
      0.5996597926733394,
      1.1003257967878608,
      2.898469435940594
    ],
    "n_observations": 300
  },
  "mcmc": {
    "acceptance_rate": 0.5066533333333333,
    "ess_min": 400.31747280444773,
    "ess_mean": 555.2208551672408,
    "ess_per_coord": [
      731.4998725719028,
      701.232232870253,
      525.1904012485912,
      400.31747280444773,
      417.86429634100875
    ],
    "n_chunks": 5,
    "total_steps": 25000,
    "converged": true,
    "efficiency": 0.01601269891217791,
    "n_forward_evals": 25000
  },
  "certificate": {
    "L_hat": 257.96350032562265,
    "KL": 0.0,
    "eta_h": 5e-05,
    "delta_term": 0.00998577424517997,
    "B_lambda": 257.97353609986783,
    "components": {
      "empirical_term": 257.96350032562265,
      "kl_term": 0.0,
      "discretization_term": 5e-05,
      "confidence_term": 0.00998577424517997
    },
    "valid": true
  },
  "posterior_summary": {
    "mean": [
      3.000939568912283,
      2.7612223705428063,
      2.358104744287542,
      2.274467044624068,
      2.357287139775709
    ],
    "std": [
      0.15284124200793087,
      0.08235071204216421,
      0.060619878709495645,
      0.11402339065687997,
      0.19415411666228222
    ]
  },
  "performance": {
    "runtime": 283.6294729709625,
    "test_log_posterior": -2795.7483047972414
  }
}