{
  "experiment_id": "s5_sigma0.1_nx100_T0.5_lam2.0_m5_seed101",
  "config": {
    "s": 5,
    "sensor_positions": [
      0.2,
      0.35,
      0.5,
      0.65,
      0.8
    ],
    "placement_type": "shifted",
    "sigma": 0.1,
    "n_x": 100,
    "T": 0.5,
    "lambda": 2.0,
    "c": 1.0,
    "m": 5,
    "n_t": 100,
    "seed": 101,
    "delta": 0.05,
    "alpha": 0.001,
    "M": 2000,
    "R": 100,
    "n": 500,
    "Delta_x": 0.01,
    "Delta_t": 0.005050505050505051,
    "mcmc_n_steps": 10000,
    "mcmc_n_burn": 2000,
    "is_baseline": false
  },
  "status": "success",
  "dataset": {
    "kappa_star": [
      2.3073951969585615,
      2.4973365540384895,
      0.5996597926733394,
      1.1003257967878608,
      2.898469435940594
    ],
    "n_observations": 500
  },
  "mcmc": {
    "acceptance_rate": 0.5563199999999999,
    "ess_min": 496.6831211856816,
    "ess_mean": 618.6432867410895,
    "ess_per_coord": [
      828.4700981091399,
      624.7674691675549,
      579.2256165224522,
      496.6831211856816,
      564.0701287206191
    ],
    "n_chunks": 5,
    "total_steps": 25000,
    "converged": true,
    "efficiency": 0.019867324847427266,
    "n_forward_evals": 25000
  },
  "certificate": {
    "L_hat": 881.2501340523304,
    "KL": 0.0,
    "eta_h": 5e-05,
    "delta_term": 0.0029957322735539907,
    "B_lambda": 881.253179784604,
    "components": {
      "empirical_term": 881.2501340523304,
      "kl_term": 0.0,
      "discretization_term": 5e-05,
      "confidence_term": 0.0029957322735539907
    },
    "valid": true
  },
  "posterior_summary": {
    "mean": [
      1.8388866930554288,
      2.807922256215182,
      2.4097799594348968,
      2.236874211594265,
      1.4753985940052123
    ],
    "std": [
      0.026085952959435978,
      0.023515436607514824,
      0.01796204369272369,
      0.021900810728034095,
      0.03138467349965764
    ]
  },
  "performance": {
    "runtime": 279.66287183761597,
    "test_log_posterior": -31666.01118117492
  }
}