{
  "experiment_id": "s5_sigma0.2_nx100_T0.5_lam1.0_m5_seed303",
  "config": {
    "s": 5,
    "sensor_positions": [
      0.2,
      0.35,
      0.5,
      0.65,
      0.8
    ],
    "placement_type": "shifted",
    "sigma": 0.2,
    "n_x": 100,
    "T": 0.5,
    "lambda": 1.0,
    "c": 1.0,
    "m": 5,
    "n_t": 100,
    "seed": 303,
    "delta": 0.05,
    "alpha": 0.001,
    "M": 2000,
    "R": 100,
    "n": 500,
    "Delta_x": 0.01,
    "Delta_t": 0.005050505050505051,
    "mcmc_n_steps": 10000,
    "mcmc_n_burn": 2000,
    "is_baseline": false
  },
  "status": "success",
  "dataset": {
    "kappa_star": [
      3.12551948199565,
      1.4836227496566199,
      2.427779995862962,
      3.3381215081208255,
      2.6741059937440994
    ],
    "n_observations": 500
  },
  "mcmc": {
    "acceptance_rate": 0.5499555555555555,
    "ess_min": 536.4771882608609,
    "ess_mean": 603.9118564857121,
    "ess_per_coord": [
      677.4268270182636,
      640.9888903228414,
      536.4771882608609,
      590.3488595298595,
      574.3175172967346
    ],
    "n_chunks": 3,
    "total_steps": 15000,
    "converged": true,
    "efficiency": 0.035765145884057395,
    "n_forward_evals": 15000
  },
  "certificate": {
    "L_hat": 2146.7506612893303,
    "KL": 0.0,
    "eta_h": 5e-05,
    "delta_term": 0.0059914645471079815,
    "B_lambda": 2146.7567027538776,
    "components": {
      "empirical_term": 2146.7506612893303,
      "kl_term": 0.0,
      "discretization_term": 5e-05,
      "confidence_term": 0.0059914645471079815
    },
    "valid": true
  },
  "posterior_summary": {
    "mean": [
      2.0254112036000893,
      3.4767013775251807,
      4.102997647067388,
      4.026717405464276,
      2.8260815442415823
    ],
    "std": [
      0.07156563997142745,
      0.06069581427255948,
      0.055442015131816784,
      0.06108415775779434,
      0.08464027542521374
    ]
  },
  "performance": {
    "runtime": 272.9690136909485,
    "test_log_posterior": -6221.28257343372
  }
}