{
  "experiment_id": "s3_sigma0.1_nx50_T0.5_lam0.5_m3_seed202",
  "config": {
    "s": 3,
    "sensor_positions": [
      0.2,
      0.5,
      0.8
    ],
    "placement_type": "shifted",
    "sigma": 0.1,
    "n_x": 50,
    "T": 0.5,
    "lambda": 0.5,
    "c": 1.0,
    "m": 3,
    "n_t": 100,
    "seed": 202,
    "delta": 0.05,
    "alpha": 0.001,
    "M": 2000,
    "R": 100,
    "n": 300,
    "Delta_x": 0.02,
    "Delta_t": 0.005050505050505051,
    "mcmc_n_steps": 10000,
    "mcmc_n_burn": 2000,
    "is_baseline": false
  },
  "status": "success",
  "dataset": {
    "kappa_star": [
      1.2847216299636934,
      1.4241900884838463,
      3.920764034845088
    ],
    "n_observations": 300
  },
  "mcmc": {
    "acceptance_rate": 0.54605,
    "ess_min": 662.7743207379009,
    "ess_mean": 687.1972687741821,
    "ess_per_coord": [
      711.6196458268888,
      662.7743207379009,
      687.1978397577566
    ],
    "n_chunks": 2,
    "total_steps": 10000,
    "converged": true,
    "efficiency": 0.0662774320737901,
    "n_forward_evals": 10000
  },
  "certificate": {
    "L_hat": 478.6936899876093,
    "KL": 0.0,
    "eta_h": 0.0002,
    "delta_term": 0.01997154849035994,
    "B_lambda": 478.7138615360996,
    "components": {
      "empirical_term": 478.6936899876093,
      "kl_term": 0.0,
      "discretization_term": 0.0002,
      "confidence_term": 0.01997154849035994
    },
    "valid": true
  },
  "posterior_summary": {
    "mean": [
      1.785857755187628,
      2.9052561179779492,
      4.152770859728492
    ],
    "std": [
      0.04713097134862116,
      0.034329646898078735,
      0.06522906304334926
    ]
  },
  "performance": {
    "runtime": 47.72456073760986,
    "test_log_posterior": -1731.6907417774698
  }
}