{
  "experiment_id": "s5_sigma0.1_nx50_T0.5_lam1.0_m5_seed202",
  "config": {
    "s": 5,
    "sensor_positions": [
      0.2,
      0.35,
      0.5,
      0.65,
      0.8
    ],
    "placement_type": "shifted",
    "sigma": 0.1,
    "n_x": 50,
    "T": 0.5,
    "lambda": 1.0,
    "c": 1.0,
    "m": 5,
    "n_t": 100,
    "seed": 202,
    "delta": 0.05,
    "alpha": 0.001,
    "M": 2000,
    "R": 100,
    "n": 500,
    "Delta_x": 0.02,
    "Delta_t": 0.005050505050505051,
    "mcmc_n_steps": 10000,
    "mcmc_n_burn": 2000,
    "is_baseline": false
  },
  "status": "success",
  "dataset": {
    "kappa_star": [
      1.2847216299636934,
      1.4241900884838463,
      3.920764034845088,
      3.9752807832159958,
      3.9824723567684557
    ],
    "n_observations": 500
  },
  "mcmc": {
    "acceptance_rate": 0.27525333333333335,
    "ess_min": 503.4701473152634,
    "ess_mean": 1283.7737855486366,
    "ess_per_coord": [
      1329.572337132529,
      1767.337787195142,
      560.5193264740567,
      503.4701473152634,
      2257.969329626192
    ],
    "n_chunks": 5,
    "total_steps": 25000,
    "converged": true,
    "efficiency": 0.020138805892610533,
    "n_forward_evals": 25000
  },
  "certificate": {
    "L_hat": 10095.201790161716,
    "KL": 0.0,
    "eta_h": 0.0002,
    "delta_term": 0.0059914645471079815,
    "B_lambda": 10095.207981626263,
    "components": {
      "empirical_term": 10095.201790161716,
      "kl_term": 0.0,
      "discretization_term": 0.0002,
      "confidence_term": 0.0059914645471079815
    },
    "valid": true
  },
  "posterior_summary": {
    "mean": [
      1.135653788324423,
      3.6075550603241244,
      4.997575089521983,
      4.998365682189994,
      4.142137306519876
    ],
    "std": [
      0.028280158086358993,
      0.0220454221583202,
      0.0023367207406577045,
      0.001567797819189916,
      0.041264203888300974
    ]
  },
  "performance": {
    "runtime": 448.38767528533936,
    "test_log_posterior": -25191.831184672905
  }
}