{
  "experiment_id": "s3_sigma0.05_nx100_T0.3_lam2.0_m5_seed101",
  "config": {
    "s": 3,
    "sensor_positions": [
      0.2,
      0.5,
      0.8
    ],
    "placement_type": "shifted",
    "sigma": 0.05,
    "n_x": 100,
    "T": 0.3,
    "lambda": 2.0,
    "c": 1.0,
    "m": 5,
    "n_t": 100,
    "seed": 101,
    "delta": 0.05,
    "alpha": 0.001,
    "M": 2000,
    "R": 100,
    "n": 300,
    "Delta_x": 0.01,
    "Delta_t": 0.0030303030303030303,
    "mcmc_n_steps": 10000,
    "mcmc_n_burn": 2000,
    "is_baseline": false
  },
  "status": "success",
  "dataset": {
    "kappa_star": [
      2.3073951969585615,
      2.4973365540384895,
      0.5996597926733394,
      1.1003257967878608,
      2.898469435940594
    ],
    "n_observations": 300
  },
  "mcmc": {
    "acceptance_rate": 0.31827500000000003,
    "ess_min": 158.23111448291127,
    "ess_mean": 219.17109803620033,
    "ess_per_coord": [
      254.42739393467176,
      242.9827644785583,
      277.06981936694535,
      158.23111448291127,
      163.14439791791497
    ],
    "n_chunks": 8,
    "total_steps": 40000,
    "converged": false,
    "efficiency": 0.003955777862072782,
    "n_forward_evals": 40000
  },
  "certificate": {
    "L_hat": 476.0782453864978,
    "KL": 0.0,
    "eta_h": 5e-05,
    "delta_term": 0.004992887122589985,
    "B_lambda": 476.0832882736204,
    "components": {
      "empirical_term": 476.0782453864978,
      "kl_term": 0.0,
      "discretization_term": 5e-05,
      "confidence_term": 0.004992887122589985
    },
    "valid": true
  },
  "posterior_summary": {
    "mean": [
      2.0650878784727276,
      2.376078556593213,
      2.3778574117755387,
      2.524622546604707,
      1.238716765853187
    ],
    "std": [
      0.03770974519137273,
      0.04101900136214587,
      0.019437432475298416,
      0.032040406588467164,
      0.02394479157010668
    ]
  },
  "performance": {
    "runtime": 443.65188002586365,
    "test_log_posterior": -91152.04339339615
  }
}