{
  "experiment_id": "s3_sigma0.1_nx50_T0.3_lam1.0_m5_seed202",
  "config": {
    "s": 3,
    "sensor_positions": [
      0.25,
      0.5,
      0.75
    ],
    "placement_type": "fixed",
    "sigma": 0.1,
    "n_x": 50,
    "T": 0.3,
    "lambda": 1.0,
    "c": 1.0,
    "m": 5,
    "n_t": 50,
    "seed": 202,
    "delta": 0.05,
    "alpha": 0.001,
    "M": 2000,
    "R": 100,
    "n": 150,
    "Delta_x": 0.02,
    "Delta_t": 0.006122448979591836,
    "mcmc_n_steps": 10000,
    "mcmc_n_burn": 2000,
    "is_baseline": false
  },
  "status": "success",
  "dataset": {
    "kappa_star": [
      1.2847216299636934,
      1.4241900884838463,
      3.920764034845088,
      3.9752807832159958,
      3.9824723567684557
    ],
    "n_observations": 150
  },
  "mcmc": {
    "acceptance_rate": 0.057175,
    "ess_min": 95.51680549884958,
    "ess_mean": 549.1261067717708,
    "ess_per_coord": [
      1210.6342401124814,
      751.8794557885324,
      370.85813868539464,
      316.7418937735961,
      95.51680549884958
    ],
    "n_chunks": 8,
    "total_steps": 40000,
    "converged": false,
    "efficiency": 0.0023879201374712397,
    "n_forward_evals": 40000
  },
  "certificate": {
    "L_hat": 3175.525807812222,
    "KL": 0.0,
    "eta_h": 0.0002,
    "delta_term": 0.01997154849035994,
    "B_lambda": 3175.5459793607124,
    "components": {
      "empirical_term": 3175.525807812222,
      "kl_term": 0.0,
      "discretization_term": 0.0002,
      "confidence_term": 0.01997154849035994
    },
    "valid": true
  },
  "posterior_summary": {
    "mean": [
      1.1372732834301367,
      4.266893479480435,
      4.998240874737357,
      4.998204617250777,
      4.994997338924545
    ],
    "std": [
      0.05457216121409899,
      0.050935951775741416,
      0.0017806204440434683,
      0.001591735849587512,
      0.0039424278497141585
    ]
  },
  "performance": {
    "runtime": 264.80508494377136,
    "test_log_posterior": -12663.706235468106
  }
}