{
  "experiment_id": "s3_sigma0.2_nx100_T0.3_lam1.0_m5_seed101",
  "config": {
    "s": 3,
    "sensor_positions": [
      0.2,
      0.5,
      0.8
    ],
    "placement_type": "shifted",
    "sigma": 0.2,
    "n_x": 100,
    "T": 0.3,
    "lambda": 1.0,
    "c": 1.0,
    "m": 5,
    "n_t": 100,
    "seed": 101,
    "delta": 0.05,
    "alpha": 0.001,
    "M": 2000,
    "R": 100,
    "n": 300,
    "Delta_x": 0.01,
    "Delta_t": 0.0030303030303030303,
    "mcmc_n_steps": 10000,
    "mcmc_n_burn": 2000,
    "is_baseline": false
  },
  "status": "success",
  "dataset": {
    "kappa_star": [
      2.3073951969585615,
      2.4973365540384895,
      0.5996597926733394,
      1.1003257967878608,
      2.898469435940594
    ],
    "n_observations": 300
  },
  "mcmc": {
    "acceptance_rate": 0.4345666666666667,
    "ess_min": 127.15238882827667,
    "ess_mean": 193.93769839579343,
    "ess_per_coord": [
      238.5902243079001,
      239.98194172587094,
      234.91189918330372,
      127.15238882827667,
      129.05203793361565
    ],
    "n_chunks": 8,
    "total_steps": 40000,
    "converged": false,
    "efficiency": 0.0031788097207069168,
    "n_forward_evals": 40000
  },
  "certificate": {
    "L_hat": 163.526179144886,
    "KL": 0.0,
    "eta_h": 5e-05,
    "delta_term": 0.00998577424517997,
    "B_lambda": 163.53621491913114,
    "components": {
      "empirical_term": 163.526179144886,
      "kl_term": 0.0,
      "discretization_term": 5e-05,
      "confidence_term": 0.00998577424517997
    },
    "valid": true
  },
  "posterior_summary": {
    "mean": [
      2.1085083555194912,
      2.377873201933756,
      2.421443976227881,
      2.441207445359771,
      1.298068023224648
    ],
    "std": [
      0.21659996313211516,
      0.22882997046601,
      0.09305688196326808,
      0.18563455002912374,
      0.1455803842394746
    ]
  },
  "performance": {
    "runtime": 440.8988652229309,
    "test_log_posterior": -2998.230148598462
  }
}