{
  "experiment_id": "s5_sigma0.2_nx100_T0.5_lam2.0_m3_seed101",
  "config": {
    "s": 5,
    "sensor_positions": [
      0.2,
      0.35,
      0.5,
      0.65,
      0.8
    ],
    "placement_type": "shifted",
    "sigma": 0.2,
    "n_x": 100,
    "T": 0.5,
    "lambda": 2.0,
    "c": 1.0,
    "m": 3,
    "n_t": 100,
    "seed": 101,
    "delta": 0.05,
    "alpha": 0.001,
    "M": 2000,
    "R": 100,
    "n": 500,
    "Delta_x": 0.01,
    "Delta_t": 0.005050505050505051,
    "mcmc_n_steps": 10000,
    "mcmc_n_burn": 2000,
    "is_baseline": false
  },
  "status": "success",
  "dataset": {
    "kappa_star": [
      2.3073951969585615,
      2.4973365540384895,
      0.5996597926733394
    ],
    "n_observations": 500
  },
  "mcmc": {
    "acceptance_rate": 0.5077499999999999,
    "ess_min": 454.9932082337943,
    "ess_mean": 542.9242041648548,
    "ess_per_coord": [
      454.9932082337943,
      538.5126742013495,
      635.2667300594208
    ],
    "n_chunks": 2,
    "total_steps": 10000,
    "converged": true,
    "efficiency": 0.04549932082337943,
    "n_forward_evals": 10000
  },
  "certificate": {
    "L_hat": 592.1400998233971,
    "KL": 0.0,
    "eta_h": 5e-05,
    "delta_term": 0.0029957322735539907,
    "B_lambda": 592.1431455556707,
    "components": {
      "empirical_term": 592.1400998233971,
      "kl_term": 0.0,
      "discretization_term": 5e-05,
      "confidence_term": 0.0029957322735539907
    },
    "valid": true
  },
  "posterior_summary": {
    "mean": [
      3.028980510253731,
      2.755320373545464,
      1.0246012764402643
    ],
    "std": [
      0.05320526752956081,
      0.02648064273068801,
      0.034311836481542866
    ]
  },
  "performance": {
    "runtime": 78.09390807151794,
    "test_log_posterior": -1629.4739828843278
  }
}