{
  "experiment_id": "s3_sigma0.05_nx50_T0.5_lam0.5_m5_seed101",
  "config": {
    "s": 3,
    "sensor_positions": [
      0.2,
      0.5,
      0.8
    ],
    "placement_type": "shifted",
    "sigma": 0.05,
    "n_x": 50,
    "T": 0.5,
    "lambda": 0.5,
    "c": 1.0,
    "m": 5,
    "n_t": 50,
    "seed": 101,
    "delta": 0.05,
    "alpha": 0.001,
    "M": 2000,
    "R": 100,
    "n": 150,
    "Delta_x": 0.02,
    "Delta_t": 0.01020408163265306,
    "mcmc_n_steps": 10000,
    "mcmc_n_burn": 2000,
    "is_baseline": false
  },
  "status": "success",
  "dataset": {
    "kappa_star": [
      2.3073951969585615,
      2.4973365540384895,
      0.5996597926733394,
      1.1003257967878608,
      2.898469435940594
    ],
    "n_observations": 150
  },
  "mcmc": {
    "acceptance_rate": 0.48632380952380955,
    "ess_min": 404.8382340135576,
    "ess_mean": 461.6717411080105,
    "ess_per_coord": [
      538.1824642443609,
      466.37662381191205,
      471.21456357562533,
      404.8382340135576,
      427.7468198945967
    ],
    "n_chunks": 7,
    "total_steps": 35000,
    "converged": true,
    "efficiency": 0.011566806686101647,
    "n_forward_evals": 35000
  },
  "certificate": {
    "L_hat": 536.7098989642137,
    "KL": 0.0,
    "eta_h": 0.0002,
    "delta_term": 0.03994309698071988,
    "B_lambda": 536.7500420611943,
    "components": {
      "empirical_term": 536.7098989642137,
      "kl_term": 0.0,
      "discretization_term": 0.0002,
      "confidence_term": 0.03994309698071988
    },
    "valid": true
  },
  "posterior_summary": {
    "mean": [
      2.0804850458760313,
      2.3602715685058633,
      2.41644475396169,
      2.531845294345595,
      1.2453533444066278
    ],
    "std": [
      0.07332988575159605,
      0.07103513907740347,
      0.033344241561803586,
      0.07027592526548357,
      0.05465924037027424
    ]
  },
  "performance": {
    "runtime": 127.48441410064697,
    "test_log_posterior": -8497.759678063228
  }
}