{
  "experiment_id": "s5_sigma0.1_nx50_T0.5_lam0.5_m3_seed101",
  "config": {
    "s": 5,
    "sensor_positions": [
      0.1,
      0.3,
      0.5,
      0.7,
      0.9
    ],
    "placement_type": "fixed",
    "sigma": 0.1,
    "n_x": 50,
    "T": 0.5,
    "lambda": 0.5,
    "c": 1.0,
    "m": 3,
    "n_t": 50,
    "seed": 101,
    "delta": 0.05,
    "alpha": 0.001,
    "M": 2000,
    "R": 100,
    "n": 250,
    "Delta_x": 0.02,
    "Delta_t": 0.01020408163265306,
    "mcmc_n_steps": 10000,
    "mcmc_n_burn": 2000,
    "is_baseline": false
  },
  "status": "success",
  "dataset": {
    "kappa_star": [
      2.3073951969585615,
      2.4973365540384895,
      0.5996597926733394
    ],
    "n_observations": 250
  },
  "mcmc": {
    "acceptance_rate": 0.5319,
    "ess_min": 485.5215427960929,
    "ess_mean": 654.0343800981798,
    "ess_per_coord": [
      485.5215427960929,
      669.9238466505092,
      806.6577508479372
    ],
    "n_chunks": 2,
    "total_steps": 10000,
    "converged": true,
    "efficiency": 0.04855215427960929,
    "n_forward_evals": 10000
  },
  "certificate": {
    "L_hat": 424.6342824653618,
    "KL": 0.0,
    "eta_h": 0.0002,
    "delta_term": 0.023965858188431926,
    "B_lambda": 424.65844832355026,
    "components": {
      "empirical_term": 424.6342824653618,
      "kl_term": 0.0,
      "discretization_term": 0.0002,
      "confidence_term": 0.023965858188431926
    },
    "valid": true
  },
  "posterior_summary": {
    "mean": [
      2.60406131901101,
      3.3379163193763968,
      1.123777661358512
    ],
    "std": [
      0.050963617988216914,
      0.04990563045133029,
      0.03880742691036692
    ]
  },
  "performance": {
    "runtime": 40.83717703819275,
    "test_log_posterior": -651.0618183698206
  }
}