{
  "experiment_id": "s5_sigma0.2_nx50_T0.5_lam0.5_m3_seed202",
  "config": {
    "s": 5,
    "sensor_positions": [
      0.2,
      0.35,
      0.5,
      0.65,
      0.8
    ],
    "placement_type": "shifted",
    "sigma": 0.2,
    "n_x": 50,
    "T": 0.5,
    "lambda": 0.5,
    "c": 1.0,
    "m": 3,
    "n_t": 50,
    "seed": 202,
    "delta": 0.05,
    "alpha": 0.001,
    "M": 2000,
    "R": 100,
    "n": 250,
    "Delta_x": 0.02,
    "Delta_t": 0.01020408163265306,
    "mcmc_n_steps": 10000,
    "mcmc_n_burn": 2000,
    "is_baseline": false
  },
  "status": "success",
  "dataset": {
    "kappa_star": [
      1.2847216299636934,
      1.4241900884838463,
      3.920764034845088
    ],
    "n_observations": 250
  },
  "mcmc": {
    "acceptance_rate": 0.5081,
    "ess_min": 473.5452117147228,
    "ess_mean": 579.4519551483926,
    "ess_per_coord": [
      618.4326141955263,
      473.5452117147228,
      646.3780395349285
    ],
    "n_chunks": 2,
    "total_steps": 10000,
    "converged": true,
    "efficiency": 0.047354521171472284,
    "n_forward_evals": 10000
  },
  "certificate": {
    "L_hat": 237.2133906858578,
    "KL": 0.0,
    "eta_h": 0.0002,
    "delta_term": 0.023965858188431926,
    "B_lambda": 237.23755654404624,
    "components": {
      "empirical_term": 237.2133906858578,
      "kl_term": 0.0,
      "discretization_term": 0.0002,
      "confidence_term": 0.023965858188431926
    },
    "valid": true
  },
  "posterior_summary": {
    "mean": [
      1.4836735818415798,
      2.3996949832930956,
      4.096456272548237
    ],
    "std": [
      0.0996824915318727,
      0.06482129347707614,
      0.1606441197710346
    ]
  },
  "performance": {
    "runtime": 25.05308985710144,
    "test_log_posterior": -335.4833593383845
  }
}