{
  "experiment_id": "s5_sigma0.1_nx50_T0.5_lam0.5_m5_seed202",
  "config": {
    "s": 5,
    "sensor_positions": [
      0.1,
      0.3,
      0.5,
      0.7,
      0.9
    ],
    "placement_type": "fixed",
    "sigma": 0.1,
    "n_x": 50,
    "T": 0.5,
    "lambda": 0.5,
    "c": 1.0,
    "m": 5,
    "n_t": 50,
    "seed": 202,
    "delta": 0.05,
    "alpha": 0.001,
    "M": 2000,
    "R": 100,
    "n": 250,
    "Delta_x": 0.02,
    "Delta_t": 0.01020408163265306,
    "mcmc_n_steps": 10000,
    "mcmc_n_burn": 2000,
    "is_baseline": false
  },
  "status": "success",
  "dataset": {
    "kappa_star": [
      1.2847216299636934,
      1.4241900884838463,
      3.920764034845088,
      3.9752807832159958,
      3.9824723567684557
    ],
    "n_observations": 250
  },
  "mcmc": {
    "acceptance_rate": 0.20545833333333333,
    "ess_min": 293.2457167507082,
    "ess_mean": 1672.9516879946787,
    "ess_per_coord": [
      1503.3125402821108,
      2661.502858903103,
      2250.867581496206,
      1655.8297425412652,
      293.2457167507082
    ],
    "n_chunks": 8,
    "total_steps": 40000,
    "converged": false,
    "efficiency": 0.007331142918767705,
    "n_forward_evals": 40000
  },
  "certificate": {
    "L_hat": 4465.816597597597,
    "KL": 0.0,
    "eta_h": 0.0002,
    "delta_term": 0.023965858188431926,
    "B_lambda": 4465.840763455786,
    "components": {
      "empirical_term": 4465.816597597597,
      "kl_term": 0.0,
      "discretization_term": 0.0002,
      "confidence_term": 0.023965858188431926
    },
    "valid": true
  },
  "posterior_summary": {
    "mean": [
      2.2422815848599833,
      3.6976014406189024,
      4.990312164800974,
      4.995647389257432,
      4.987458899796493
    ],
    "std": [
      0.09510462959902168,
      0.06079747622539938,
      0.009069553681444313,
      0.004960887095758782,
      0.01100060815254904
    ]
  },
  "performance": {
    "runtime": 390.3056318759918,
    "test_log_posterior": -5863.862300002915
  }
}