{
  "experiment_id": "s3_sigma0.2_nx100_T0.5_lam2.0_m3_seed202",
  "config": {
    "s": 3,
    "sensor_positions": [
      0.2,
      0.5,
      0.8
    ],
    "placement_type": "shifted",
    "sigma": 0.2,
    "n_x": 100,
    "T": 0.5,
    "lambda": 2.0,
    "c": 1.0,
    "m": 3,
    "n_t": 50,
    "seed": 202,
    "delta": 0.05,
    "alpha": 0.001,
    "M": 2000,
    "R": 100,
    "n": 150,
    "Delta_x": 0.01,
    "Delta_t": 0.01020408163265306,
    "mcmc_n_steps": 10000,
    "mcmc_n_burn": 2000,
    "is_baseline": false
  },
  "status": "success",
  "dataset": {
    "kappa_star": [
      1.2847216299636934,
      1.4241900884838463,
      3.920764034845088
    ],
    "n_observations": 150
  },
  "mcmc": {
    "acceptance_rate": 0.52525,
    "ess_min": 672.7745743622938,
    "ess_mean": 695.9073685284775,
    "ess_per_coord": [
      672.7745743622938,
      692.2096035791403,
      722.7379276439982
    ],
    "n_chunks": 2,
    "total_steps": 10000,
    "converged": true,
    "efficiency": 0.06727745743622938,
    "n_forward_evals": 10000
  },
  "certificate": {
    "L_hat": 110.20761844937722,
    "KL": 0.0,
    "eta_h": 5e-05,
    "delta_term": 0.00998577424517997,
    "B_lambda": 110.2176542236224,
    "components": {
      "empirical_term": 110.20761844937722,
      "kl_term": 0.0,
      "discretization_term": 5e-05,
      "confidence_term": 0.00998577424517997
    },
    "valid": true
  },
  "posterior_summary": {
    "mean": [
      1.8188838150066196,
      2.9631517325337278,
      4.2579444536607784
    ],
    "std": [
      0.061530764535150904,
      0.04976577885562965,
      0.09651999812472171
    ]
  },
  "performance": {
    "runtime": 25.25333309173584,
    "test_log_posterior": -1031.5690434273533
  }
}