{
  "experiment_id": "s5_sigma0.2_nx100_T0.3_lam2.0_m5_seed101",
  "config": {
    "s": 5,
    "sensor_positions": [
      0.2,
      0.35,
      0.5,
      0.65,
      0.8
    ],
    "placement_type": "shifted",
    "sigma": 0.2,
    "n_x": 100,
    "T": 0.3,
    "lambda": 2.0,
    "c": 1.0,
    "m": 5,
    "n_t": 100,
    "seed": 101,
    "delta": 0.05,
    "alpha": 0.001,
    "M": 2000,
    "R": 100,
    "n": 500,
    "Delta_x": 0.01,
    "Delta_t": 0.0030303030303030303,
    "mcmc_n_steps": 10000,
    "mcmc_n_burn": 2000,
    "is_baseline": false
  },
  "status": "success",
  "dataset": {
    "kappa_star": [
      2.3073951969585615,
      2.4973365540384895,
      0.5996597926733394,
      1.1003257967878608,
      2.898469435940594
    ],
    "n_observations": 500
  },
  "mcmc": {
    "acceptance_rate": 0.46914444444444453,
    "ess_min": 442.33002167576853,
    "ess_mean": 653.2097610842603,
    "ess_per_coord": [
      1047.5420657353766,
      735.0114442324941,
      577.3787258059302,
      442.33002167576853,
      463.7865479717322
    ],
    "n_chunks": 6,
    "total_steps": 30000,
    "converged": true,
    "efficiency": 0.01474433405585895,
    "n_forward_evals": 30000
  },
  "certificate": {
    "L_hat": 322.9840769838362,
    "KL": 0.0,
    "eta_h": 5e-05,
    "delta_term": 0.0029957322735539907,
    "B_lambda": 322.98712271610975,
    "components": {
      "empirical_term": 322.9840769838362,
      "kl_term": 0.0,
      "discretization_term": 5e-05,
      "confidence_term": 0.0029957322735539907
    },
    "valid": true
  },
  "posterior_summary": {
    "mean": [
      1.6618255878788475,
      2.9925653007372306,
      2.315795980528099,
      2.2480827934068084,
      1.468042908118298
    ],
    "std": [
      0.05462349553155486,
      0.04834119666846293,
      0.03891597979554185,
      0.047904410066995466,
      0.06019858957628021
    ]
  },
  "performance": {
    "runtime": 539.2158899307251,
    "test_log_posterior": -11141.573074975575
  }
}