{
  "experiment_id": "s5_sigma0.2_nx100_T0.3_lam0.5_m3_seed101",
  "config": {
    "s": 5,
    "sensor_positions": [
      0.1,
      0.3,
      0.5,
      0.7,
      0.9
    ],
    "placement_type": "fixed",
    "sigma": 0.2,
    "n_x": 100,
    "T": 0.3,
    "lambda": 0.5,
    "c": 1.0,
    "m": 3,
    "n_t": 50,
    "seed": 101,
    "delta": 0.05,
    "alpha": 0.001,
    "M": 2000,
    "R": 100,
    "n": 250,
    "Delta_x": 0.01,
    "Delta_t": 0.006122448979591836,
    "mcmc_n_steps": 10000,
    "mcmc_n_burn": 2000,
    "is_baseline": false
  },
  "status": "success",
  "dataset": {
    "kappa_star": [
      2.3073951969585615,
      2.4973365540384895,
      0.5996597926733394
    ],
    "n_observations": 250
  },
  "mcmc": {
    "acceptance_rate": 0.5542,
    "ess_min": 557.7222703115051,
    "ess_mean": 602.2973121395095,
    "ess_per_coord": [
      557.7222703115051,
      565.1234815256129,
      684.0461845814106
    ],
    "n_chunks": 2,
    "total_steps": 10000,
    "converged": true,
    "efficiency": 0.05577222703115051,
    "n_forward_evals": 10000
  },
  "certificate": {
    "L_hat": 168.73612961978907,
    "KL": 0.0,
    "eta_h": 5e-05,
    "delta_term": 0.023965858188431926,
    "B_lambda": 168.7601454779775,
    "components": {
      "empirical_term": 168.73612961978907,
      "kl_term": 0.0,
      "discretization_term": 5e-05,
      "confidence_term": 0.023965858188431926
    },
    "valid": true
  },
  "posterior_summary": {
    "mean": [
      2.6081765371074335,
      3.4809840844748,
      1.050741463165438
    ],
    "std": [
      0.08243460956824335,
      0.07901356035964716,
      0.06645020658952303
    ]
  },
  "performance": {
    "runtime": 25.108577013015747,
    "test_log_posterior": -264.98627317985523
  }
}