{
  "experiment_id": "s3_sigma0.05_nx50_T0.3_lam1.0_m5_seed101",
  "config": {
    "s": 3,
    "sensor_positions": [
      0.2,
      0.5,
      0.8
    ],
    "placement_type": "shifted",
    "sigma": 0.05,
    "n_x": 50,
    "T": 0.3,
    "lambda": 1.0,
    "c": 1.0,
    "m": 5,
    "n_t": 100,
    "seed": 101,
    "delta": 0.05,
    "alpha": 0.001,
    "M": 2000,
    "R": 100,
    "n": 300,
    "Delta_x": 0.02,
    "Delta_t": 0.0030303030303030303,
    "mcmc_n_steps": 10000,
    "mcmc_n_burn": 2000,
    "is_baseline": false
  },
  "status": "success",
  "dataset": {
    "kappa_star": [
      2.3073951969585615,
      2.4973365540384895,
      0.5996597926733394,
      1.1003257967878608,
      2.898469435940594
    ],
    "n_observations": 300
  },
  "mcmc": {
    "acceptance_rate": 0.323075,
    "ess_min": 170.40291778368234,
    "ess_mean": 225.66376584162677,
    "ess_per_coord": [
      285.1921005659365,
      268.66274311342744,
      229.24023370059726,
      170.40291778368234,
      174.82083404449023
    ],
    "n_chunks": 8,
    "total_steps": 40000,
    "converged": false,
    "efficiency": 0.004260072944592058,
    "n_forward_evals": 40000
  },
  "certificate": {
    "L_hat": 477.0111826475156,
    "KL": 0.0,
    "eta_h": 0.0002,
    "delta_term": 0.00998577424517997,
    "B_lambda": 477.0213684217608,
    "components": {
      "empirical_term": 477.0111826475156,
      "kl_term": 0.0,
      "discretization_term": 0.0002,
      "confidence_term": 0.00998577424517997
    },
    "valid": true
  },
  "posterior_summary": {
    "mean": [
      2.0748604541323505,
      2.3657935462641153,
      2.379999564430476,
      2.5320253914244515,
      1.2329192176790145
    ],
    "std": [
      0.04437290638023923,
      0.04806062512416088,
      0.022090092961163904,
      0.04066871988342479,
      0.032512438440833305
    ]
  },
  "performance": {
    "runtime": 440.5624029636383,
    "test_log_posterior": -45579.99478471086
  }
}