{
  "experiment_id": "s3_sigma0.2_nx50_T0.3_lam2.0_m5_seed101",
  "config": {
    "s": 3,
    "sensor_positions": [
      0.2,
      0.5,
      0.8
    ],
    "placement_type": "shifted",
    "sigma": 0.2,
    "n_x": 50,
    "T": 0.3,
    "lambda": 2.0,
    "c": 1.0,
    "m": 5,
    "n_t": 50,
    "seed": 101,
    "delta": 0.05,
    "alpha": 0.001,
    "M": 2000,
    "R": 100,
    "n": 150,
    "Delta_x": 0.02,
    "Delta_t": 0.006122448979591836,
    "mcmc_n_steps": 10000,
    "mcmc_n_burn": 2000,
    "is_baseline": false
  },
  "status": "success",
  "dataset": {
    "kappa_star": [
      2.3073951969585615,
      2.4973365540384895,
      0.5996597926733394,
      1.1003257967878608,
      2.898469435940594
    ],
    "n_observations": 150
  },
  "mcmc": {
    "acceptance_rate": 0.37779999999999997,
    "ess_min": 114.29260440778874,
    "ess_mean": 143.34509159078436,
    "ess_per_coord": [
      114.29260440778874,
      117.04966153860451,
      150.97963583014905,
      167.38429070182843,
      167.01926547555112
    ],
    "n_chunks": 8,
    "total_steps": 40000,
    "converged": false,
    "efficiency": 0.0028573151101947184,
    "n_forward_evals": 40000
  },
  "certificate": {
    "L_hat": 70.7285840075067,
    "KL": 0.0,
    "eta_h": 0.0002,
    "delta_term": 0.00998577424517997,
    "B_lambda": 70.73876978175188,
    "components": {
      "empirical_term": 70.7285840075067,
      "kl_term": 0.0,
      "discretization_term": 0.0002,
      "confidence_term": 0.00998577424517997
    },
    "valid": true
  },
  "posterior_summary": {
    "mean": [
      1.8800795875293619,
      2.598700430949046,
      2.3677807627823952,
      2.6123331489811257,
      1.2431908824231321
    ],
    "std": [
      0.20026577985221966,
      0.21194040945865125,
      0.07161795973953691,
      0.13242864753479103,
      0.10430667651262839
    ]
  },
  "performance": {
    "runtime": 259.51948976516724,
    "test_log_posterior": -3161.1470780048203
  }
}