{
  "experiment_id": "s3_sigma0.1_nx100_T0.3_lam1.0_m5_seed303",
  "config": {
    "s": 3,
    "sensor_positions": [
      0.2,
      0.5,
      0.8
    ],
    "placement_type": "shifted",
    "sigma": 0.1,
    "n_x": 100,
    "T": 0.3,
    "lambda": 1.0,
    "c": 1.0,
    "m": 5,
    "n_t": 100,
    "seed": 303,
    "delta": 0.05,
    "alpha": 0.001,
    "M": 2000,
    "R": 100,
    "n": 300,
    "Delta_x": 0.01,
    "Delta_t": 0.0030303030303030303,
    "mcmc_n_steps": 10000,
    "mcmc_n_burn": 2000,
    "is_baseline": false
  },
  "status": "success",
  "dataset": {
    "kappa_star": [
      3.12551948199565,
      1.4836227496566199,
      2.427779995862962,
      3.3381215081208255,
      2.6741059937440994
    ],
    "n_observations": 300
  },
  "mcmc": {
    "acceptance_rate": 0.49763333333333337,
    "ess_min": 469.27412302584105,
    "ess_mean": 522.1274132386783,
    "ess_per_coord": [
      665.9853091153021,
      478.00767703986463,
      469.27412302584105,
      472.40231201196156,
      524.967645000422
    ],
    "n_chunks": 4,
    "total_steps": 20000,
    "converged": true,
    "efficiency": 0.023463706151292053,
    "n_forward_evals": 20000
  },
  "certificate": {
    "L_hat": 2582.7182936443055,
    "KL": 0.0,
    "eta_h": 5e-05,
    "delta_term": 0.00998577424517997,
    "B_lambda": 2582.728329418551,
    "components": {
      "empirical_term": 2582.7182936443055,
      "kl_term": 0.0,
      "discretization_term": 5e-05,
      "confidence_term": 0.00998577424517997
    },
    "valid": true
  },
  "posterior_summary": {
    "mean": [
      1.553786206216737,
      3.7717549481001122,
      4.433552591038275,
      3.942531660611636,
      2.451763502814153
    ],
    "std": [
      0.03743872193044772,
      0.04723060932598466,
      0.027206076890036703,
      0.05460360825288462,
      0.04890635329741641
    ]
  },
  "performance": {
    "runtime": 215.57066893577576,
    "test_log_posterior": -15857.424368221938
  }
}