{
  "experiment_id": "s3_sigma0.05_nx50_T0.3_lam2.0_m5_seed101",
  "config": {
    "s": 3,
    "sensor_positions": [
      0.2,
      0.5,
      0.8
    ],
    "placement_type": "shifted",
    "sigma": 0.05,
    "n_x": 50,
    "T": 0.3,
    "lambda": 2.0,
    "c": 1.0,
    "m": 5,
    "n_t": 50,
    "seed": 101,
    "delta": 0.05,
    "alpha": 0.001,
    "M": 2000,
    "R": 100,
    "n": 150,
    "Delta_x": 0.02,
    "Delta_t": 0.006122448979591836,
    "mcmc_n_steps": 10000,
    "mcmc_n_burn": 2000,
    "is_baseline": false
  },
  "status": "success",
  "dataset": {
    "kappa_star": [
      2.3073951969585615,
      2.4973365540384895,
      0.5996597926733394,
      1.1003257967878608,
      2.898469435940594
    ],
    "n_observations": 150
  },
  "mcmc": {
    "acceptance_rate": 0.3482083333333333,
    "ess_min": 183.8592328206827,
    "ess_mean": 227.30757059324884,
    "ess_per_coord": [
      216.5013170913059,
      183.8592328206827,
      347.9928531561361,
      193.86673513040148,
      194.31771476771786
    ],
    "n_chunks": 8,
    "total_steps": 40000,
    "converged": false,
    "efficiency": 0.0045964808205170675,
    "n_forward_evals": 40000
  },
  "certificate": {
    "L_hat": 225.2023269518323,
    "KL": 0.0,
    "eta_h": 0.0002,
    "delta_term": 0.00998577424517997,
    "B_lambda": 225.21251272607748,
    "components": {
      "empirical_term": 225.2023269518323,
      "kl_term": 0.0,
      "discretization_term": 0.0002,
      "confidence_term": 0.00998577424517997
    },
    "valid": true
  },
  "posterior_summary": {
    "mean": [
      2.0118609818000768,
      2.433448981318416,
      2.3557023701242,
      2.591079344188388,
      1.2077113740087082
    ],
    "std": [
      0.04919702017404543,
      0.052567490566065765,
      0.02211313386917965,
      0.04541437876586465,
      0.034122857545630346
    ]
  },
  "performance": {
    "runtime": 148.81391596794128,
    "test_log_posterior": -46328.12245922077
  }
}