{
  "experiment_id": "s3_sigma0.2_nx50_T0.5_lam2.0_m5_seed101",
  "config": {
    "s": 3,
    "sensor_positions": [
      0.25,
      0.5,
      0.75
    ],
    "placement_type": "fixed",
    "sigma": 0.2,
    "n_x": 50,
    "T": 0.5,
    "lambda": 2.0,
    "c": 1.0,
    "m": 5,
    "n_t": 100,
    "seed": 101,
    "delta": 0.05,
    "alpha": 0.001,
    "M": 2000,
    "R": 100,
    "n": 300,
    "Delta_x": 0.02,
    "Delta_t": 0.005050505050505051,
    "mcmc_n_steps": 10000,
    "mcmc_n_burn": 2000,
    "is_baseline": false
  },
  "status": "success",
  "dataset": {
    "kappa_star": [
      2.3073951969585615,
      2.4973365540384895,
      0.5996597926733394,
      1.1003257967878608,
      2.898469435940594
    ],
    "n_observations": 300
  },
  "mcmc": {
    "acceptance_rate": 0.5189066666666666,
    "ess_min": 416.02560778836676,
    "ess_mean": 659.7731352327033,
    "ess_per_coord": [
      956.1899802599388,
      889.8469667744287,
      589.243247864152,
      416.02560778836676,
      447.55987347662983
    ],
    "n_chunks": 5,
    "total_steps": 25000,
    "converged": true,
    "efficiency": 0.01664102431153467,
    "n_forward_evals": 25000
  },
  "certificate": {
    "L_hat": 256.72675668938825,
    "KL": 0.0,
    "eta_h": 0.0002,
    "delta_term": 0.004992887122589985,
    "B_lambda": 256.73194957651083,
    "components": {
      "empirical_term": 256.72675668938825,
      "kl_term": 0.0,
      "discretization_term": 0.0002,
      "confidence_term": 0.004992887122589985
    },
    "valid": true
  },
  "posterior_summary": {
    "mean": [
      3.0323366141185035,
      2.7559655536863032,
      2.35556502717824,
      2.2810307686495572,
      2.344053999734636
    ],
    "std": [
      0.11532926640380918,
      0.06391177651835285,
      0.038064603436163184,
      0.07136040396719111,
      0.13235782207444105
    ]
  },
  "performance": {
    "runtime": 282.8107750415802,
    "test_log_posterior": -5583.550433568899
  }
}