{
  "experiment_id": "s3_sigma0.1_nx100_T0.3_lam2.0_m5_seed101",
  "config": {
    "s": 3,
    "sensor_positions": [
      0.25,
      0.5,
      0.75
    ],
    "placement_type": "fixed",
    "sigma": 0.1,
    "n_x": 100,
    "T": 0.3,
    "lambda": 2.0,
    "c": 1.0,
    "m": 5,
    "n_t": 50,
    "seed": 101,
    "delta": 0.05,
    "alpha": 0.001,
    "M": 2000,
    "R": 100,
    "n": 150,
    "Delta_x": 0.01,
    "Delta_t": 0.006122448979591836,
    "mcmc_n_steps": 10000,
    "mcmc_n_burn": 2000,
    "is_baseline": false
  },
  "status": "success",
  "dataset": {
    "kappa_star": [
      2.3073951969585615,
      2.4973365540384895,
      0.5996597926733394,
      1.1003257967878608,
      2.898469435940594
    ],
    "n_observations": 150
  },
  "mcmc": {
    "acceptance_rate": 0.416925,
    "ess_min": 212.6365928400128,
    "ess_mean": 542.4871864654108,
    "ess_per_coord": [
      933.5965367058448,
      931.8751076613165,
      421.0869088881665,
      212.6365928400128,
      213.24078623171297
    ],
    "n_chunks": 8,
    "total_steps": 40000,
    "converged": false,
    "efficiency": 0.00531591482100032,
    "n_forward_evals": 40000
  },
  "certificate": {
    "L_hat": 137.6712564563613,
    "KL": 0.0,
    "eta_h": 5e-05,
    "delta_term": 0.00998577424517997,
    "B_lambda": 137.68129223060646,
    "components": {
      "empirical_term": 137.6712564563613,
      "kl_term": 0.0,
      "discretization_term": 5e-05,
      "confidence_term": 0.00998577424517997
    },
    "valid": true
  },
  "posterior_summary": {
    "mean": [
      3.045521411268781,
      2.78421880936332,
      2.323263862364039,
      2.3300829716893565,
      2.341414375113423
    ],
    "std": [
      0.10059757495472475,
      0.05580199724241529,
      0.03217610472633574,
      0.08374006229425905,
      0.1402898859349378
    ]
  },
  "performance": {
    "runtime": 180.43145394325256,
    "test_log_posterior": -14893.0650674828
  }
}