{
  "experiment_id": "s5_sigma0.1_nx50_T0.3_lam1.0_m3_seed101",
  "config": {
    "s": 5,
    "sensor_positions": [
      0.2,
      0.35,
      0.5,
      0.65,
      0.8
    ],
    "placement_type": "shifted",
    "sigma": 0.1,
    "n_x": 50,
    "T": 0.3,
    "lambda": 1.0,
    "c": 1.0,
    "m": 3,
    "n_t": 100,
    "seed": 101,
    "delta": 0.05,
    "alpha": 0.001,
    "M": 2000,
    "R": 100,
    "n": 500,
    "Delta_x": 0.02,
    "Delta_t": 0.0030303030303030303,
    "mcmc_n_steps": 10000,
    "mcmc_n_burn": 2000,
    "is_baseline": false
  },
  "status": "success",
  "dataset": {
    "kappa_star": [
      2.3073951969585615,
      2.4973365540384895,
      0.5996597926733394
    ],
    "n_observations": 500
  },
  "mcmc": {
    "acceptance_rate": 0.5104,
    "ess_min": 582.6928774908579,
    "ess_mean": 587.1727007790221,
    "ess_per_coord": [
      582.754733149759,
      596.0704916964494,
      582.6928774908579
    ],
    "n_chunks": 2,
    "total_steps": 10000,
    "converged": true,
    "efficiency": 0.05826928774908579,
    "n_forward_evals": 10000
  },
  "certificate": {
    "L_hat": 1896.643747288399,
    "KL": 0.0,
    "eta_h": 0.0002,
    "delta_term": 0.0059914645471079815,
    "B_lambda": 1896.6499387529461,
    "components": {
      "empirical_term": 1896.643747288399,
      "kl_term": 0.0,
      "discretization_term": 0.0002,
      "confidence_term": 0.0059914645471079815
    },
    "valid": true
  },
  "posterior_summary": {
    "mean": [
      3.0648956387382795,
      2.7658540012947004,
      0.9897252352793076
    ],
    "std": [
      0.031025178608641565,
      0.013291513614774075,
      0.021516750508928362
    ]
  },
  "performance": {
    "runtime": 77.56338787078857,
    "test_log_posterior": -3248.421478231901
  }
}