{
  "experiment_id": "s3_sigma0.1_nx50_T0.5_lam1.0_m5_seed303",
  "config": {
    "s": 3,
    "sensor_positions": [
      0.25,
      0.5,
      0.75
    ],
    "placement_type": "fixed",
    "sigma": 0.1,
    "n_x": 50,
    "T": 0.5,
    "lambda": 1.0,
    "c": 1.0,
    "m": 5,
    "n_t": 100,
    "seed": 303,
    "delta": 0.05,
    "alpha": 0.001,
    "M": 2000,
    "R": 100,
    "n": 300,
    "Delta_x": 0.02,
    "Delta_t": 0.005050505050505051,
    "mcmc_n_steps": 10000,
    "mcmc_n_burn": 2000,
    "is_baseline": false
  },
  "status": "success",
  "dataset": {
    "kappa_star": [
      3.12551948199565,
      1.4836227496566199,
      2.427779995862962,
      3.3381215081208255,
      2.6741059937440994
    ],
    "n_observations": 300
  },
  "mcmc": {
    "acceptance_rate": 0.5204444444444444,
    "ess_min": 558.892644002284,
    "ess_mean": 592.7271664774682,
    "ess_per_coord": [
      623.3585849038524,
      573.3165904479856,
      558.892644002284,
      571.185414652052,
      636.8825983811676
    ],
    "n_chunks": 3,
    "total_steps": 15000,
    "converged": true,
    "efficiency": 0.037259509600152264,
    "n_forward_evals": 15000
  },
  "certificate": {
    "L_hat": 4972.879734490569,
    "KL": 0.0,
    "eta_h": 0.0002,
    "delta_term": 0.00998577424517997,
    "B_lambda": 4972.8899202648145,
    "components": {
      "empirical_term": 4972.879734490569,
      "kl_term": 0.0,
      "discretization_term": 0.0002,
      "confidence_term": 0.00998577424517997
    },
    "valid": true
  },
  "posterior_summary": {
    "mean": [
      2.9434622205935366,
      3.538698380754576,
      4.076761027721423,
      4.027724948384268,
      3.905387403329526
    ],
    "std": [
      0.06553642071865945,
      0.0373849712024653,
      0.030422825532525306,
      0.0419707311054119,
      0.06443707026227352
    ]
  },
  "performance": {
    "runtime": 105.04680180549622,
    "test_log_posterior": -16144.951854241415
  }
}