{
  "experiment_id": "s5_sigma0.1_nx50_T0.5_lam2.0_m5_seed101",
  "config": {
    "s": 5,
    "sensor_positions": [
      0.1,
      0.3,
      0.5,
      0.7,
      0.9
    ],
    "placement_type": "fixed",
    "sigma": 0.1,
    "n_x": 50,
    "T": 0.5,
    "lambda": 2.0,
    "c": 1.0,
    "m": 5,
    "n_t": 100,
    "seed": 101,
    "delta": 0.05,
    "alpha": 0.001,
    "M": 2000,
    "R": 100,
    "n": 500,
    "Delta_x": 0.02,
    "Delta_t": 0.005050505050505051,
    "mcmc_n_steps": 10000,
    "mcmc_n_burn": 2000,
    "is_baseline": false
  },
  "status": "success",
  "dataset": {
    "kappa_star": [
      2.3073951969585615,
      2.4973365540384895,
      0.5996597926733394,
      1.1003257967878608,
      2.898469435940594
    ],
    "n_observations": 500
  },
  "mcmc": {
    "acceptance_rate": 0.5531999999999999,
    "ess_min": 450.36250788319666,
    "ess_mean": 608.7759266503944,
    "ess_per_coord": [
      733.7413382195342,
      450.36250788319666,
      467.7129485159747,
      644.7511184939234,
      747.311720139343
    ],
    "n_chunks": 4,
    "total_steps": 20000,
    "converged": true,
    "efficiency": 0.022518125394159833,
    "n_forward_evals": 20000
  },
  "certificate": {
    "L_hat": 978.4361466369181,
    "KL": 0.0,
    "eta_h": 0.0002,
    "delta_term": 0.0029957322735539907,
    "B_lambda": 978.4393423691916,
    "components": {
      "empirical_term": 978.4361466369181,
      "kl_term": 0.0,
      "discretization_term": 0.0002,
      "confidence_term": 0.0029957322735539907
    },
    "valid": true
  },
  "posterior_summary": {
    "mean": [
      3.230044791298072,
      2.865580780933762,
      2.3124512123998118,
      2.2096493262091106,
      2.875637623972298
    ],
    "std": [
      0.05044252713802689,
      0.02623956898989768,
      0.017235666874224644,
      0.021534822216302336,
      0.044551908654640454
    ]
  },
  "performance": {
    "runtime": 372.3058879375458,
    "test_log_posterior": -27620.239755706418
  }
}