{
  "experiment_id": "s5_sigma0.1_nx100_T0.3_lam1.0_m3_seed202",
  "config": {
    "s": 5,
    "sensor_positions": [
      0.2,
      0.35,
      0.5,
      0.65,
      0.8
    ],
    "placement_type": "shifted",
    "sigma": 0.1,
    "n_x": 100,
    "T": 0.3,
    "lambda": 1.0,
    "c": 1.0,
    "m": 3,
    "n_t": 50,
    "seed": 202,
    "delta": 0.05,
    "alpha": 0.001,
    "M": 2000,
    "R": 100,
    "n": 250,
    "Delta_x": 0.01,
    "Delta_t": 0.006122448979591836,
    "mcmc_n_steps": 10000,
    "mcmc_n_burn": 2000,
    "is_baseline": false
  },
  "status": "success",
  "dataset": {
    "kappa_star": [
      1.2847216299636934,
      1.4241900884838463,
      3.920764034845088
    ],
    "n_observations": 250
  },
  "mcmc": {
    "acceptance_rate": 0.50665,
    "ess_min": 590.4793366010219,
    "ess_mean": 632.1283779806748,
    "ess_per_coord": [
      635.0977218074642,
      590.4793366010219,
      670.8080755335383
    ],
    "n_chunks": 2,
    "total_steps": 10000,
    "converged": true,
    "efficiency": 0.05904793366010219,
    "n_forward_evals": 10000
  },
  "certificate": {
    "L_hat": 714.5378490112976,
    "KL": 0.0,
    "eta_h": 5e-05,
    "delta_term": 0.011982929094215963,
    "B_lambda": 714.5498819403917,
    "components": {
      "empirical_term": 714.5378490112976,
      "kl_term": 0.0,
      "discretization_term": 5e-05,
      "confidence_term": 0.011982929094215963
    },
    "valid": true
  },
  "posterior_summary": {
    "mean": [
      1.389477906160697,
      2.3916483824667893,
      4.237221745668921
    ],
    "std": [
      0.03003774399698918,
      0.018389183888329635,
      0.04970688184230889
    ]
  },
  "performance": {
    "runtime": 24.87588095664978,
    "test_log_posterior": -3292.0141302617208
  }
}