{
  "experiment_id": "s5_sigma0.05_nx50_T0.3_lam0.5_m5_seed202",
  "config": {
    "s": 5,
    "sensor_positions": [
      0.2,
      0.35,
      0.5,
      0.65,
      0.8
    ],
    "placement_type": "shifted",
    "sigma": 0.05,
    "n_x": 50,
    "T": 0.3,
    "lambda": 0.5,
    "c": 1.0,
    "m": 5,
    "n_t": 100,
    "seed": 202,
    "delta": 0.05,
    "alpha": 0.001,
    "M": 2000,
    "R": 100,
    "n": 500,
    "Delta_x": 0.02,
    "Delta_t": 0.0030303030303030303,
    "mcmc_n_steps": 10000,
    "mcmc_n_burn": 2000,
    "is_baseline": false
  },
  "status": "success",
  "dataset": {
    "kappa_star": [
      1.2847216299636934,
      1.4241900884838463,
      3.920764034845088,
      3.9752807832159958,
      3.9824723567684557
    ],
    "n_observations": 500
  },
  "mcmc": {
    "acceptance_rate": 0.03674166666666667,
    "ess_min": 16.981281277311158,
    "ess_mean": 361.938354163737,
    "ess_per_coord": [
      272.9968137895344,
      227.94622763585764,
      37.245605368347576,
      16.981281277311158,
      1254.5218427476345
    ],
    "n_chunks": 8,
    "total_steps": 40000,
    "converged": false,
    "efficiency": 0.00042453203193277894,
    "n_forward_evals": 40000
  },
  "certificate": {
    "L_hat": 39746.602856882004,
    "KL": 0.0,
    "eta_h": 0.0002,
    "delta_term": 0.011982929094215963,
    "B_lambda": 39746.6150398111,
    "components": {
      "empirical_term": 39746.602856882004,
      "kl_term": 0.0,
      "discretization_term": 0.0002,
      "confidence_term": 0.011982929094215963
    },
    "valid": true
  },
  "posterior_summary": {
    "mean": [
      0.7201294962494538,
      4.007060044900829,
      4.9990618834355125,
      4.999342727757172,
      4.375084704165359
    ],
    "std": [
      0.020139112145507492,
      0.018964579816116857,
      0.001352300435429122,
      0.0005368890419294404,
      0.023278036081839284
    ]
  },
  "performance": {
    "runtime": 455.88791608810425,
    "test_log_posterior": -73843.9988578394
  }
}