{
  "experiment_id": "s5_sigma0.05_nx100_T0.3_lam1.0_m5_seed303",
  "config": {
    "s": 5,
    "sensor_positions": [
      0.1,
      0.3,
      0.5,
      0.7,
      0.9
    ],
    "placement_type": "fixed",
    "sigma": 0.05,
    "n_x": 100,
    "T": 0.3,
    "lambda": 1.0,
    "c": 1.0,
    "m": 5,
    "n_t": 50,
    "seed": 303,
    "delta": 0.05,
    "alpha": 0.001,
    "M": 2000,
    "R": 100,
    "n": 250,
    "Delta_x": 0.01,
    "Delta_t": 0.006122448979591836,
    "mcmc_n_steps": 10000,
    "mcmc_n_burn": 2000,
    "is_baseline": false
  },
  "status": "success",
  "dataset": {
    "kappa_star": [
      3.12551948199565,
      1.4836227496566199,
      2.427779995862962,
      3.3381215081208255,
      2.6741059937440994
    ],
    "n_observations": 250
  },
  "mcmc": {
    "acceptance_rate": 0.5249333333333334,
    "ess_min": 564.4804095883651,
    "ess_mean": 700.127563687889,
    "ess_per_coord": [
      689.2235872482477,
      649.6036961549464,
      564.4804095883651,
      705.2559009502388,
      892.074224497647
    ],
    "n_chunks": 4,
    "total_steps": 20000,
    "converged": true,
    "efficiency": 0.028224020479418254,
    "n_forward_evals": 20000
  },
  "certificate": {
    "L_hat": 9124.488021255827,
    "KL": 0.0,
    "eta_h": 5e-05,
    "delta_term": 0.011982929094215963,
    "B_lambda": 9124.500054184922,
    "components": {
      "empirical_term": 9124.488021255827,
      "kl_term": 0.0,
      "discretization_term": 5e-05,
      "confidence_term": 0.011982929094215963
    },
    "valid": true
  },
  "posterior_summary": {
    "mean": [
      3.4266611386903616,
      3.636694315940974,
      4.243682190955342,
      4.462386684008325,
      4.248878680156332
    ],
    "std": [
      0.035802764803228124,
      0.02356250960171916,
      0.019127165919547964,
      0.022722998503838892,
      0.03897752457062861
    ]
  },
  "performance": {
    "runtime": 119.33219385147095,
    "test_log_posterior": -62227.48394253608
  }
}