{
  "experiment_id": "s5_sigma0.2_nx100_T0.5_lam1.0_m5_seed202",
  "config": {
    "s": 5,
    "sensor_positions": [
      0.2,
      0.35,
      0.5,
      0.65,
      0.8
    ],
    "placement_type": "shifted",
    "sigma": 0.2,
    "n_x": 100,
    "T": 0.5,
    "lambda": 1.0,
    "c": 1.0,
    "m": 5,
    "n_t": 50,
    "seed": 202,
    "delta": 0.05,
    "alpha": 0.001,
    "M": 2000,
    "R": 100,
    "n": 250,
    "Delta_x": 0.01,
    "Delta_t": 0.01020408163265306,
    "mcmc_n_steps": 10000,
    "mcmc_n_burn": 2000,
    "is_baseline": false
  },
  "status": "success",
  "dataset": {
    "kappa_star": [
      1.2847216299636934,
      1.4241900884838463,
      3.920764034845088,
      3.9752807832159958,
      3.9824723567684557
    ],
    "n_observations": 250
  },
  "mcmc": {
    "acceptance_rate": 0.4867333333333333,
    "ess_min": 455.8526795922515,
    "ess_mean": 595.1644283043224,
    "ess_per_coord": [
      495.09490958910493,
      455.8526795922515,
      466.8070351331893,
      518.211716790131,
      1039.8558004169356
    ],
    "n_chunks": 2,
    "total_steps": 10000,
    "converged": true,
    "efficiency": 0.04558526795922515,
    "n_forward_evals": 10000
  },
  "certificate": {
    "L_hat": 1313.222090589714,
    "KL": 0.0,
    "eta_h": 5e-05,
    "delta_term": 0.011982929094215963,
    "B_lambda": 1313.2341235188085,
    "components": {
      "empirical_term": 1313.222090589714,
      "kl_term": 0.0,
      "discretization_term": 5e-05,
      "confidence_term": 0.011982929094215963
    },
    "valid": true
  },
  "posterior_summary": {
    "mean": [
      1.1192979329084807,
      3.69579447078897,
      4.985917171585006,
      4.986648473376278,
      4.05394651198266
    ],
    "std": [
      0.07337687472620849,
      0.06900139378357849,
      0.01312606247042526,
      0.01170634219358059,
      0.12267690204628577
    ]
  },
  "performance": {
    "runtime": 94.96592020988464,
    "test_log_posterior": -3291.834262931475
  }
}