{
  "experiment_id": "s3_sigma0.1_nx100_T0.3_lam1.0_m5_seed303",
  "config": {
    "s": 3,
    "sensor_positions": [
      0.2,
      0.5,
      0.8
    ],
    "placement_type": "shifted",
    "sigma": 0.1,
    "n_x": 100,
    "T": 0.3,
    "lambda": 1.0,
    "c": 1.0,
    "m": 5,
    "n_t": 50,
    "seed": 303,
    "delta": 0.05,
    "alpha": 0.001,
    "M": 2000,
    "R": 100,
    "n": 150,
    "Delta_x": 0.01,
    "Delta_t": 0.006122448979591836,
    "mcmc_n_steps": 10000,
    "mcmc_n_burn": 2000,
    "is_baseline": false
  },
  "status": "success",
  "dataset": {
    "kappa_star": [
      3.12551948199565,
      1.4836227496566199,
      2.427779995862962,
      3.3381215081208255,
      2.6741059937440994
    ],
    "n_observations": 150
  },
  "mcmc": {
    "acceptance_rate": 0.49521666666666664,
    "ess_min": 427.6097208587934,
    "ess_mean": 565.6369120129182,
    "ess_per_coord": [
      712.7498306957783,
      609.9544760523366,
      618.8975119972697,
      427.6097208587934,
      458.97302046041244
    ],
    "n_chunks": 4,
    "total_steps": 20000,
    "converged": true,
    "efficiency": 0.02138048604293967,
    "n_forward_evals": 20000
  },
  "certificate": {
    "L_hat": 1248.126767067578,
    "KL": 0.0,
    "eta_h": 5e-05,
    "delta_term": 0.01997154849035994,
    "B_lambda": 1248.1467886160683,
    "components": {
      "empirical_term": 1248.126767067578,
      "kl_term": 0.0,
      "discretization_term": 5e-05,
      "confidence_term": 0.01997154849035994
    },
    "valid": true
  },
  "posterior_summary": {
    "mean": [
      1.5577997404322452,
      3.752977752277795,
      4.427968627043034,
      4.033577619543852,
      2.376228589696331
    ],
    "std": [
      0.04409099160764831,
      0.06540934712232908,
      0.04201549235122184,
      0.07376869114647433,
      0.06397561663372252
    ]
  },
  "performance": {
    "runtime": 113.46786975860596,
    "test_log_posterior": -7988.500656909458
  }
}