{
  "experiment_id": "s5_sigma0.2_nx50_T0.3_lam2.0_m3_seed303",
  "config": {
    "s": 5,
    "sensor_positions": [
      0.2,
      0.35,
      0.5,
      0.65,
      0.8
    ],
    "placement_type": "shifted",
    "sigma": 0.2,
    "n_x": 50,
    "T": 0.3,
    "lambda": 2.0,
    "c": 1.0,
    "m": 3,
    "n_t": 50,
    "seed": 303,
    "delta": 0.05,
    "alpha": 0.001,
    "M": 2000,
    "R": 100,
    "n": 250,
    "Delta_x": 0.02,
    "Delta_t": 0.006122448979591836,
    "mcmc_n_steps": 10000,
    "mcmc_n_burn": 2000,
    "is_baseline": false
  },
  "status": "success",
  "dataset": {
    "kappa_star": [
      3.12551948199565,
      1.4836227496566199,
      2.427779995862962
    ],
    "n_observations": 250
  },
  "mcmc": {
    "acceptance_rate": 0.4729666666666667,
    "ess_min": 641.4246780067722,
    "ess_mean": 890.73370334119,
    "ess_per_coord": [
      945.6441081032513,
      641.4246780067722,
      1085.1323239135465
    ],
    "n_chunks": 3,
    "total_steps": 15000,
    "converged": true,
    "efficiency": 0.042761645200451476,
    "n_forward_evals": 15000
  },
  "certificate": {
    "L_hat": 255.2215909838086,
    "KL": 0.0,
    "eta_h": 0.0002,
    "delta_term": 0.0059914645471079815,
    "B_lambda": 255.2277824483557,
    "components": {
      "empirical_term": 255.2215909838086,
      "kl_term": 0.0,
      "discretization_term": 0.0002,
      "confidence_term": 0.0059914645471079815
    },
    "valid": true
  },
  "posterior_summary": {
    "mean": [
      3.3735377190940223,
      2.59087215352509,
      2.5738856021404484
    ],
    "std": [
      0.06334504357790567,
      0.024203587090319098,
      0.05336810125009547
    ]
  },
  "performance": {
    "runtime": 37.97396993637085,
    "test_log_posterior": -2087.286350452909
  }
}