{
  "experiment_id": "s3_sigma0.05_nx100_T0.5_lam2.0_m3_seed101",
  "config": {
    "s": 3,
    "sensor_positions": [
      0.2,
      0.5,
      0.8
    ],
    "placement_type": "shifted",
    "sigma": 0.05,
    "n_x": 100,
    "T": 0.5,
    "lambda": 2.0,
    "c": 1.0,
    "m": 3,
    "n_t": 100,
    "seed": 101,
    "delta": 0.05,
    "alpha": 0.001,
    "M": 2000,
    "R": 100,
    "n": 300,
    "Delta_x": 0.01,
    "Delta_t": 0.005050505050505051,
    "mcmc_n_steps": 10000,
    "mcmc_n_burn": 2000,
    "is_baseline": false
  },
  "status": "success",
  "dataset": {
    "kappa_star": [
      2.3073951969585615,
      2.4973365540384895,
      0.5996597926733394
    ],
    "n_observations": 300
  },
  "mcmc": {
    "acceptance_rate": 0.51425,
    "ess_min": 598.4724915085051,
    "ess_mean": 689.5675572871824,
    "ess_per_coord": [
      598.4724915085051,
      703.1096003904527,
      767.1205799625891
    ],
    "n_chunks": 2,
    "total_steps": 10000,
    "converged": true,
    "efficiency": 0.059847249150850504,
    "n_forward_evals": 10000
  },
  "certificate": {
    "L_hat": 2399.52276842201,
    "KL": 0.0,
    "eta_h": 5e-05,
    "delta_term": 0.004992887122589985,
    "B_lambda": 2399.5278113091326,
    "components": {
      "empirical_term": 2399.52276842201,
      "kl_term": 0.0,
      "discretization_term": 5e-05,
      "confidence_term": 0.004992887122589985
    },
    "valid": true
  },
  "posterior_summary": {
    "mean": [
      3.1275920187557444,
      3.3469274446521395,
      1.33282984138584
    ],
    "std": [
      0.01353262075954487,
      0.008991603721378891,
      0.010766595953685282
    ]
  },
  "performance": {
    "runtime": 29.741482973098755,
    "test_log_posterior": -17161.142823115988
  }
}