{
  "experiment_id": "s5_sigma0.05_nx50_T0.3_lam2.0_m3_seed303",
  "config": {
    "s": 5,
    "sensor_positions": [
      0.1,
      0.3,
      0.5,
      0.7,
      0.9
    ],
    "placement_type": "fixed",
    "sigma": 0.05,
    "n_x": 50,
    "T": 0.3,
    "lambda": 2.0,
    "c": 1.0,
    "m": 3,
    "n_t": 100,
    "seed": 303,
    "delta": 0.05,
    "alpha": 0.001,
    "M": 2000,
    "R": 100,
    "n": 500,
    "Delta_x": 0.02,
    "Delta_t": 0.0030303030303030303,
    "mcmc_n_steps": 10000,
    "mcmc_n_burn": 2000,
    "is_baseline": false
  },
  "status": "success",
  "dataset": {
    "kappa_star": [
      3.12551948199565,
      1.4836227496566199,
      2.427779995862962
    ],
    "n_observations": 500
  },
  "mcmc": {
    "acceptance_rate": 0.5183500000000001,
    "ess_min": 519.8490306781398,
    "ess_mean": 612.753339803539,
    "ess_per_coord": [
      678.5633333325227,
      519.8490306781398,
      639.8476553999546
    ],
    "n_chunks": 2,
    "total_steps": 10000,
    "converged": true,
    "efficiency": 0.05198490306781398,
    "n_forward_evals": 10000
  },
  "certificate": {
    "L_hat": 1791.4795480640248,
    "KL": 0.0,
    "eta_h": 0.0002,
    "delta_term": 0.0029957322735539907,
    "B_lambda": 1791.4827437962983,
    "components": {
      "empirical_term": 1791.4795480640248,
      "kl_term": 0.0,
      "discretization_term": 0.0002,
      "confidence_term": 0.0029957322735539907
    },
    "valid": true
  },
  "posterior_summary": {
    "mean": [
      2.713850313906221,
      3.2034008876582356,
      2.2150268024062916
    ],
    "std": [
      0.00818012736297433,
      0.006385465774379203,
      0.007092727623984578
    ]
  },
  "performance": {
    "runtime": 49.54216718673706,
    "test_log_posterior": -44628.458377944844
  }
}