{
  "experiment_id": "s5_sigma0.2_nx50_T0.3_lam1.0_m3_seed202",
  "config": {
    "s": 5,
    "sensor_positions": [
      0.1,
      0.3,
      0.5,
      0.7,
      0.9
    ],
    "placement_type": "fixed",
    "sigma": 0.2,
    "n_x": 50,
    "T": 0.3,
    "lambda": 1.0,
    "c": 1.0,
    "m": 3,
    "n_t": 100,
    "seed": 202,
    "delta": 0.05,
    "alpha": 0.001,
    "M": 2000,
    "R": 100,
    "n": 500,
    "Delta_x": 0.02,
    "Delta_t": 0.0030303030303030303,
    "mcmc_n_steps": 10000,
    "mcmc_n_burn": 2000,
    "is_baseline": false
  },
  "status": "success",
  "dataset": {
    "kappa_star": [
      1.2847216299636934,
      1.4241900884838463,
      3.920764034845088
    ],
    "n_observations": 500
  },
  "mcmc": {
    "acceptance_rate": 0.53755,
    "ess_min": 556.1608061807701,
    "ess_mean": 638.2113843452188,
    "ess_per_coord": [
      670.641617392013,
      556.1608061807701,
      687.8317294628732
    ],
    "n_chunks": 2,
    "total_steps": 10000,
    "converged": true,
    "efficiency": 0.05561608061807701,
    "n_forward_evals": 10000
  },
  "certificate": {
    "L_hat": 292.04621187573355,
    "KL": 0.0,
    "eta_h": 0.0002,
    "delta_term": 0.0059914645471079815,
    "B_lambda": 292.05240334028065,
    "components": {
      "empirical_term": 292.04621187573355,
      "kl_term": 0.0,
      "discretization_term": 0.0002,
      "confidence_term": 0.0059914645471079815
    },
    "valid": true
  },
  "posterior_summary": {
    "mean": [
      1.3121278147122066,
      2.9235812151502016,
      3.325711346061821
    ],
    "std": [
      0.033176700722009345,
      0.03750977897254664,
      0.048152553328416184
    ]
  },
  "performance": {
    "runtime": 77.36431980133057,
    "test_log_posterior": -1359.549307529139
  }
}