{
  "experiment_id": "s3_sigma0.2_nx100_T0.5_lam1.0_m5_seed202",
  "config": {
    "s": 3,
    "sensor_positions": [
      0.2,
      0.5,
      0.8
    ],
    "placement_type": "shifted",
    "sigma": 0.2,
    "n_x": 100,
    "T": 0.5,
    "lambda": 1.0,
    "c": 1.0,
    "m": 5,
    "n_t": 50,
    "seed": 202,
    "delta": 0.05,
    "alpha": 0.001,
    "M": 2000,
    "R": 100,
    "n": 150,
    "Delta_x": 0.01,
    "Delta_t": 0.01020408163265306,
    "mcmc_n_steps": 10000,
    "mcmc_n_burn": 2000,
    "is_baseline": false
  },
  "status": "success",
  "dataset": {
    "kappa_star": [
      1.2847216299636934,
      1.4241900884838463,
      3.920764034845088,
      3.9752807832159958,
      3.9824723567684557
    ],
    "n_observations": 150
  },
  "mcmc": {
    "acceptance_rate": 0.6488999999999999,
    "ess_min": 499.6663555947198,
    "ess_mean": 1048.4209102994973,
    "ess_per_coord": [
      1369.4495668585982,
      1133.4324930614798,
      1295.1749968239856,
      499.6663555947198,
      944.381139158703
    ],
    "n_chunks": 6,
    "total_steps": 30000,
    "converged": true,
    "efficiency": 0.01665554518649066,
    "n_forward_evals": 30000
  },
  "certificate": {
    "L_hat": 633.995256215616,
    "KL": 0.0,
    "eta_h": 5e-05,
    "delta_term": 0.01997154849035994,
    "B_lambda": 634.0152777641064,
    "components": {
      "empirical_term": 633.995256215616,
      "kl_term": 0.0,
      "discretization_term": 5e-05,
      "confidence_term": 0.01997154849035994
    },
    "valid": true
  },
  "posterior_summary": {
    "mean": [
      0.7977715690541681,
      4.028930320746301,
      4.978508240811319,
      4.924454163578817,
      3.7591899405659985
    ],
    "std": [
      0.07444552118878857,
      0.11921167447239411,
      0.018462167678136698,
      0.053839730644002534,
      0.12750721511456337
    ]
  },
  "performance": {
    "runtime": 173.53703498840332,
    "test_log_posterior": -1524.527115263735
  }
}