{
  "experiment_id": "s3_sigma0.1_nx100_T0.5_lam2.0_m5_seed303",
  "config": {
    "s": 3,
    "sensor_positions": [
      0.2,
      0.5,
      0.8
    ],
    "placement_type": "shifted",
    "sigma": 0.1,
    "n_x": 100,
    "T": 0.5,
    "lambda": 2.0,
    "c": 1.0,
    "m": 5,
    "n_t": 50,
    "seed": 303,
    "delta": 0.05,
    "alpha": 0.001,
    "M": 2000,
    "R": 100,
    "n": 150,
    "Delta_x": 0.01,
    "Delta_t": 0.01020408163265306,
    "mcmc_n_steps": 10000,
    "mcmc_n_burn": 2000,
    "is_baseline": false
  },
  "status": "success",
  "dataset": {
    "kappa_star": [
      3.12551948199565,
      1.4836227496566199,
      2.427779995862962,
      3.3381215081208255,
      2.6741059937440994
    ],
    "n_observations": 150
  },
  "mcmc": {
    "acceptance_rate": 0.5330499999999999,
    "ess_min": 509.35715885084227,
    "ess_mean": 617.9180508652148,
    "ess_per_coord": [
      900.4799771707246,
      569.3699765476941,
      588.5790641900223,
      509.35715885084227,
      521.8040775667909
    ],
    "n_chunks": 4,
    "total_steps": 20000,
    "converged": true,
    "efficiency": 0.025467857942542114,
    "n_forward_evals": 20000
  },
  "certificate": {
    "L_hat": 1760.8591808905499,
    "KL": 0.0,
    "eta_h": 5e-05,
    "delta_term": 0.00998577424517997,
    "B_lambda": 1760.8692166647952,
    "components": {
      "empirical_term": 1760.8591808905499,
      "kl_term": 0.0,
      "discretization_term": 5e-05,
      "confidence_term": 0.00998577424517997
    },
    "valid": true
  },
  "posterior_summary": {
    "mean": [
      1.7322242018770588,
      3.5783654064299686,
      4.201966954317423,
      3.847127715234052,
      2.560580588025183
    ],
    "std": [
      0.04169251559627068,
      0.05171546468954806,
      0.03540221623529373,
      0.05670630270682546,
      0.05187742512065502
    ]
  },
  "performance": {
    "runtime": 119.94698023796082,
    "test_log_posterior": -11294.586237198377
  }
}