{
  "experiment_id": "s3_sigma0.1_nx50_T0.3_lam0.5_m5_seed101",
  "config": {
    "s": 3,
    "sensor_positions": [
      0.2,
      0.5,
      0.8
    ],
    "placement_type": "shifted",
    "sigma": 0.1,
    "n_x": 50,
    "T": 0.3,
    "lambda": 0.5,
    "c": 1.0,
    "m": 5,
    "n_t": 50,
    "seed": 101,
    "delta": 0.05,
    "alpha": 0.001,
    "M": 2000,
    "R": 100,
    "n": 150,
    "Delta_x": 0.02,
    "Delta_t": 0.006122448979591836,
    "mcmc_n_steps": 10000,
    "mcmc_n_burn": 2000,
    "is_baseline": false
  },
  "status": "success",
  "dataset": {
    "kappa_star": [
      2.3073951969585615,
      2.4973365540384895,
      0.5996597926733394,
      1.1003257967878608,
      2.898469435940594
    ],
    "n_observations": 150
  },
  "mcmc": {
    "acceptance_rate": 0.39019166666666666,
    "ess_min": 133.75371251652615,
    "ess_mean": 170.73098658668994,
    "ess_per_coord": [
      133.75371251652615,
      134.905271016919,
      135.73149151236694,
      223.07148154713528,
      226.19297634050236
    ],
    "n_chunks": 8,
    "total_steps": 40000,
    "converged": false,
    "efficiency": 0.0033438428129131535,
    "n_forward_evals": 40000
  },
  "certificate": {
    "L_hat": 103.15734665236387,
    "KL": 0.0,
    "eta_h": 0.0002,
    "delta_term": 0.03994309698071988,
    "B_lambda": 103.1974897493446,
    "components": {
      "empirical_term": 103.15734665236387,
      "kl_term": 0.0,
      "discretization_term": 0.0002,
      "confidence_term": 0.03994309698071988
    },
    "valid": true
  },
  "posterior_summary": {
    "mean": [
      2.203882715851439,
      2.2497082254252168,
      2.4256176973771604,
      2.6704277740290916,
      1.1606667104620312
    ],
    "std": [
      0.24092287513278948,
      0.2346356007986505,
      0.10008626113609824,
      0.1613081891529304,
      0.1190295807625673
    ]
  },
  "performance": {
    "runtime": 182.74619698524475,
    "test_log_posterior": -2972.1547217301854
  }
}