{
  "experiment_id": "s3_sigma0.2_nx50_T0.3_lam2.0_m3_seed303",
  "config": {
    "s": 3,
    "sensor_positions": [
      0.2,
      0.5,
      0.8
    ],
    "placement_type": "shifted",
    "sigma": 0.2,
    "n_x": 50,
    "T": 0.3,
    "lambda": 2.0,
    "c": 1.0,
    "m": 3,
    "n_t": 100,
    "seed": 303,
    "delta": 0.05,
    "alpha": 0.001,
    "M": 2000,
    "R": 100,
    "n": 300,
    "Delta_x": 0.02,
    "Delta_t": 0.0030303030303030303,
    "mcmc_n_steps": 10000,
    "mcmc_n_burn": 2000,
    "is_baseline": false
  },
  "status": "success",
  "dataset": {
    "kappa_star": [
      3.12551948199565,
      1.4836227496566199,
      2.427779995862962
    ],
    "n_observations": 300
  },
  "mcmc": {
    "acceptance_rate": 0.5576,
    "ess_min": 571.5694940183814,
    "ess_mean": 610.0431454169297,
    "ess_per_coord": [
      649.4503248805761,
      571.5694940183814,
      609.1096173518317
    ],
    "n_chunks": 2,
    "total_steps": 10000,
    "converged": true,
    "efficiency": 0.057156949401838145,
    "n_forward_evals": 10000
  },
  "certificate": {
    "L_hat": 220.84031704196255,
    "KL": 0.0,
    "eta_h": 0.0002,
    "delta_term": 0.004992887122589985,
    "B_lambda": 220.84550992908515,
    "components": {
      "empirical_term": 220.84031704196255,
      "kl_term": 0.0,
      "discretization_term": 0.0002,
      "confidence_term": 0.004992887122589985
    },
    "valid": true
  },
  "posterior_summary": {
    "mean": [
      3.57026897587246,
      3.1376589122551515,
      2.8739624872957497
    ],
    "std": [
      0.05606638497795572,
      0.027703727611928394,
      0.04739372600945269
    ]
  },
  "performance": {
    "runtime": 47.356005907058716,
    "test_log_posterior": -3091.1211050739084
  }
}