{
  "experiment_id": "s3_sigma0.1_nx50_T0.3_lam0.5_m3_seed303",
  "config": {
    "s": 3,
    "sensor_positions": [
      0.25,
      0.5,
      0.75
    ],
    "placement_type": "fixed",
    "sigma": 0.1,
    "n_x": 50,
    "T": 0.3,
    "lambda": 0.5,
    "c": 1.0,
    "m": 3,
    "n_t": 50,
    "seed": 303,
    "delta": 0.05,
    "alpha": 0.001,
    "M": 2000,
    "R": 100,
    "n": 150,
    "Delta_x": 0.02,
    "Delta_t": 0.006122448979591836,
    "mcmc_n_steps": 10000,
    "mcmc_n_burn": 2000,
    "is_baseline": false
  },
  "status": "success",
  "dataset": {
    "kappa_star": [
      3.12551948199565,
      1.4836227496566199,
      2.427779995862962
    ],
    "n_observations": 150
  },
  "mcmc": {
    "acceptance_rate": 0.49584999999999996,
    "ess_min": 554.4221311788519,
    "ess_mean": 704.3823720064253,
    "ess_per_coord": [
      554.4221311788519,
      644.0832255813953,
      914.6417592590286
    ],
    "n_chunks": 2,
    "total_steps": 10000,
    "converged": true,
    "efficiency": 0.05544221311788519,
    "n_forward_evals": 10000
  },
  "certificate": {
    "L_hat": 204.47835102474943,
    "KL": 0.0,
    "eta_h": 0.0002,
    "delta_term": 0.03994309698071988,
    "B_lambda": 204.51849412173016,
    "components": {
      "empirical_term": 204.47835102474943,
      "kl_term": 0.0,
      "discretization_term": 0.0002,
      "confidence_term": 0.03994309698071988
    },
    "valid": true
  },
  "posterior_summary": {
    "mean": [
      3.257374897131707,
      3.1990668659086547,
      2.63661756140978
    ],
    "std": [
      0.06069739211901754,
      0.04335390854763333,
      0.05448899605784302
    ]
  },
  "performance": {
    "runtime": 24.875590085983276,
    "test_log_posterior": -1484.100738736641
  }
}