{
  "experiment_id": "s3_sigma0.2_nx100_T0.5_lam1.0_m5_seed101",
  "config": {
    "s": 3,
    "sensor_positions": [
      0.2,
      0.5,
      0.8
    ],
    "placement_type": "shifted",
    "sigma": 0.2,
    "n_x": 100,
    "T": 0.5,
    "lambda": 1.0,
    "c": 1.0,
    "m": 5,
    "n_t": 50,
    "seed": 101,
    "delta": 0.05,
    "alpha": 0.001,
    "M": 2000,
    "R": 100,
    "n": 150,
    "Delta_x": 0.01,
    "Delta_t": 0.01020408163265306,
    "mcmc_n_steps": 10000,
    "mcmc_n_burn": 2000,
    "is_baseline": false
  },
  "status": "success",
  "dataset": {
    "kappa_star": [
      2.3073951969585615,
      2.4973365540384895,
      0.5996597926733394,
      1.1003257967878608,
      2.898469435940594
    ],
    "n_observations": 150
  },
  "mcmc": {
    "acceptance_rate": 0.425175,
    "ess_min": 437.4770609644338,
    "ess_mean": 603.4204005760721,
    "ess_per_coord": [
      781.9634054506382,
      702.2279468192279,
      619.356086630386,
      437.4770609644338,
      476.0775030156749
    ],
    "n_chunks": 8,
    "total_steps": 40000,
    "converged": true,
    "efficiency": 0.010936926524110845,
    "n_forward_evals": 40000
  },
  "certificate": {
    "L_hat": 92.25903374380634,
    "KL": 0.0,
    "eta_h": 5e-05,
    "delta_term": 0.01997154849035994,
    "B_lambda": 92.2790552922967,
    "components": {
      "empirical_term": 92.25903374380634,
      "kl_term": 0.0,
      "discretization_term": 5e-05,
      "confidence_term": 0.01997154849035994
    },
    "valid": true
  },
  "posterior_summary": {
    "mean": [
      2.045050131162535,
      2.4642274382163514,
      2.4912453028456705,
      2.504330161950971,
      1.3306789687719445
    ],
    "std": [
      0.23062734196781584,
      0.2400281813710456,
      0.10619950949805754,
      0.202253464131053,
      0.16609523496139214
    ]
  },
  "performance": {
    "runtime": 241.0720820426941,
    "test_log_posterior": -1195.006663669263
  }
}