{
  "experiment_id": "s3_sigma0.2_nx100_T0.5_lam2.0_m5_seed202",
  "config": {
    "s": 3,
    "sensor_positions": [
      0.25,
      0.5,
      0.75
    ],
    "placement_type": "fixed",
    "sigma": 0.2,
    "n_x": 100,
    "T": 0.5,
    "lambda": 2.0,
    "c": 1.0,
    "m": 5,
    "n_t": 100,
    "seed": 202,
    "delta": 0.05,
    "alpha": 0.001,
    "M": 2000,
    "R": 100,
    "n": 300,
    "Delta_x": 0.01,
    "Delta_t": 0.005050505050505051,
    "mcmc_n_steps": 10000,
    "mcmc_n_burn": 2000,
    "is_baseline": false
  },
  "status": "success",
  "dataset": {
    "kappa_star": [
      1.2847216299636934,
      1.4241900884838463,
      3.920764034845088,
      3.9752807832159958,
      3.9824723567684557
    ],
    "n_observations": 300
  },
  "mcmc": {
    "acceptance_rate": 0.13660000000000003,
    "ess_min": 340.0035721145105,
    "ess_mean": 1372.8797816187703,
    "ess_per_coord": [
      3230.456296462715,
      1533.7407992539936,
      1012.5470975105918,
      747.65114275204,
      340.0035721145105
    ],
    "n_chunks": 8,
    "total_steps": 40000,
    "converged": false,
    "efficiency": 0.008500089302862763,
    "n_forward_evals": 40000
  },
  "certificate": {
    "L_hat": 1684.8055873044411,
    "KL": 0.0,
    "eta_h": 5e-05,
    "delta_term": 0.004992887122589985,
    "B_lambda": 1684.8106301915639,
    "components": {
      "empirical_term": 1684.8055873044411,
      "kl_term": 0.0,
      "discretization_term": 5e-05,
      "confidence_term": 0.004992887122589985
    },
    "valid": true
  },
  "posterior_summary": {
    "mean": [
      1.7893223650540355,
      3.7059357318586312,
      4.994162809108477,
      4.996338514550786,
      4.991465582474338
    ],
    "std": [
      0.06414624984288565,
      0.050334071219981597,
      0.005439588334187528,
      0.0035919853647176604,
      0.00974958899297818
    ]
  },
  "performance": {
    "runtime": 458.7924790382385,
    "test_log_posterior": -8630.400607115851
  }
}