{
  "experiment_id": "s5_sigma0.1_nx50_T0.5_lam0.5_m5_seed101",
  "config": {
    "s": 5,
    "sensor_positions": [
      0.2,
      0.35,
      0.5,
      0.65,
      0.8
    ],
    "placement_type": "shifted",
    "sigma": 0.1,
    "n_x": 50,
    "T": 0.5,
    "lambda": 0.5,
    "c": 1.0,
    "m": 5,
    "n_t": 50,
    "seed": 101,
    "delta": 0.05,
    "alpha": 0.001,
    "M": 2000,
    "R": 100,
    "n": 250,
    "Delta_x": 0.02,
    "Delta_t": 0.01020408163265306,
    "mcmc_n_steps": 10000,
    "mcmc_n_burn": 2000,
    "is_baseline": false
  },
  "status": "success",
  "dataset": {
    "kappa_star": [
      2.3073951969585615,
      2.4973365540384895,
      0.5996597926733394,
      1.1003257967878608,
      2.898469435940594
    ],
    "n_observations": 250
  },
  "mcmc": {
    "acceptance_rate": 0.5157600000000001,
    "ess_min": 454.63598773655224,
    "ess_mean": 681.388186999405,
    "ess_per_coord": [
      950.9245156101304,
      854.977150300805,
      617.3788886815241,
      454.63598773655224,
      529.0243926680138
    ],
    "n_chunks": 5,
    "total_steps": 25000,
    "converged": true,
    "efficiency": 0.018185439509462088,
    "n_forward_evals": 25000
  },
  "certificate": {
    "L_hat": 444.98995456936007,
    "KL": 0.0,
    "eta_h": 0.0002,
    "delta_term": 0.023965858188431926,
    "B_lambda": 445.0141204275485,
    "components": {
      "empirical_term": 444.98995456936007,
      "kl_term": 0.0,
      "discretization_term": 0.0002,
      "confidence_term": 0.023965858188431926
    },
    "valid": true
  },
  "posterior_summary": {
    "mean": [
      1.8035186335599023,
      2.8507582347373814,
      2.4365804459650793,
      2.221514438794825,
      1.4631572539099513
    ],
    "std": [
      0.08709749687238955,
      0.07441630268806111,
      0.05037521151037233,
      0.05907797084795694,
      0.07911866340688646
    ]
  },
  "performance": {
    "runtime": 232.82572412490845,
    "test_log_posterior": -4055.547246619439
  }
}