{
  "experiment_id": "s3_sigma0.05_nx100_T0.5_lam2.0_m3_seed101",
  "config": {
    "s": 3,
    "sensor_positions": [
      0.25,
      0.5,
      0.75
    ],
    "placement_type": "fixed",
    "sigma": 0.05,
    "n_x": 100,
    "T": 0.5,
    "lambda": 2.0,
    "c": 1.0,
    "m": 3,
    "n_t": 50,
    "seed": 101,
    "delta": 0.05,
    "alpha": 0.001,
    "M": 2000,
    "R": 100,
    "n": 150,
    "Delta_x": 0.01,
    "Delta_t": 0.01020408163265306,
    "mcmc_n_steps": 10000,
    "mcmc_n_burn": 2000,
    "is_baseline": false
  },
  "status": "success",
  "dataset": {
    "kappa_star": [
      2.3073951969585615,
      2.4973365540384895,
      0.5996597926733394
    ],
    "n_observations": 150
  },
  "mcmc": {
    "acceptance_rate": 0.5511999999999999,
    "ess_min": 530.6860696339434,
    "ess_mean": 601.8632642490707,
    "ess_per_coord": [
      530.6860696339434,
      539.0227320366315,
      735.8809910766371
    ],
    "n_chunks": 2,
    "total_steps": 10000,
    "converged": true,
    "efficiency": 0.053068606963394334,
    "n_forward_evals": 10000
  },
  "certificate": {
    "L_hat": 1289.9777809961859,
    "KL": 0.0,
    "eta_h": 5e-05,
    "delta_term": 0.00998577424517997,
    "B_lambda": 1289.9878167704312,
    "components": {
      "empirical_term": 1289.9777809961859,
      "kl_term": 0.0,
      "discretization_term": 5e-05,
      "confidence_term": 0.00998577424517997
    },
    "valid": true
  },
  "posterior_summary": {
    "mean": [
      2.9771104890580897,
      3.3360365645362715,
      1.3314061665752244
    ],
    "std": [
      0.01714761252113404,
      0.015336560383291079,
      0.011965190193988872
    ]
  },
  "performance": {
    "runtime": 19.84882116317749,
    "test_log_posterior": -10123.720344735108
  }
}