{
  "experiment_id": "s3_sigma0.05_nx100_T0.3_lam1.0_m5_seed202",
  "config": {
    "s": 3,
    "sensor_positions": [
      0.2,
      0.5,
      0.8
    ],
    "placement_type": "shifted",
    "sigma": 0.05,
    "n_x": 100,
    "T": 0.3,
    "lambda": 1.0,
    "c": 1.0,
    "m": 5,
    "n_t": 100,
    "seed": 202,
    "delta": 0.05,
    "alpha": 0.001,
    "M": 2000,
    "R": 100,
    "n": 300,
    "Delta_x": 0.01,
    "Delta_t": 0.0030303030303030303,
    "mcmc_n_steps": 10000,
    "mcmc_n_burn": 2000,
    "is_baseline": false
  },
  "status": "success",
  "dataset": {
    "kappa_star": [
      1.2847216299636934,
      1.4241900884838463,
      3.920764034845088,
      3.9752807832159958,
      3.9824723567684557
    ],
    "n_observations": 300
  },
  "mcmc": {
    "acceptance_rate": 0.10669166666666667,
    "ess_min": 108.34757137401284,
    "ess_mean": 960.1892201095956,
    "ess_per_coord": [
      570.4782583388421,
      575.0474542791535,
      129.69910081886715,
      108.34757137401284,
      3417.3737157371024
    ],
    "n_chunks": 8,
    "total_steps": 40000,
    "converged": false,
    "efficiency": 0.0027086892843503213,
    "n_forward_evals": 40000
  },
  "certificate": {
    "L_hat": 17104.699372325864,
    "KL": 0.0,
    "eta_h": 5e-05,
    "delta_term": 0.00998577424517997,
    "B_lambda": 17104.70940810011,
    "components": {
      "empirical_term": 17104.699372325864,
      "kl_term": 0.0,
      "discretization_term": 5e-05,
      "confidence_term": 0.00998577424517997
    },
    "valid": true
  },
  "posterior_summary": {
    "mean": [
      0.4598977150730439,
      4.433792747206913,
      4.999771209794019,
      4.999468482275021,
      3.7035901715137682
    ],
    "std": [
      0.010109389268891116,
      0.017682263232841444,
      0.0003347260227443808,
      0.0006148002938994027,
      0.018390409742127946
    ]
  },
  "performance": {
    "runtime": 447.5606498718262,
    "test_log_posterior": -65023.5220354614
  }
}