{
  "experiment_id": "s3_sigma0.05_nx100_T0.5_lam2.0_m5_seed202",
  "config": {
    "s": 3,
    "sensor_positions": [
      0.2,
      0.5,
      0.8
    ],
    "placement_type": "shifted",
    "sigma": 0.05,
    "n_x": 100,
    "T": 0.5,
    "lambda": 2.0,
    "c": 1.0,
    "m": 5,
    "n_t": 100,
    "seed": 202,
    "delta": 0.05,
    "alpha": 0.001,
    "M": 2000,
    "R": 100,
    "n": 300,
    "Delta_x": 0.01,
    "Delta_t": 0.005050505050505051,
    "mcmc_n_steps": 10000,
    "mcmc_n_burn": 2000,
    "is_baseline": false
  },
  "status": "success",
  "dataset": {
    "kappa_star": [
      1.2847216299636934,
      1.4241900884838463,
      3.920764034845088,
      3.9752807832159958,
      3.9824723567684557
    ],
    "n_observations": 300
  },
  "mcmc": {
    "acceptance_rate": 0.3748,
    "ess_min": 531.3678924643863,
    "ess_mean": 840.327157978036,
    "ess_per_coord": [
      1231.1116967003043,
      788.0025419917982,
      531.3678924643863,
      575.8878660530961,
      1075.265792680595
    ],
    "n_chunks": 3,
    "total_steps": 15000,
    "converged": true,
    "efficiency": 0.03542452616429242,
    "n_forward_evals": 15000
  },
  "certificate": {
    "L_hat": 18459.681747364568,
    "KL": 0.0,
    "eta_h": 5e-05,
    "delta_term": 0.004992887122589985,
    "B_lambda": 18459.68679025169,
    "components": {
      "empirical_term": 18459.681747364568,
      "kl_term": 0.0,
      "discretization_term": 5e-05,
      "confidence_term": 0.004992887122589985
    },
    "valid": true
  },
  "posterior_summary": {
    "mean": [
      0.8415267603183714,
      3.836498480132594,
      4.999604497481304,
      4.99664098677146,
      3.622827176955631
    ],
    "std": [
      0.008998939769672185,
      0.01292183352694194,
      0.00040547009538823285,
      0.003067596289116245,
      0.01575905522080014
    ]
  },
  "performance": {
    "runtime": 101.01607608795166,
    "test_log_posterior": -89144.70633165124
  }
}