{
  "experiment_id": "s5_sigma0.2_nx100_T0.3_lam1.0_m5_seed303",
  "config": {
    "s": 5,
    "sensor_positions": [
      0.1,
      0.3,
      0.5,
      0.7,
      0.9
    ],
    "placement_type": "fixed",
    "sigma": 0.2,
    "n_x": 100,
    "T": 0.3,
    "lambda": 1.0,
    "c": 1.0,
    "m": 5,
    "n_t": 50,
    "seed": 303,
    "delta": 0.05,
    "alpha": 0.001,
    "M": 2000,
    "R": 100,
    "n": 250,
    "Delta_x": 0.01,
    "Delta_t": 0.006122448979591836,
    "mcmc_n_steps": 10000,
    "mcmc_n_burn": 2000,
    "is_baseline": false
  },
  "status": "success",
  "dataset": {
    "kappa_star": [
      3.12551948199565,
      1.4836227496566199,
      2.427779995862962,
      3.3381215081208255,
      2.6741059937440994
    ],
    "n_observations": 250
  },
  "mcmc": {
    "acceptance_rate": 0.5758000000000001,
    "ess_min": 430.2239718420086,
    "ess_mean": 542.982700079206,
    "ess_per_coord": [
      804.088563221787,
      500.14407881887934,
      453.6284009333907,
      430.2239718420086,
      526.8284855799645
    ],
    "n_chunks": 3,
    "total_steps": 15000,
    "converged": true,
    "efficiency": 0.028681598122800574,
    "n_forward_evals": 15000
  },
  "certificate": {
    "L_hat": 634.8267331497839,
    "KL": 0.0,
    "eta_h": 5e-05,
    "delta_term": 0.011982929094215963,
    "B_lambda": 634.838766078878,
    "components": {
      "empirical_term": 634.8267331497839,
      "kl_term": 0.0,
      "discretization_term": 5e-05,
      "confidence_term": 0.011982929094215963
    },
    "valid": true
  },
  "posterior_summary": {
    "mean": [
      3.3937505917316093,
      3.6538332128485886,
      4.253430810095563,
      4.489842209910725,
      4.1599359308574435
    ],
    "std": [
      0.14166821080830672,
      0.08466701947064678,
      0.06902861792948711,
      0.08179672817338837,
      0.1403731646001665
    ]
  },
  "performance": {
    "runtime": 89.84003281593323,
    "test_log_posterior": -3952.1776711604543
  }
}