{
  "experiment_id": "s3_sigma0.1_nx50_T0.3_lam1.0_m5_seed101",
  "config": {
    "s": 3,
    "sensor_positions": [
      0.2,
      0.5,
      0.8
    ],
    "placement_type": "shifted",
    "sigma": 0.1,
    "n_x": 50,
    "T": 0.3,
    "lambda": 1.0,
    "c": 1.0,
    "m": 5,
    "n_t": 100,
    "seed": 101,
    "delta": 0.05,
    "alpha": 0.001,
    "M": 2000,
    "R": 100,
    "n": 300,
    "Delta_x": 0.02,
    "Delta_t": 0.0030303030303030303,
    "mcmc_n_steps": 10000,
    "mcmc_n_burn": 2000,
    "is_baseline": false
  },
  "status": "success",
  "dataset": {
    "kappa_star": [
      2.3073951969585615,
      2.4973365540384895,
      0.5996597926733394,
      1.1003257967878608,
      2.898469435940594
    ],
    "n_observations": 300
  },
  "mcmc": {
    "acceptance_rate": 0.4653416666666666,
    "ess_min": 157.82132084148313,
    "ess_mean": 188.82989880915724,
    "ess_per_coord": [
      162.0731391747212,
      157.82132084148313,
      205.70867239360763,
      206.61725797877713,
      211.92910365719717
    ],
    "n_chunks": 8,
    "total_steps": 40000,
    "converged": false,
    "efficiency": 0.0039455330210370785,
    "n_forward_evals": 40000
  },
  "certificate": {
    "L_hat": 222.10068473328647,
    "KL": 0.0,
    "eta_h": 0.0002,
    "delta_term": 0.00998577424517997,
    "B_lambda": 222.11087050753164,
    "components": {
      "empirical_term": 222.10068473328647,
      "kl_term": 0.0,
      "discretization_term": 0.0002,
      "confidence_term": 0.00998577424517997
    },
    "valid": true
  },
  "posterior_summary": {
    "mean": [
      2.0644779447796906,
      2.384344479825615,
      2.374678429244472,
      2.544662409692282,
      1.2213886672104308
    ],
    "std": [
      0.09770843033584406,
      0.1011900509459048,
      0.04100853626489849,
      0.07453433444775141,
      0.05632329058505454
    ]
  },
  "performance": {
    "runtime": 309.7974510192871,
    "test_log_posterior": -11516.055002576542
  }
}