{
  "experiment_id": "s5_sigma0.05_nx50_T0.3_lam0.5_m5_seed303",
  "config": {
    "s": 5,
    "sensor_positions": [
      0.1,
      0.3,
      0.5,
      0.7,
      0.9
    ],
    "placement_type": "fixed",
    "sigma": 0.05,
    "n_x": 50,
    "T": 0.3,
    "lambda": 0.5,
    "c": 1.0,
    "m": 5,
    "n_t": 50,
    "seed": 303,
    "delta": 0.05,
    "alpha": 0.001,
    "M": 2000,
    "R": 100,
    "n": 250,
    "Delta_x": 0.02,
    "Delta_t": 0.006122448979591836,
    "mcmc_n_steps": 10000,
    "mcmc_n_burn": 2000,
    "is_baseline": false
  },
  "status": "success",
  "dataset": {
    "kappa_star": [
      3.12551948199565,
      1.4836227496566199,
      2.427779995862962,
      3.3381215081208255,
      2.6741059937440994
    ],
    "n_observations": 250
  },
  "mcmc": {
    "acceptance_rate": 0.5459777777777778,
    "ess_min": 522.4300351697043,
    "ess_mean": 603.7954468839724,
    "ess_per_coord": [
      657.4667909871944,
      697.229370671707,
      522.4300351697043,
      578.651535180468,
      563.1995024107888
    ],
    "n_chunks": 3,
    "total_steps": 15000,
    "converged": true,
    "efficiency": 0.03482866901131362,
    "n_forward_evals": 15000
  },
  "certificate": {
    "L_hat": 9127.348704513517,
    "KL": 0.0,
    "eta_h": 0.0002,
    "delta_term": 0.023965858188431926,
    "B_lambda": 9127.372870371706,
    "components": {
      "empirical_term": 9127.348704513517,
      "kl_term": 0.0,
      "discretization_term": 0.0002,
      "confidence_term": 0.023965858188431926
    },
    "valid": true
  },
  "posterior_summary": {
    "mean": [
      3.4136765150908985,
      3.6398839672051855,
      4.2426406243205985,
      4.457139424236086,
      4.263075617950955
    ],
    "std": [
      0.061308452605150866,
      0.03064622639786876,
      0.024559416366043356,
      0.029090011660895497,
      0.05147812867462407
    ]
  },
  "performance": {
    "runtime": 145.9619858264923,
    "test_log_posterior": -31117.715059280832
  }
}