{
  "experiment_id": "s5_sigma0.1_nx50_T0.3_lam0.5_m3_seed101",
  "config": {
    "s": 5,
    "sensor_positions": [
      0.1,
      0.3,
      0.5,
      0.7,
      0.9
    ],
    "placement_type": "fixed",
    "sigma": 0.1,
    "n_x": 50,
    "T": 0.3,
    "lambda": 0.5,
    "c": 1.0,
    "m": 3,
    "n_t": 100,
    "seed": 101,
    "delta": 0.05,
    "alpha": 0.001,
    "M": 2000,
    "R": 100,
    "n": 500,
    "Delta_x": 0.02,
    "Delta_t": 0.0030303030303030303,
    "mcmc_n_steps": 10000,
    "mcmc_n_burn": 2000,
    "is_baseline": false
  },
  "status": "success",
  "dataset": {
    "kappa_star": [
      2.3073951969585615,
      2.4973365540384895,
      0.5996597926733394
    ],
    "n_observations": 500
  },
  "mcmc": {
    "acceptance_rate": 0.52895,
    "ess_min": 443.6623684492784,
    "ess_mean": 540.000560866471,
    "ess_per_coord": [
      443.6623684492784,
      509.42218937020294,
      666.9171247799317
    ],
    "n_chunks": 2,
    "total_steps": 10000,
    "converged": true,
    "efficiency": 0.04436623684492784,
    "n_forward_evals": 10000
  },
  "certificate": {
    "L_hat": 592.6198374624729,
    "KL": 0.0,
    "eta_h": 0.0002,
    "delta_term": 0.011982929094215963,
    "B_lambda": 592.632020391567,
    "components": {
      "empirical_term": 592.6198374624729,
      "kl_term": 0.0,
      "discretization_term": 0.0002,
      "confidence_term": 0.011982929094215963
    },
    "valid": true
  },
  "posterior_summary": {
    "mean": [
      2.555939534812542,
      3.458351170565288,
      1.0862477460322142
    ],
    "std": [
      0.03357506568008572,
      0.030996480769977686,
      0.024771686836122502
    ]
  },
  "performance": {
    "runtime": 48.18152594566345,
    "test_log_posterior": -1691.0133307108401
  }
}