{
  "experiment_id": "s5_sigma0.1_nx100_T0.3_lam2.0_m5_seed303",
  "config": {
    "s": 5,
    "sensor_positions": [
      0.1,
      0.3,
      0.5,
      0.7,
      0.9
    ],
    "placement_type": "fixed",
    "sigma": 0.1,
    "n_x": 100,
    "T": 0.3,
    "lambda": 2.0,
    "c": 1.0,
    "m": 5,
    "n_t": 100,
    "seed": 303,
    "delta": 0.05,
    "alpha": 0.001,
    "M": 2000,
    "R": 100,
    "n": 500,
    "Delta_x": 0.01,
    "Delta_t": 0.0030303030303030303,
    "mcmc_n_steps": 10000,
    "mcmc_n_burn": 2000,
    "is_baseline": false
  },
  "status": "success",
  "dataset": {
    "kappa_star": [
      3.12551948199565,
      1.4836227496566199,
      2.427779995862962,
      3.3381215081208255,
      2.6741059937440994
    ],
    "n_observations": 500
  },
  "mcmc": {
    "acceptance_rate": 0.5679555555555557,
    "ess_min": 419.3459267629328,
    "ess_mean": 505.06150852047074,
    "ess_per_coord": [
      469.10444906139475,
      419.3459267629328,
      606.9907923937583,
      527.8238633893935,
      502.0425109948745
    ],
    "n_chunks": 3,
    "total_steps": 15000,
    "converged": true,
    "efficiency": 0.027956395117528853,
    "n_forward_evals": 15000
  },
  "certificate": {
    "L_hat": 4921.54452150244,
    "KL": 0.0,
    "eta_h": 5e-05,
    "delta_term": 0.0029957322735539907,
    "B_lambda": 4921.547567234713,
    "components": {
      "empirical_term": 4921.54452150244,
      "kl_term": 0.0,
      "discretization_term": 5e-05,
      "confidence_term": 0.0029957322735539907
    },
    "valid": true
  },
  "posterior_summary": {
    "mean": [
      3.404646636148881,
      3.640899935655792,
      4.240586787884356,
      4.44021549208774,
      4.330591743800946
    ],
    "std": [
      0.034529210458617766,
      0.018922033927320055,
      0.017392160630063696,
      0.022122636451528194,
      0.03758112319778249
    ]
  },
  "performance": {
    "runtime": 277.953311920166,
    "test_log_posterior": -62508.731891899544
  }
}