{
  "experiment_id": "s3_sigma0.05_nx100_T0.5_lam1.0_m5_seed101",
  "config": {
    "s": 3,
    "sensor_positions": [
      0.25,
      0.5,
      0.75
    ],
    "placement_type": "fixed",
    "sigma": 0.05,
    "n_x": 100,
    "T": 0.5,
    "lambda": 1.0,
    "c": 1.0,
    "m": 5,
    "n_t": 100,
    "seed": 101,
    "delta": 0.05,
    "alpha": 0.001,
    "M": 2000,
    "R": 100,
    "n": 300,
    "Delta_x": 0.01,
    "Delta_t": 0.005050505050505051,
    "mcmc_n_steps": 10000,
    "mcmc_n_burn": 2000,
    "is_baseline": false
  },
  "status": "success",
  "dataset": {
    "kappa_star": [
      2.3073951969585615,
      2.4973365540384895,
      0.5996597926733394,
      1.1003257967878608,
      2.898469435940594
    ],
    "n_observations": 300
  },
  "mcmc": {
    "acceptance_rate": 0.5148533333333334,
    "ess_min": 469.069545694449,
    "ess_mean": 562.4929481512362,
    "ess_per_coord": [
      614.7971844769902,
      626.6018051176262,
      616.1738903196654,
      469.069545694449,
      485.82231514745047
    ],
    "n_chunks": 5,
    "total_steps": 25000,
    "converged": true,
    "efficiency": 0.01876278182777796,
    "n_forward_evals": 25000
  },
  "certificate": {
    "L_hat": 1955.8998864481898,
    "KL": 0.0,
    "eta_h": 5e-05,
    "delta_term": 0.00998577424517997,
    "B_lambda": 1955.9099222224352,
    "components": {
      "empirical_term": 1955.8998864481898,
      "kl_term": 0.0,
      "discretization_term": 5e-05,
      "confidence_term": 0.00998577424517997
    },
    "valid": true
  },
  "posterior_summary": {
    "mean": [
      3.0071216452818597,
      2.7409427503858694,
      2.3267921431893983,
      2.2988238994980583,
      2.341228628015143
    ],
    "std": [
      0.036663146389564916,
      0.022442232003640216,
      0.016273932264888418,
      0.026632076774536034,
      0.04752017559539749
    ]
  },
  "performance": {
    "runtime": 316.0291693210602,
    "test_log_posterior": -42096.094307023195
  }
}