{
  "experiment_id": "s3_sigma0.1_nx50_T0.5_lam2.0_m5_seed101",
  "config": {
    "s": 3,
    "sensor_positions": [
      0.25,
      0.5,
      0.75
    ],
    "placement_type": "fixed",
    "sigma": 0.1,
    "n_x": 50,
    "T": 0.5,
    "lambda": 2.0,
    "c": 1.0,
    "m": 5,
    "n_t": 100,
    "seed": 101,
    "delta": 0.05,
    "alpha": 0.001,
    "M": 2000,
    "R": 100,
    "n": 300,
    "Delta_x": 0.02,
    "Delta_t": 0.005050505050505051,
    "mcmc_n_steps": 10000,
    "mcmc_n_burn": 2000,
    "is_baseline": false
  },
  "status": "success",
  "dataset": {
    "kappa_star": [
      2.3073951969585615,
      2.4973365540384895,
      0.5996597926733394,
      1.1003257967878608,
      2.898469435940594
    ],
    "n_observations": 300
  },
  "mcmc": {
    "acceptance_rate": 0.5133777777777778,
    "ess_min": 428.96499206192397,
    "ess_mean": 730.513666623475,
    "ess_per_coord": [
      1094.4513997179236,
      922.3328959847719,
      763.4959805697141,
      428.96499206192397,
      443.32306478304184
    ],
    "n_chunks": 6,
    "total_steps": 30000,
    "converged": true,
    "efficiency": 0.0142988330687308,
    "n_forward_evals": 30000
  },
  "certificate": {
    "L_hat": 593.3862111000299,
    "KL": 0.0,
    "eta_h": 0.0002,
    "delta_term": 0.004992887122589985,
    "B_lambda": 593.3914039871524,
    "components": {
      "empirical_term": 593.3862111000299,
      "kl_term": 0.0,
      "discretization_term": 0.0002,
      "confidence_term": 0.004992887122589985
    },
    "valid": true
  },
  "posterior_summary": {
    "mean": [
      3.0222624512533933,
      2.7410152327209607,
      2.3363258171697323,
      2.30466199970251,
      2.318388277144921
    ],
    "std": [
      0.05064157625317957,
      0.028500818252451623,
      0.02004615696953855,
      0.034770835007888044,
      0.059302066072151466
    ]
  },
  "performance": {
    "runtime": 212.17688608169556,
    "test_log_posterior": -21322.912086428354
  }
}