{
  "experiment_id": "s5_sigma0.2_nx100_T0.3_lam2.0_m5_seed101",
  "config": {
    "s": 5,
    "sensor_positions": [
      0.1,
      0.3,
      0.5,
      0.7,
      0.9
    ],
    "placement_type": "fixed",
    "sigma": 0.2,
    "n_x": 100,
    "T": 0.3,
    "lambda": 2.0,
    "c": 1.0,
    "m": 5,
    "n_t": 100,
    "seed": 101,
    "delta": 0.05,
    "alpha": 0.001,
    "M": 2000,
    "R": 100,
    "n": 500,
    "Delta_x": 0.01,
    "Delta_t": 0.0030303030303030303,
    "mcmc_n_steps": 10000,
    "mcmc_n_burn": 2000,
    "is_baseline": false
  },
  "status": "success",
  "dataset": {
    "kappa_star": [
      2.3073951969585615,
      2.4973365540384895,
      0.5996597926733394,
      1.1003257967878608,
      2.898469435940594
    ],
    "n_observations": 500
  },
  "mcmc": {
    "acceptance_rate": 0.44345000000000007,
    "ess_min": 400.8781536034907,
    "ess_mean": 628.7725056624156,
    "ess_per_coord": [
      1043.623673626832,
      650.8069677683027,
      589.520214967731,
      400.8781536034907,
      459.0335183457213
    ],
    "n_chunks": 4,
    "total_steps": 20000,
    "converged": true,
    "efficiency": 0.020043907680174534,
    "n_forward_evals": 20000
  },
  "certificate": {
    "L_hat": 329.59677313241247,
    "KL": 0.0,
    "eta_h": 5e-05,
    "delta_term": 0.0029957322735539907,
    "B_lambda": 329.59981886468603,
    "components": {
      "empirical_term": 329.59677313241247,
      "kl_term": 0.0,
      "discretization_term": 5e-05,
      "confidence_term": 0.0029957322735539907
    },
    "valid": true
  },
  "posterior_summary": {
    "mean": [
      3.3634913439485516,
      2.915402067844742,
      2.2877202054394328,
      2.114803338787027,
      3.066684012452387
    ],
    "std": [
      0.09362899081728042,
      0.05010531551154869,
      0.03865592475754914,
      0.04282736675070311,
      0.0903578606484365
    ]
  },
  "performance": {
    "runtime": 231.65494775772095,
    "test_log_posterior": -9733.42909793872
  }
}