{
  "experiment_id": "s5_sigma0.05_nx100_T0.3_lam1.0_m5_seed101",
  "config": {
    "s": 5,
    "sensor_positions": [
      0.1,
      0.3,
      0.5,
      0.7,
      0.9
    ],
    "placement_type": "fixed",
    "sigma": 0.05,
    "n_x": 100,
    "T": 0.3,
    "lambda": 1.0,
    "c": 1.0,
    "m": 5,
    "n_t": 50,
    "seed": 101,
    "delta": 0.05,
    "alpha": 0.001,
    "M": 2000,
    "R": 100,
    "n": 250,
    "Delta_x": 0.01,
    "Delta_t": 0.006122448979591836,
    "mcmc_n_steps": 10000,
    "mcmc_n_burn": 2000,
    "is_baseline": false
  },
  "status": "success",
  "dataset": {
    "kappa_star": [
      2.3073951969585615,
      2.4973365540384895,
      0.5996597926733394,
      1.1003257967878608,
      2.898469435940594
    ],
    "n_observations": 250
  },
  "mcmc": {
    "acceptance_rate": 0.4638,
    "ess_min": 470.3952641823437,
    "ess_mean": 603.506719663809,
    "ess_per_coord": [
      876.4689344697904,
      632.0489393196943,
      509.57149009464194,
      470.3952641823437,
      529.0489702525748
    ],
    "n_chunks": 4,
    "total_steps": 20000,
    "converged": true,
    "efficiency": 0.023519763209117184,
    "n_forward_evals": 20000
  },
  "certificate": {
    "L_hat": 752.2243628474793,
    "KL": 0.0,
    "eta_h": 5e-05,
    "delta_term": 0.011982929094215963,
    "B_lambda": 752.2363957765734,
    "components": {
      "empirical_term": 752.2243628474793,
      "kl_term": 0.0,
      "discretization_term": 5e-05,
      "confidence_term": 0.011982929094215963
    },
    "valid": true
  },
  "posterior_summary": {
    "mean": [
      3.2781119322341516,
      2.936639891314487,
      2.2980042873475464,
      2.1353824569066564,
      3.0207799362955785
    ],
    "std": [
      0.044942044732959395,
      0.02662872290059876,
      0.017821396332080602,
      0.019155436507035974,
      0.04176978622145278
    ]
  },
  "performance": {
    "runtime": 214.92150282859802,
    "test_log_posterior": -37618.19362306325
  }
}