{
  "experiment_id": "s5_sigma0.05_nx50_T0.3_lam2.0_m3_seed303",
  "config": {
    "s": 5,
    "sensor_positions": [
      0.2,
      0.35,
      0.5,
      0.65,
      0.8
    ],
    "placement_type": "shifted",
    "sigma": 0.05,
    "n_x": 50,
    "T": 0.3,
    "lambda": 2.0,
    "c": 1.0,
    "m": 3,
    "n_t": 50,
    "seed": 303,
    "delta": 0.05,
    "alpha": 0.001,
    "M": 2000,
    "R": 100,
    "n": 250,
    "Delta_x": 0.02,
    "Delta_t": 0.006122448979591836,
    "mcmc_n_steps": 10000,
    "mcmc_n_burn": 2000,
    "is_baseline": false
  },
  "status": "success",
  "dataset": {
    "kappa_star": [
      3.12551948199565,
      1.4836227496566199,
      2.427779995862962
    ],
    "n_observations": 250
  },
  "mcmc": {
    "acceptance_rate": 0.5395,
    "ess_min": 527.2930160361391,
    "ess_mean": 798.8869343927036,
    "ess_per_coord": [
      527.2930160361391,
      894.3691229375404,
      974.9986642044311
    ],
    "n_chunks": 3,
    "total_steps": 15000,
    "converged": true,
    "efficiency": 0.0351528677357426,
    "n_forward_evals": 15000
  },
  "certificate": {
    "L_hat": 2652.3634094302693,
    "KL": 0.0,
    "eta_h": 0.0002,
    "delta_term": 0.0059914645471079815,
    "B_lambda": 2652.3696008948164,
    "components": {
      "empirical_term": 2652.3634094302693,
      "kl_term": 0.0,
      "discretization_term": 0.0002,
      "confidence_term": 0.0059914645471079815
    },
    "valid": true
  },
  "posterior_summary": {
    "mean": [
      3.3681842541783453,
      2.5847073688088904,
      2.602013183431175
    ],
    "std": [
      0.01620098048352317,
      0.00578350554098544,
      0.013799657241721993
    ]
  },
  "performance": {
    "runtime": 58.8572518825531,
    "test_log_posterior": -30792.057016628434
  }
}