{
  "experiment_id": "s3_sigma0.2_nx50_T0.3_lam1.0_m3_seed101",
  "config": {
    "s": 3,
    "sensor_positions": [
      0.2,
      0.5,
      0.8
    ],
    "placement_type": "shifted",
    "sigma": 0.2,
    "n_x": 50,
    "T": 0.3,
    "lambda": 1.0,
    "c": 1.0,
    "m": 3,
    "n_t": 100,
    "seed": 101,
    "delta": 0.05,
    "alpha": 0.001,
    "M": 2000,
    "R": 100,
    "n": 300,
    "Delta_x": 0.02,
    "Delta_t": 0.0030303030303030303,
    "mcmc_n_steps": 10000,
    "mcmc_n_burn": 2000,
    "is_baseline": false
  },
  "status": "success",
  "dataset": {
    "kappa_star": [
      2.3073951969585615,
      2.4973365540384895,
      0.5996597926733394
    ],
    "n_observations": 300
  },
  "mcmc": {
    "acceptance_rate": 0.5640499999999999,
    "ess_min": 570.6830984051685,
    "ess_mean": 623.363551787813,
    "ess_per_coord": [
      595.4804523676381,
      570.6830984051685,
      703.9271045906323
    ],
    "n_chunks": 2,
    "total_steps": 10000,
    "converged": true,
    "efficiency": 0.05706830984051685,
    "n_forward_evals": 10000
  },
  "certificate": {
    "L_hat": 224.5683624850274,
    "KL": 0.0,
    "eta_h": 0.0002,
    "delta_term": 0.00998577424517997,
    "B_lambda": 224.57854825927257,
    "components": {
      "empirical_term": 224.5683624850274,
      "kl_term": 0.0,
      "discretization_term": 0.0002,
      "confidence_term": 0.00998577424517997
    },
    "valid": true
  },
  "posterior_summary": {
    "mean": [
      3.19485923185067,
      3.4444962353217856,
      1.2895245117738094
    ],
    "std": [
      0.06980647510950203,
      0.03668450129676655,
      0.05126142025768839
    ]
  },
  "performance": {
    "runtime": 48.741738080978394,
    "test_log_posterior": -865.9606078887538
  }
}