{
  "experiment_id": "s3_sigma0.05_nx100_T0.5_lam0.5_m5_seed101",
  "config": {
    "s": 3,
    "sensor_positions": [
      0.25,
      0.5,
      0.75
    ],
    "placement_type": "fixed",
    "sigma": 0.05,
    "n_x": 100,
    "T": 0.5,
    "lambda": 0.5,
    "c": 1.0,
    "m": 5,
    "n_t": 50,
    "seed": 101,
    "delta": 0.05,
    "alpha": 0.001,
    "M": 2000,
    "R": 100,
    "n": 150,
    "Delta_x": 0.01,
    "Delta_t": 0.01020408163265306,
    "mcmc_n_steps": 10000,
    "mcmc_n_burn": 2000,
    "is_baseline": false
  },
  "status": "success",
  "dataset": {
    "kappa_star": [
      2.3073951969585615,
      2.4973365540384895,
      0.5996597926733394,
      1.1003257967878608,
      2.898469435940594
    ],
    "n_observations": 150
  },
  "mcmc": {
    "acceptance_rate": 0.48125555555555555,
    "ess_min": 515.5862332892452,
    "ess_mean": 663.0407381479314,
    "ess_per_coord": [
      721.8735761188863,
      730.55541205026,
      801.6546114597231,
      515.5862332892452,
      545.5338578215424
    ],
    "n_chunks": 6,
    "total_steps": 30000,
    "converged": true,
    "efficiency": 0.017186207776308176,
    "n_forward_evals": 30000
  },
  "certificate": {
    "L_hat": 952.7944274633986,
    "KL": 0.0,
    "eta_h": 5e-05,
    "delta_term": 0.03994309698071988,
    "B_lambda": 952.8344205603793,
    "components": {
      "empirical_term": 952.7944274633986,
      "kl_term": 0.0,
      "discretization_term": 5e-05,
      "confidence_term": 0.03994309698071988
    },
    "valid": true
  },
  "posterior_summary": {
    "mean": [
      2.9832008277678663,
      2.747765058783867,
      2.3399113403787783,
      2.298008535696903,
      2.375302694194046
    ],
    "std": [
      0.08065180583527277,
      0.048277554728837165,
      0.02912352736387352,
      0.0537257828940774,
      0.09463479599801182
    ]
  },
  "performance": {
    "runtime": 116.11819815635681,
    "test_log_posterior": -10744.733676065405
  }
}