{
  "experiment_id": "s5_sigma0.05_nx100_T0.5_lam2.0_m5_seed101",
  "config": {
    "s": 5,
    "sensor_positions": [
      0.2,
      0.35,
      0.5,
      0.65,
      0.8
    ],
    "placement_type": "shifted",
    "sigma": 0.05,
    "n_x": 100,
    "T": 0.5,
    "lambda": 2.0,
    "c": 1.0,
    "m": 5,
    "n_t": 50,
    "seed": 101,
    "delta": 0.05,
    "alpha": 0.001,
    "M": 2000,
    "R": 100,
    "n": 250,
    "Delta_x": 0.01,
    "Delta_t": 0.01020408163265306,
    "mcmc_n_steps": 10000,
    "mcmc_n_burn": 2000,
    "is_baseline": false
  },
  "status": "success",
  "dataset": {
    "kappa_star": [
      2.3073951969585615,
      2.4973365540384895,
      0.5996597926733394,
      1.1003257967878608,
      2.898469435940594
    ],
    "n_observations": 250
  },
  "mcmc": {
    "acceptance_rate": 0.5217,
    "ess_min": 410.3224820558668,
    "ess_mean": 619.7995592270529,
    "ess_per_coord": [
      979.2544632645119,
      704.0054324392935,
      522.7102563954074,
      410.3224820558668,
      482.7051619801845
    ],
    "n_chunks": 4,
    "total_steps": 20000,
    "converged": true,
    "efficiency": 0.02051612410279334,
    "n_forward_evals": 20000
  },
  "certificate": {
    "L_hat": 1417.4219943200203,
    "KL": 0.0,
    "eta_h": 5e-05,
    "delta_term": 0.0059914645471079815,
    "B_lambda": 1417.4280357845676,
    "components": {
      "empirical_term": 1417.4219943200203,
      "kl_term": 0.0,
      "discretization_term": 5e-05,
      "confidence_term": 0.0059914645471079815
    },
    "valid": true
  },
  "posterior_summary": {
    "mean": [
      1.8225912623102636,
      2.819217151575416,
      2.4223624771078103,
      2.2256838724527404,
      1.472713736671899
    ],
    "std": [
      0.020159117749118275,
      0.014598480551400951,
      0.013347766800156471,
      0.016865422749728447,
      0.021029486803674086
    ]
  },
  "performance": {
    "runtime": 115.00120973587036,
    "test_log_posterior": -63607.736709048586
  }
}