{
  "experiment_id": "s5_sigma0.2_nx50_T0.5_lam2.0_m5_seed101",
  "config": {
    "s": 5,
    "sensor_positions": [
      0.2,
      0.35,
      0.5,
      0.65,
      0.8
    ],
    "placement_type": "shifted",
    "sigma": 0.2,
    "n_x": 50,
    "T": 0.5,
    "lambda": 2.0,
    "c": 1.0,
    "m": 5,
    "n_t": 50,
    "seed": 101,
    "delta": 0.05,
    "alpha": 0.001,
    "M": 2000,
    "R": 100,
    "n": 250,
    "Delta_x": 0.02,
    "Delta_t": 0.01020408163265306,
    "mcmc_n_steps": 10000,
    "mcmc_n_burn": 2000,
    "is_baseline": false
  },
  "status": "success",
  "dataset": {
    "kappa_star": [
      2.3073951969585615,
      2.4973365540384895,
      0.5996597926733394,
      1.1003257967878608,
      2.898469435940594
    ],
    "n_observations": 250
  },
  "mcmc": {
    "acceptance_rate": 0.5793666666666667,
    "ess_min": 472.33893929861364,
    "ess_mean": 740.6454482549524,
    "ess_per_coord": [
      1128.4610523138429,
      783.8033551204036,
      659.4175602917569,
      472.33893929861364,
      659.2063342501447
    ],
    "n_chunks": 6,
    "total_steps": 30000,
    "converged": true,
    "efficiency": 0.015744631309953787,
    "n_forward_evals": 30000
  },
  "certificate": {
    "L_hat": 198.65405168111167,
    "KL": 0.0,
    "eta_h": 0.0002,
    "delta_term": 0.0059914645471079815,
    "B_lambda": 198.66024314565877,
    "components": {
      "empirical_term": 198.65405168111167,
      "kl_term": 0.0,
      "discretization_term": 0.0002,
      "confidence_term": 0.0059914645471079815
    },
    "valid": true
  },
  "posterior_summary": {
    "mean": [
      1.8093415874154601,
      2.8973126824849533,
      2.4536314800500936,
      2.1965584155268134,
      1.4518171905162598
    ],
    "std": [
      0.0815015031386346,
      0.05734411981009892,
      0.054523267166802836,
      0.06927432974174398,
      0.07926321007320672
    ]
  },
  "performance": {
    "runtime": 175.20295977592468,
    "test_log_posterior": -4291.452089021343
  }
}