{
  "experiment_id": "s5_sigma0.1_nx100_T0.5_lam0.5_m3_seed303",
  "config": {
    "s": 5,
    "sensor_positions": [
      0.2,
      0.35,
      0.5,
      0.65,
      0.8
    ],
    "placement_type": "shifted",
    "sigma": 0.1,
    "n_x": 100,
    "T": 0.5,
    "lambda": 0.5,
    "c": 1.0,
    "m": 3,
    "n_t": 100,
    "seed": 303,
    "delta": 0.05,
    "alpha": 0.001,
    "M": 2000,
    "R": 100,
    "n": 500,
    "Delta_x": 0.01,
    "Delta_t": 0.005050505050505051,
    "mcmc_n_steps": 10000,
    "mcmc_n_burn": 2000,
    "is_baseline": false
  },
  "status": "success",
  "dataset": {
    "kappa_star": [
      3.12551948199565,
      1.4836227496566199,
      2.427779995862962
    ],
    "n_observations": 500
  },
  "mcmc": {
    "acceptance_rate": 0.5414000000000001,
    "ess_min": 523.0615615202512,
    "ess_mean": 580.4301397972421,
    "ess_per_coord": [
      655.9111177291778,
      523.0615615202512,
      562.3177401422975
    ],
    "n_chunks": 2,
    "total_steps": 10000,
    "converged": true,
    "efficiency": 0.05230615615202512,
    "n_forward_evals": 10000
  },
  "certificate": {
    "L_hat": 1472.9990957171115,
    "KL": 0.0,
    "eta_h": 5e-05,
    "delta_term": 0.011982929094215963,
    "B_lambda": 1473.0111286462059,
    "components": {
      "empirical_term": 1472.9990957171115,
      "kl_term": 0.0,
      "discretization_term": 5e-05,
      "confidence_term": 0.011982929094215963
    },
    "valid": true
  },
  "posterior_summary": {
    "mean": [
      3.2937658353870716,
      2.5748656689076754,
      2.617898268494311
    ],
    "std": [
      0.05543995335375505,
      0.021409733527121274,
      0.047715799697394055
    ]
  },
  "performance": {
    "runtime": 48.48822593688965,
    "test_log_posterior": -2770.290124793992
  }
}