{
  "experiment_id": "s3_sigma0.1_nx50_T0.5_lam2.0_m5_seed101",
  "config": {
    "s": 3,
    "sensor_positions": [
      0.2,
      0.5,
      0.8
    ],
    "placement_type": "shifted",
    "sigma": 0.1,
    "n_x": 50,
    "T": 0.5,
    "lambda": 2.0,
    "c": 1.0,
    "m": 5,
    "n_t": 50,
    "seed": 101,
    "delta": 0.05,
    "alpha": 0.001,
    "M": 2000,
    "R": 100,
    "n": 150,
    "Delta_x": 0.02,
    "Delta_t": 0.01020408163265306,
    "mcmc_n_steps": 10000,
    "mcmc_n_burn": 2000,
    "is_baseline": false
  },
  "status": "success",
  "dataset": {
    "kappa_star": [
      2.3073951969585615,
      2.4973365540384895,
      0.5996597926733394,
      1.1003257967878608,
      2.898469435940594
    ],
    "n_observations": 150
  },
  "mcmc": {
    "acceptance_rate": 0.44855,
    "ess_min": 430.9740697795366,
    "ess_mean": 514.8709463051179,
    "ess_per_coord": [
      499.86262162366717,
      430.9740697795366,
      531.8192385989964,
      544.5890363372474,
      567.1097651861412
    ],
    "n_chunks": 8,
    "total_steps": 40000,
    "converged": true,
    "efficiency": 0.010774351744488415,
    "n_forward_evals": 40000
  },
  "certificate": {
    "L_hat": 177.4730380625984,
    "KL": 0.0,
    "eta_h": 0.0002,
    "delta_term": 0.00998577424517997,
    "B_lambda": 177.48322383684356,
    "components": {
      "empirical_term": 177.4730380625984,
      "kl_term": 0.0,
      "discretization_term": 0.0002,
      "confidence_term": 0.00998577424517997
    },
    "valid": true
  },
  "posterior_summary": {
    "mean": [
      2.043574575059866,
      2.4107357713723143,
      2.4314549710794156,
      2.537563798122989,
      1.2630881051542509
    ],
    "std": [
      0.07974662787900796,
      0.08156962876832653,
      0.03365166323260125,
      0.06333062212768804,
      0.04919351156730454
    ]
  },
  "performance": {
    "runtime": 240.01961398124695,
    "test_log_posterior": -8765.853410747388
  }
}