{
  "experiment_id": "s5_sigma0.05_nx50_T0.3_lam2.0_m3_seed101",
  "config": {
    "s": 5,
    "sensor_positions": [
      0.2,
      0.35,
      0.5,
      0.65,
      0.8
    ],
    "placement_type": "shifted",
    "sigma": 0.05,
    "n_x": 50,
    "T": 0.3,
    "lambda": 2.0,
    "c": 1.0,
    "m": 3,
    "n_t": 50,
    "seed": 101,
    "delta": 0.05,
    "alpha": 0.001,
    "M": 2000,
    "R": 100,
    "n": 250,
    "Delta_x": 0.02,
    "Delta_t": 0.006122448979591836,
    "mcmc_n_steps": 10000,
    "mcmc_n_burn": 2000,
    "is_baseline": false
  },
  "status": "success",
  "dataset": {
    "kappa_star": [
      2.3073951969585615,
      2.4973365540384895,
      0.5996597926733394
    ],
    "n_observations": 250
  },
  "mcmc": {
    "acceptance_rate": 0.50065,
    "ess_min": 597.2685511767522,
    "ess_mean": 661.3813830815648,
    "ess_per_coord": [
      695.9066695109976,
      597.2685511767522,
      690.9689285569444
    ],
    "n_chunks": 2,
    "total_steps": 10000,
    "converged": true,
    "efficiency": 0.059726855117675226,
    "n_forward_evals": 10000
  },
  "certificate": {
    "L_hat": 3395.07196365698,
    "KL": 0.0,
    "eta_h": 0.0002,
    "delta_term": 0.0059914645471079815,
    "B_lambda": 3395.0781551215273,
    "components": {
      "empirical_term": 3395.07196365698,
      "kl_term": 0.0,
      "discretization_term": 0.0002,
      "confidence_term": 0.0059914645471079815
    },
    "valid": true
  },
  "posterior_summary": {
    "mean": [
      3.0483175373204006,
      2.7753337314930415,
      0.975529060360331
    ],
    "std": [
      0.015009294143245347,
      0.007146227017147474,
      0.010026844458037568
    ]
  },
  "performance": {
    "runtime": 40.35205101966858,
    "test_log_posterior": -12216.453621645707
  }
}