{
  "experiment_id": "s3_sigma0.05_nx100_T0.3_lam2.0_m3_seed202",
  "config": {
    "s": 3,
    "sensor_positions": [
      0.2,
      0.5,
      0.8
    ],
    "placement_type": "shifted",
    "sigma": 0.05,
    "n_x": 100,
    "T": 0.3,
    "lambda": 2.0,
    "c": 1.0,
    "m": 3,
    "n_t": 100,
    "seed": 202,
    "delta": 0.05,
    "alpha": 0.001,
    "M": 2000,
    "R": 100,
    "n": 300,
    "Delta_x": 0.01,
    "Delta_t": 0.0030303030303030303,
    "mcmc_n_steps": 10000,
    "mcmc_n_burn": 2000,
    "is_baseline": false
  },
  "status": "success",
  "dataset": {
    "kappa_star": [
      1.2847216299636934,
      1.4241900884838463,
      3.920764034845088
    ],
    "n_observations": 300
  },
  "mcmc": {
    "acceptance_rate": 0.5595,
    "ess_min": 582.241601843589,
    "ess_mean": 629.8730627100422,
    "ess_per_coord": [
      582.241601843589,
      612.5480351684873,
      694.8295511180502
    ],
    "n_chunks": 2,
    "total_steps": 10000,
    "converged": true,
    "efficiency": 0.0582241601843589,
    "n_forward_evals": 10000
  },
  "certificate": {
    "L_hat": 830.7445397385308,
    "KL": 0.0,
    "eta_h": 5e-05,
    "delta_term": 0.004992887122589985,
    "B_lambda": 830.7495826256534,
    "components": {
      "empirical_term": 830.7445397385308,
      "kl_term": 0.0,
      "discretization_term": 5e-05,
      "confidence_term": 0.004992887122589985
    },
    "valid": true
  },
  "posterior_summary": {
    "mean": [
      1.7256532368120232,
      2.9363372394553067,
      4.291162246941924
    ],
    "std": [
      0.009277532231295718,
      0.007434506021441834,
      0.014344657483592817
    ]
  },
  "performance": {
    "runtime": 47.67067098617554,
    "test_log_posterior": -38476.561967298985
  }
}