{
  "experiment_id": "s5_sigma0.1_nx50_T0.5_lam1.0_m5_seed202",
  "config": {
    "s": 5,
    "sensor_positions": [
      0.2,
      0.35,
      0.5,
      0.65,
      0.8
    ],
    "placement_type": "shifted",
    "sigma": 0.1,
    "n_x": 50,
    "T": 0.5,
    "lambda": 1.0,
    "c": 1.0,
    "m": 5,
    "n_t": 50,
    "seed": 202,
    "delta": 0.05,
    "alpha": 0.001,
    "M": 2000,
    "R": 100,
    "n": 250,
    "Delta_x": 0.02,
    "Delta_t": 0.01020408163265306,
    "mcmc_n_steps": 10000,
    "mcmc_n_burn": 2000,
    "is_baseline": false
  },
  "status": "success",
  "dataset": {
    "kappa_star": [
      1.2847216299636934,
      1.4241900884838463,
      3.920764034845088,
      3.9752807832159958,
      3.9824723567684557
    ],
    "n_observations": 250
  },
  "mcmc": {
    "acceptance_rate": 0.29838666666666663,
    "ess_min": 428.31131261566776,
    "ess_mean": 1385.5455747669512,
    "ess_per_coord": [
      1352.9774598686163,
      428.31131261566776,
      1470.676005651447,
      1140.1984015717774,
      2535.564694127248
    ],
    "n_chunks": 5,
    "total_steps": 25000,
    "converged": true,
    "efficiency": 0.01713245250462671,
    "n_forward_evals": 25000
  },
  "certificate": {
    "L_hat": 4994.7051484704625,
    "KL": 0.0,
    "eta_h": 0.0002,
    "delta_term": 0.011982929094215963,
    "B_lambda": 4994.717331399557,
    "components": {
      "empirical_term": 4994.7051484704625,
      "kl_term": 0.0,
      "discretization_term": 0.0002,
      "confidence_term": 0.011982929094215963
    },
    "valid": true
  },
  "posterior_summary": {
    "mean": [
      1.1318038647429274,
      3.6387585993821374,
      4.996449380413166,
      4.996597453550864,
      4.075981943966082
    ],
    "std": [
      0.036064958454366663,
      0.030370661998484767,
      0.0036784042641320345,
      0.0035719516267619343,
      0.0585289624863688
    ]
  },
  "performance": {
    "runtime": 232.83617782592773,
    "test_log_posterior": -12786.002258028551
  }
}