{
  "experiment_id": "s5_sigma0.05_nx100_T0.3_lam2.0_m5_seed202",
  "config": {
    "s": 5,
    "sensor_positions": [
      0.1,
      0.3,
      0.5,
      0.7,
      0.9
    ],
    "placement_type": "fixed",
    "sigma": 0.05,
    "n_x": 100,
    "T": 0.3,
    "lambda": 2.0,
    "c": 1.0,
    "m": 5,
    "n_t": 100,
    "seed": 202,
    "delta": 0.05,
    "alpha": 0.001,
    "M": 2000,
    "R": 100,
    "n": 500,
    "Delta_x": 0.01,
    "Delta_t": 0.0030303030303030303,
    "mcmc_n_steps": 10000,
    "mcmc_n_burn": 2000,
    "is_baseline": false
  },
  "status": "success",
  "dataset": {
    "kappa_star": [
      1.2847216299636934,
      1.4241900884838463,
      3.920764034845088,
      3.9752807832159958,
      3.9824723567684557
    ],
    "n_observations": 500
  },
  "mcmc": {
    "acceptance_rate": 0.020433333333333335,
    "ess_min": 21.459835812110047,
    "ess_mean": 273.5369719108809,
    "ess_per_coord": [
      650.4121540847134,
      643.619015912774,
      24.77839485837424,
      21.459835812110047,
      27.41545888643315
    ],
    "n_chunks": 8,
    "total_steps": 40000,
    "converged": false,
    "efficiency": 0.0005364958953027512,
    "n_forward_evals": 40000
  },
  "certificate": {
    "L_hat": 36555.86121898305,
    "KL": 0.0,
    "eta_h": 5e-05,
    "delta_term": 0.0029957322735539907,
    "B_lambda": 36555.86426471533,
    "components": {
      "empirical_term": 36555.86121898305,
      "kl_term": 0.0,
      "discretization_term": 5e-05,
      "confidence_term": 0.0029957322735539907
    },
    "valid": true
  },
  "posterior_summary": {
    "mean": [
      1.8058114506965595,
      4.070693263547186,
      4.999609561026728,
      4.999021959806107,
      4.998458273326859
    ],
    "std": [
      0.017130204719720106,
      0.009096332490455739,
      0.0011513198828664731,
      0.0007341972256509767,
      0.002027901032883954
    ]
  },
  "performance": {
    "runtime": 463.82108998298645,
    "test_log_posterior": -271241.53505716426
  }
}