{
  "experiment_id": "s5_sigma0.05_nx100_T0.5_lam0.5_m3_seed202",
  "config": {
    "s": 5,
    "sensor_positions": [
      0.1,
      0.3,
      0.5,
      0.7,
      0.9
    ],
    "placement_type": "fixed",
    "sigma": 0.05,
    "n_x": 100,
    "T": 0.5,
    "lambda": 0.5,
    "c": 1.0,
    "m": 3,
    "n_t": 100,
    "seed": 202,
    "delta": 0.05,
    "alpha": 0.001,
    "M": 2000,
    "R": 100,
    "n": 500,
    "Delta_x": 0.01,
    "Delta_t": 0.005050505050505051,
    "mcmc_n_steps": 10000,
    "mcmc_n_burn": 2000,
    "is_baseline": false
  },
  "status": "success",
  "dataset": {
    "kappa_star": [
      1.2847216299636934,
      1.4241900884838463,
      3.920764034845088
    ],
    "n_observations": 500
  },
  "mcmc": {
    "acceptance_rate": 0.5259499999999999,
    "ess_min": 512.025979475976,
    "ess_mean": 608.9439028752868,
    "ess_per_coord": [
      589.9215402303037,
      512.025979475976,
      724.8841889195805
    ],
    "n_chunks": 2,
    "total_steps": 10000,
    "converged": true,
    "efficiency": 0.0512025979475976,
    "n_forward_evals": 10000
  },
  "certificate": {
    "L_hat": 1612.7887426094683,
    "KL": 0.0,
    "eta_h": 5e-05,
    "delta_term": 0.011982929094215963,
    "B_lambda": 1612.8007755385627,
    "components": {
      "empirical_term": 1612.7887426094683,
      "kl_term": 0.0,
      "discretization_term": 5e-05,
      "confidence_term": 0.011982929094215963
    },
    "valid": true
  },
  "posterior_summary": {
    "mean": [
      1.3743957451125468,
      2.901209836747544,
      3.3037352710414503
    ],
    "std": [
      0.014766368669181325,
      0.017185891764153898,
      0.02186793585864132
    ]
  },
  "performance": {
    "runtime": 48.45944619178772,
    "test_log_posterior": -6621.022424958878
  }
}