{
  "experiment_id": "s3_sigma0.05_nx50_T0.5_lam1.0_m5_seed202",
  "config": {
    "s": 3,
    "sensor_positions": [
      0.2,
      0.5,
      0.8
    ],
    "placement_type": "shifted",
    "sigma": 0.05,
    "n_x": 50,
    "T": 0.5,
    "lambda": 1.0,
    "c": 1.0,
    "m": 5,
    "n_t": 100,
    "seed": 202,
    "delta": 0.05,
    "alpha": 0.001,
    "M": 2000,
    "R": 100,
    "n": 300,
    "Delta_x": 0.02,
    "Delta_t": 0.005050505050505051,
    "mcmc_n_steps": 10000,
    "mcmc_n_burn": 2000,
    "is_baseline": false
  },
  "status": "success",
  "dataset": {
    "kappa_star": [
      1.2847216299636934,
      1.4241900884838463,
      3.920764034845088,
      3.9752807832159958,
      3.9824723567684557
    ],
    "n_observations": 300
  },
  "mcmc": {
    "acceptance_rate": 0.22842666666666667,
    "ess_min": 439.7229615285019,
    "ess_mean": 1159.2776922754558,
    "ess_per_coord": [
      1428.782403740741,
      684.8324084605974,
      1186.1120684807452,
      439.7229615285019,
      2056.938619166694
    ],
    "n_chunks": 5,
    "total_steps": 25000,
    "converged": true,
    "efficiency": 0.017588918461140076,
    "n_forward_evals": 25000
  },
  "certificate": {
    "L_hat": 18461.16647831908,
    "KL": 0.0,
    "eta_h": 0.0002,
    "delta_term": 0.00998577424517997,
    "B_lambda": 18461.176664093324,
    "components": {
      "empirical_term": 18461.16647831908,
      "kl_term": 0.0,
      "discretization_term": 0.0002,
      "confidence_term": 0.00998577424517997
    },
    "valid": true
  },
  "posterior_summary": {
    "mean": [
      0.8407203258390296,
      3.8422119269858563,
      4.9991388191153145,
      4.9949752420685565,
      3.627084069184972
    ],
    "std": [
      0.012148346971737866,
      0.01765459902390714,
      0.0009133358639942499,
      0.0039902865663634275,
      0.022012655198757534
    ]
  },
  "performance": {
    "runtime": 169.3676860332489,
    "test_log_posterior": -44576.32625383841
  }
}