{
  "experiment_id": "s5_sigma0.2_nx50_T0.3_lam1.0_m3_seed303",
  "config": {
    "s": 5,
    "sensor_positions": [
      0.2,
      0.35,
      0.5,
      0.65,
      0.8
    ],
    "placement_type": "shifted",
    "sigma": 0.2,
    "n_x": 50,
    "T": 0.3,
    "lambda": 1.0,
    "c": 1.0,
    "m": 3,
    "n_t": 50,
    "seed": 303,
    "delta": 0.05,
    "alpha": 0.001,
    "M": 2000,
    "R": 100,
    "n": 250,
    "Delta_x": 0.02,
    "Delta_t": 0.006122448979591836,
    "mcmc_n_steps": 10000,
    "mcmc_n_burn": 2000,
    "is_baseline": false
  },
  "status": "success",
  "dataset": {
    "kappa_star": [
      3.12551948199565,
      1.4836227496566199,
      2.427779995862962
    ],
    "n_observations": 250
  },
  "mcmc": {
    "acceptance_rate": 0.52115,
    "ess_min": 441.83767103625246,
    "ess_mean": 562.5452056111492,
    "ess_per_coord": [
      441.83767103625246,
      593.006248902085,
      652.7916968951101
    ],
    "n_chunks": 2,
    "total_steps": 10000,
    "converged": true,
    "efficiency": 0.044183767103625246,
    "n_forward_evals": 10000
  },
  "certificate": {
    "L_hat": 256.0571114362519,
    "KL": 0.0,
    "eta_h": 0.0002,
    "delta_term": 0.011982929094215963,
    "B_lambda": 256.0692943653461,
    "components": {
      "empirical_term": 256.0571114362519,
      "kl_term": 0.0,
      "discretization_term": 0.0002,
      "confidence_term": 0.011982929094215963
    },
    "valid": true
  },
  "posterior_summary": {
    "mean": [
      3.3757326543871238,
      2.590023295338184,
      2.573016095051935
    ],
    "std": [
      0.09289924772645608,
      0.037292163312415944,
      0.08536290433599601
    ]
  },
  "performance": {
    "runtime": 25.005779027938843,
    "test_log_posterior": -1046.0270280341294
  }
}