{
  "experiment_id": "s3_sigma0.1_nx50_T0.5_lam1.0_m5_seed101",
  "config": {
    "s": 3,
    "sensor_positions": [
      0.2,
      0.5,
      0.8
    ],
    "placement_type": "shifted",
    "sigma": 0.1,
    "n_x": 50,
    "T": 0.5,
    "lambda": 1.0,
    "c": 1.0,
    "m": 5,
    "n_t": 50,
    "seed": 101,
    "delta": 0.05,
    "alpha": 0.001,
    "M": 2000,
    "R": 100,
    "n": 150,
    "Delta_x": 0.02,
    "Delta_t": 0.01020408163265306,
    "mcmc_n_steps": 10000,
    "mcmc_n_burn": 2000,
    "is_baseline": false
  },
  "status": "success",
  "dataset": {
    "kappa_star": [
      2.3073951969585615,
      2.4973365540384895,
      0.5996597926733394,
      1.1003257967878608,
      2.898469435940594
    ],
    "n_observations": 150
  },
  "mcmc": {
    "acceptance_rate": 0.4387333333333334,
    "ess_min": 417.59166323534424,
    "ess_mean": 482.73786854397594,
    "ess_per_coord": [
      490.478605162677,
      437.13988217357485,
      621.9972515086555,
      417.59166323534424,
      446.48194063962836
    ],
    "n_chunks": 6,
    "total_steps": 30000,
    "converged": true,
    "efficiency": 0.013919722107844808,
    "n_forward_evals": 30000
  },
  "certificate": {
    "L_hat": 178.7511573423742,
    "KL": 0.0,
    "eta_h": 0.0002,
    "delta_term": 0.01997154849035994,
    "B_lambda": 178.77132889086457,
    "components": {
      "empirical_term": 178.7511573423742,
      "kl_term": 0.0,
      "discretization_term": 0.0002,
      "confidence_term": 0.01997154849035994
    },
    "valid": true
  },
  "posterior_summary": {
    "mean": [
      2.010578514958465,
      2.446254288693412,
      2.4157815081289233,
      2.534576434547135,
      1.2583262003298856
    ],
    "std": [
      0.10735943751944352,
      0.11647581481946878,
      0.0503926653701331,
      0.09162428519761491,
      0.07304364527043093
    ]
  },
  "performance": {
    "runtime": 173.7484860420227,
    "test_log_posterior": -4386.899793386485
  }
}