{
  "experiment_id": "s5_sigma0.1_nx50_T0.3_lam2.0_m5_seed202",
  "config": {
    "s": 5,
    "sensor_positions": [
      0.1,
      0.3,
      0.5,
      0.7,
      0.9
    ],
    "placement_type": "fixed",
    "sigma": 0.1,
    "n_x": 50,
    "T": 0.3,
    "lambda": 2.0,
    "c": 1.0,
    "m": 5,
    "n_t": 100,
    "seed": 202,
    "delta": 0.05,
    "alpha": 0.001,
    "M": 2000,
    "R": 100,
    "n": 500,
    "Delta_x": 0.02,
    "Delta_t": 0.0030303030303030303,
    "mcmc_n_steps": 10000,
    "mcmc_n_burn": 2000,
    "is_baseline": false
  },
  "status": "success",
  "dataset": {
    "kappa_star": [
      1.2847216299636934,
      1.4241900884838463,
      3.920764034845088,
      3.9752807832159958,
      3.9824723567684557
    ],
    "n_observations": 500
  },
  "mcmc": {
    "acceptance_rate": 0.07825833333333333,
    "ess_min": 22.554836917837985,
    "ess_mean": 917.1951567792936,
    "ess_per_coord": [
      2094.2407333454244,
      2384.766983071793,
      38.30148843887799,
      46.11174212253443,
      22.554836917837985
    ],
    "n_chunks": 8,
    "total_steps": 40000,
    "converged": false,
    "efficiency": 0.0005638709229459497,
    "n_forward_evals": 40000
  },
  "certificate": {
    "L_hat": 9288.587322133484,
    "KL": 0.0,
    "eta_h": 0.0002,
    "delta_term": 0.0029957322735539907,
    "B_lambda": 9288.590517865758,
    "components": {
      "empirical_term": 9288.587322133484,
      "kl_term": 0.0,
      "discretization_term": 0.0002,
      "confidence_term": 0.0029957322735539907
    },
    "valid": true
  },
  "posterior_summary": {
    "mean": [
      1.799882935558641,
      4.069149645600097,
      4.999528236236049,
      4.999622214542319,
      4.999057914538894
    ],
    "std": [
      0.03101187664739373,
      0.01883696722043439,
      0.0007393386439008428,
      0.000419830474819768,
      0.0009737916058508678
    ]
  },
  "performance": {
    "runtime": 568.1517200469971,
    "test_log_posterior": -67967.64274525325
  }
}