{
  "experiment_id": "s5_sigma0.1_nx50_T0.3_lam0.5_m5_seed202",
  "config": {
    "s": 5,
    "sensor_positions": [
      0.1,
      0.3,
      0.5,
      0.7,
      0.9
    ],
    "placement_type": "fixed",
    "sigma": 0.1,
    "n_x": 50,
    "T": 0.3,
    "lambda": 0.5,
    "c": 1.0,
    "m": 5,
    "n_t": 100,
    "seed": 202,
    "delta": 0.05,
    "alpha": 0.001,
    "M": 2000,
    "R": 100,
    "n": 500,
    "Delta_x": 0.02,
    "Delta_t": 0.0030303030303030303,
    "mcmc_n_steps": 10000,
    "mcmc_n_burn": 2000,
    "is_baseline": false
  },
  "status": "success",
  "dataset": {
    "kappa_star": [
      1.2847216299636934,
      1.4241900884838463,
      3.920764034845088,
      3.9752807832159958,
      3.9824723567684557
    ],
    "n_observations": 500
  },
  "mcmc": {
    "acceptance_rate": 0.12892499999999998,
    "ess_min": 47.62041532147027,
    "ess_mean": 1194.9948638837072,
    "ess_per_coord": [
      2399.3412674185,
      3155.165917646963,
      215.7622048268005,
      157.08451420480236,
      47.62041532147027
    ],
    "n_chunks": 8,
    "total_steps": 40000,
    "converged": false,
    "efficiency": 0.0011905103830367567,
    "n_forward_evals": 40000
  },
  "certificate": {
    "L_hat": 9294.331941175105,
    "KL": 0.0,
    "eta_h": 0.0002,
    "delta_term": 0.011982929094215963,
    "B_lambda": 9294.3441241042,
    "components": {
      "empirical_term": 9294.331941175105,
      "kl_term": 0.0,
      "discretization_term": 0.0002,
      "confidence_term": 0.011982929094215963
    },
    "valid": true
  },
  "posterior_summary": {
    "mean": [
      1.8063919435026659,
      4.065583494595248,
      4.9989402585989255,
      4.998771458897647,
      4.9965634381073825
    ],
    "std": [
      0.04939509248527755,
      0.0399874744700128,
      0.001125862362865632,
      0.0010551496273468412,
      0.002126448719124049
    ]
  },
  "performance": {
    "runtime": 505.87403893470764,
    "test_log_posterior": -16997.8703183325
  }
}