{
  "experiment_id": "s5_sigma0.2_nx50_T0.5_lam2.0_m5_seed101",
  "config": {
    "s": 5,
    "sensor_positions": [
      0.2,
      0.35,
      0.5,
      0.65,
      0.8
    ],
    "placement_type": "shifted",
    "sigma": 0.2,
    "n_x": 50,
    "T": 0.5,
    "lambda": 2.0,
    "c": 1.0,
    "m": 5,
    "n_t": 100,
    "seed": 101,
    "delta": 0.05,
    "alpha": 0.001,
    "M": 2000,
    "R": 100,
    "n": 500,
    "Delta_x": 0.02,
    "Delta_t": 0.005050505050505051,
    "mcmc_n_steps": 10000,
    "mcmc_n_burn": 2000,
    "is_baseline": false
  },
  "status": "success",
  "dataset": {
    "kappa_star": [
      2.3073951969585615,
      2.4973365540384895,
      0.5996597926733394,
      1.1003257967878608,
      2.898469435940594
    ],
    "n_observations": 500
  },
  "mcmc": {
    "acceptance_rate": 0.5216833333333333,
    "ess_min": 408.96850312961755,
    "ess_mean": 524.4231166728194,
    "ess_per_coord": [
      696.4857259565131,
      597.6626237537967,
      408.96850312961755,
      439.22112150339785,
      479.7776090207722
    ],
    "n_chunks": 4,
    "total_steps": 20000,
    "converged": true,
    "efficiency": 0.020448425156480876,
    "n_forward_evals": 20000
  },
  "certificate": {
    "L_hat": 407.62798843087955,
    "KL": 0.0,
    "eta_h": 0.0002,
    "delta_term": 0.0029957322735539907,
    "B_lambda": 407.63118416315314,
    "components": {
      "empirical_term": 407.62798843087955,
      "kl_term": 0.0,
      "discretization_term": 0.0002,
      "confidence_term": 0.0029957322735539907
    },
    "valid": true
  },
  "posterior_summary": {
    "mean": [
      1.8419091571353314,
      2.831151904308698,
      2.390746768886748,
      2.2476670569896244,
      1.4695243419227122
    ],
    "std": [
      0.060959655720594925,
      0.048819656626458645,
      0.037403661422587366,
      0.05085514822157661,
      0.06696266807946913
    ]
  },
  "performance": {
    "runtime": 223.66827702522278,
    "test_log_posterior": -8263.13258087732
  }
}