{
  "experiment_id": "s5_sigma0.05_nx100_T0.3_lam2.0_m5_seed101",
  "config": {
    "s": 5,
    "sensor_positions": [
      0.1,
      0.3,
      0.5,
      0.7,
      0.9
    ],
    "placement_type": "fixed",
    "sigma": 0.05,
    "n_x": 100,
    "T": 0.3,
    "lambda": 2.0,
    "c": 1.0,
    "m": 5,
    "n_t": 100,
    "seed": 101,
    "delta": 0.05,
    "alpha": 0.001,
    "M": 2000,
    "R": 100,
    "n": 500,
    "Delta_x": 0.01,
    "Delta_t": 0.0030303030303030303,
    "mcmc_n_steps": 10000,
    "mcmc_n_burn": 2000,
    "is_baseline": false
  },
  "status": "success",
  "dataset": {
    "kappa_star": [
      2.3073951969585615,
      2.4973365540384895,
      0.5996597926733394,
      1.1003257967878608,
      2.898469435940594
    ],
    "n_observations": 500
  },
  "mcmc": {
    "acceptance_rate": 0.29886666666666667,
    "ess_min": 477.20017348655966,
    "ess_mean": 597.4353995617222,
    "ess_per_coord": [
      881.8836413739568,
      515.2456119790457,
      536.2423712407655,
      477.20017348655966,
      576.6051997282829
    ],
    "n_chunks": 4,
    "total_steps": 20000,
    "converged": true,
    "efficiency": 0.023860008674327984,
    "n_forward_evals": 20000
  },
  "certificate": {
    "L_hat": 1556.2754465890696,
    "KL": 0.0,
    "eta_h": 5e-05,
    "delta_term": 0.0029957322735539907,
    "B_lambda": 1556.2784923213433,
    "components": {
      "empirical_term": 1556.2754465890696,
      "kl_term": 0.0,
      "discretization_term": 5e-05,
      "confidence_term": 0.0029957322735539907
    },
    "valid": true
  },
  "posterior_summary": {
    "mean": [
      3.2874945228868375,
      2.9167046365796447,
      2.2895257914708704,
      2.1410629627775672,
      3.038453205750473
    ],
    "std": [
      0.0262045500799905,
      0.012904362077355585,
      0.008914801460878651,
      0.011777209005097265,
      0.02240178385763582
    ]
  },
  "performance": {
    "runtime": 229.5345709323883,
    "test_log_posterior": -149034.9739391044
  }
}