{
  "experiment_id": "s3_sigma0.1_nx50_T0.5_lam0.5_m5_seed101",
  "config": {
    "s": 3,
    "sensor_positions": [
      0.2,
      0.5,
      0.8
    ],
    "placement_type": "shifted",
    "sigma": 0.1,
    "n_x": 50,
    "T": 0.5,
    "lambda": 0.5,
    "c": 1.0,
    "m": 5,
    "n_t": 100,
    "seed": 101,
    "delta": 0.05,
    "alpha": 0.001,
    "M": 2000,
    "R": 100,
    "n": 300,
    "Delta_x": 0.02,
    "Delta_t": 0.005050505050505051,
    "mcmc_n_steps": 10000,
    "mcmc_n_burn": 2000,
    "is_baseline": false
  },
  "status": "success",
  "dataset": {
    "kappa_star": [
      2.3073951969585615,
      2.4973365540384895,
      0.5996597926733394,
      1.1003257967878608,
      2.898469435940594
    ],
    "n_observations": 300
  },
  "mcmc": {
    "acceptance_rate": 0.440675,
    "ess_min": 451.960228230953,
    "ess_mean": 680.0328756214557,
    "ess_per_coord": [
      886.1059006657221,
      752.8258289196881,
      824.5482766185356,
      451.960228230953,
      484.7241436723797
    ],
    "n_chunks": 8,
    "total_steps": 40000,
    "converged": true,
    "efficiency": 0.011299005705773826,
    "n_forward_evals": 40000
  },
  "certificate": {
    "L_hat": 368.7585323510341,
    "KL": 0.0,
    "eta_h": 0.0002,
    "delta_term": 0.01997154849035994,
    "B_lambda": 368.77870389952443,
    "components": {
      "empirical_term": 368.7585323510341,
      "kl_term": 0.0,
      "discretization_term": 0.0002,
      "confidence_term": 0.01997154849035994
    },
    "valid": true
  },
  "posterior_summary": {
    "mean": [
      2.0723266745096707,
      2.3851929724957612,
      2.412126913605382,
      2.474131397814667,
      1.260262550400784
    ],
    "std": [
      0.11932884882112652,
      0.11952552798663528,
      0.0534803726233397,
      0.09648514134565894,
      0.07537817523348535
    ]
  },
  "performance": {
    "runtime": 446.0078399181366,
    "test_log_posterior": -4223.721824928072
  }
}