{
  "experiment_id": "s5_sigma0.1_nx100_T0.3_lam2.0_m3_seed303",
  "config": {
    "s": 5,
    "sensor_positions": [
      0.2,
      0.35,
      0.5,
      0.65,
      0.8
    ],
    "placement_type": "shifted",
    "sigma": 0.1,
    "n_x": 100,
    "T": 0.3,
    "lambda": 2.0,
    "c": 1.0,
    "m": 3,
    "n_t": 50,
    "seed": 303,
    "delta": 0.05,
    "alpha": 0.001,
    "M": 2000,
    "R": 100,
    "n": 250,
    "Delta_x": 0.01,
    "Delta_t": 0.006122448979591836,
    "mcmc_n_steps": 10000,
    "mcmc_n_burn": 2000,
    "is_baseline": false
  },
  "status": "success",
  "dataset": {
    "kappa_star": [
      3.12551948199565,
      1.4836227496566199,
      2.427779995862962
    ],
    "n_observations": 250
  },
  "mcmc": {
    "acceptance_rate": 0.50055,
    "ess_min": 542.6815672778847,
    "ess_mean": 594.5700872157638,
    "ess_per_coord": [
      542.6815672778847,
      600.1532642723098,
      640.875430097097
    ],
    "n_chunks": 2,
    "total_steps": 10000,
    "converged": true,
    "efficiency": 0.05426815672778847,
    "n_forward_evals": 10000
  },
  "certificate": {
    "L_hat": 721.9702851289466,
    "KL": 0.0,
    "eta_h": 5e-05,
    "delta_term": 0.0059914645471079815,
    "B_lambda": 721.9763265934937,
    "components": {
      "empirical_term": 721.9702851289466,
      "kl_term": 0.0,
      "discretization_term": 5e-05,
      "confidence_term": 0.0059914645471079815
    },
    "valid": true
  },
  "posterior_summary": {
    "mean": [
      3.364305205850785,
      2.5874745604213314,
      2.5883802744806186
    ],
    "std": [
      0.03138240504430629,
      0.01365679405185833,
      0.029462988879232335
    ]
  },
  "performance": {
    "runtime": 25.10740876197815,
    "test_log_posterior": -7792.22075722499
  }
}