{
  "experiment_id": "s5_sigma0.1_nx50_T0.3_lam1.0_m3_seed101",
  "config": {
    "s": 5,
    "sensor_positions": [
      0.1,
      0.3,
      0.5,
      0.7,
      0.9
    ],
    "placement_type": "fixed",
    "sigma": 0.1,
    "n_x": 50,
    "T": 0.3,
    "lambda": 1.0,
    "c": 1.0,
    "m": 3,
    "n_t": 100,
    "seed": 101,
    "delta": 0.05,
    "alpha": 0.001,
    "M": 2000,
    "R": 100,
    "n": 500,
    "Delta_x": 0.02,
    "Delta_t": 0.0030303030303030303,
    "mcmc_n_steps": 10000,
    "mcmc_n_burn": 2000,
    "is_baseline": false
  },
  "status": "success",
  "dataset": {
    "kappa_star": [
      2.3073951969585615,
      2.4973365540384895,
      0.5996597926733394
    ],
    "n_observations": 500
  },
  "mcmc": {
    "acceptance_rate": 0.5300499999999999,
    "ess_min": 516.2301669624707,
    "ess_mean": 630.8911229422762,
    "ess_per_coord": [
      674.3987489691119,
      516.2301669624707,
      702.0444528952461
    ],
    "n_chunks": 2,
    "total_steps": 10000,
    "converged": true,
    "efficiency": 0.05162301669624707,
    "n_forward_evals": 10000
  },
  "certificate": {
    "L_hat": 590.9756551931913,
    "KL": 0.0,
    "eta_h": 0.0002,
    "delta_term": 0.0059914645471079815,
    "B_lambda": 590.9818466577384,
    "components": {
      "empirical_term": 590.9756551931913,
      "kl_term": 0.0,
      "discretization_term": 0.0002,
      "confidence_term": 0.0059914645471079815
    },
    "valid": true
  },
  "posterior_summary": {
    "mean": [
      2.558243085428078,
      3.4612416094801586,
      1.0837520728657608
    ],
    "std": [
      0.02604549008380216,
      0.02065422070135645,
      0.015620382680054773
    ]
  },
  "performance": {
    "runtime": 48.632670879364014,
    "test_log_posterior": -3377.2589558063305
  }
}