{
  "experiment_id": "s5_sigma0.2_nx100_T0.3_lam2.0_m5_seed303",
  "config": {
    "s": 5,
    "sensor_positions": [
      0.1,
      0.3,
      0.5,
      0.7,
      0.9
    ],
    "placement_type": "fixed",
    "sigma": 0.2,
    "n_x": 100,
    "T": 0.3,
    "lambda": 2.0,
    "c": 1.0,
    "m": 5,
    "n_t": 50,
    "seed": 303,
    "delta": 0.05,
    "alpha": 0.001,
    "M": 2000,
    "R": 100,
    "n": 250,
    "Delta_x": 0.01,
    "Delta_t": 0.006122448979591836,
    "mcmc_n_steps": 10000,
    "mcmc_n_burn": 2000,
    "is_baseline": false
  },
  "status": "success",
  "dataset": {
    "kappa_star": [
      3.12551948199565,
      1.4836227496566199,
      2.427779995862962,
      3.3381215081208255,
      2.6741059937440994
    ],
    "n_observations": 250
  },
  "mcmc": {
    "acceptance_rate": 0.5490444444444443,
    "ess_min": 521.2734635136975,
    "ess_mean": 626.9454782815858,
    "ess_per_coord": [
      751.1138963592896,
      652.1252856987909,
      617.0766916450343,
      593.1380541911167,
      521.2734635136975
    ],
    "n_chunks": 3,
    "total_steps": 15000,
    "converged": true,
    "efficiency": 0.0347515642342465,
    "n_forward_evals": 15000
  },
  "certificate": {
    "L_hat": 633.8743399470742,
    "KL": 0.0,
    "eta_h": 5e-05,
    "delta_term": 0.0059914645471079815,
    "B_lambda": 633.8803814116213,
    "components": {
      "empirical_term": 633.8743399470742,
      "kl_term": 0.0,
      "discretization_term": 5e-05,
      "confidence_term": 0.0059914645471079815
    },
    "valid": true
  },
  "posterior_summary": {
    "mean": [
      3.3873139839161617,
      3.668513141193095,
      4.233158029503881,
      4.501994200130139,
      4.160893807721131
    ],
    "std": [
      0.10960413124232359,
      0.061433383343563824,
      0.04948416083182441,
      0.05561816020036912,
      0.10504102219169453
    ]
  },
  "performance": {
    "runtime": 89.50663328170776,
    "test_log_posterior": -7896.409166295325
  }
}