{
  "experiment_id": "s3_sigma0.2_nx100_T0.5_lam0.5_m5_seed202",
  "config": {
    "s": 3,
    "sensor_positions": [
      0.2,
      0.5,
      0.8
    ],
    "placement_type": "shifted",
    "sigma": 0.2,
    "n_x": 100,
    "T": 0.5,
    "lambda": 0.5,
    "c": 1.0,
    "m": 5,
    "n_t": 50,
    "seed": 202,
    "delta": 0.05,
    "alpha": 0.001,
    "M": 2000,
    "R": 100,
    "n": 150,
    "Delta_x": 0.01,
    "Delta_t": 0.01020408163265306,
    "mcmc_n_steps": 10000,
    "mcmc_n_burn": 2000,
    "is_baseline": false
  },
  "status": "success",
  "dataset": {
    "kappa_star": [
      1.2847216299636934,
      1.4241900884838463,
      3.920764034845088,
      3.9752807832159958,
      3.9824723567684557
    ],
    "n_observations": 150
  },
  "mcmc": {
    "acceptance_rate": 0.6303555555555556,
    "ess_min": 434.92335969493655,
    "ess_mean": 615.6278343463571,
    "ess_per_coord": [
      932.1852433276865,
      739.3671299782277,
      438.5779753064666,
      533.0854634244682,
      434.92335969493655
    ],
    "n_chunks": 3,
    "total_steps": 15000,
    "converged": true,
    "efficiency": 0.028994890646329104,
    "n_forward_evals": 15000
  },
  "certificate": {
    "L_hat": 636.5574340280026,
    "KL": 0.0,
    "eta_h": 5e-05,
    "delta_term": 0.03994309698071988,
    "B_lambda": 636.5974271249833,
    "components": {
      "empirical_term": 636.5574340280026,
      "kl_term": 0.0,
      "discretization_term": 5e-05,
      "confidence_term": 0.03994309698071988
    },
    "valid": true
  },
  "posterior_summary": {
    "mean": [
      0.809911827873161,
      3.9840172432567926,
      4.965286742341368,
      4.909390606112664,
      3.786985423170798
    ],
    "std": [
      0.11166726785128878,
      0.17053161073394787,
      0.031133087930231843,
      0.08442055908209715,
      0.17940175046890133
    ]
  },
  "performance": {
    "runtime": 93.5470962524414,
    "test_log_posterior": -766.2366456446589
  }
}