{
  "experiment_id": "s3_sigma0.2_nx100_T0.3_lam1.0_m3_seed101",
  "config": {
    "s": 3,
    "sensor_positions": [
      0.25,
      0.5,
      0.75
    ],
    "placement_type": "fixed",
    "sigma": 0.2,
    "n_x": 100,
    "T": 0.3,
    "lambda": 1.0,
    "c": 1.0,
    "m": 3,
    "n_t": 100,
    "seed": 101,
    "delta": 0.05,
    "alpha": 0.001,
    "M": 2000,
    "R": 100,
    "n": 300,
    "Delta_x": 0.01,
    "Delta_t": 0.0030303030303030303,
    "mcmc_n_steps": 10000,
    "mcmc_n_burn": 2000,
    "is_baseline": false
  },
  "status": "success",
  "dataset": {
    "kappa_star": [
      2.3073951969585615,
      2.4973365540384895,
      0.5996597926733394
    ],
    "n_observations": 300
  },
  "mcmc": {
    "acceptance_rate": 0.5121500000000001,
    "ess_min": 647.7519816585616,
    "ess_mean": 751.8561872548572,
    "ess_per_coord": [
      647.7519816585616,
      686.8416431232314,
      920.9749369827788
    ],
    "n_chunks": 2,
    "total_steps": 10000,
    "converged": true,
    "efficiency": 0.06477519816585615,
    "n_forward_evals": 10000
  },
  "certificate": {
    "L_hat": 227.51653914952948,
    "KL": 0.0,
    "eta_h": 5e-05,
    "delta_term": 0.00998577424517997,
    "B_lambda": 227.52657492377463,
    "components": {
      "empirical_term": 227.51653914952948,
      "kl_term": 0.0,
      "discretization_term": 5e-05,
      "confidence_term": 0.00998577424517997
    },
    "valid": true
  },
  "posterior_summary": {
    "mean": [
      3.0284816605941876,
      3.4479913203127,
      1.27492984888839
    ],
    "std": [
      0.05471495154499968,
      0.04146577050260045,
      0.041287486059061615
    ]
  },
  "performance": {
    "runtime": 47.48435091972351,
    "test_log_posterior": -983.8882877132357
  }
}