{
  "experiment_id": "s5_sigma0.05_nx50_T0.3_lam0.5_m5_seed303",
  "config": {
    "s": 5,
    "sensor_positions": [
      0.2,
      0.35,
      0.5,
      0.65,
      0.8
    ],
    "placement_type": "shifted",
    "sigma": 0.05,
    "n_x": 50,
    "T": 0.3,
    "lambda": 0.5,
    "c": 1.0,
    "m": 5,
    "n_t": 100,
    "seed": 303,
    "delta": 0.05,
    "alpha": 0.001,
    "M": 2000,
    "R": 100,
    "n": 500,
    "Delta_x": 0.02,
    "Delta_t": 0.0030303030303030303,
    "mcmc_n_steps": 10000,
    "mcmc_n_burn": 2000,
    "is_baseline": false
  },
  "status": "success",
  "dataset": {
    "kappa_star": [
      3.12551948199565,
      1.4836227496566199,
      2.427779995862962,
      3.3381215081208255,
      2.6741059937440994
    ],
    "n_observations": 500
  },
  "mcmc": {
    "acceptance_rate": 0.5185777777777777,
    "ess_min": 505.74442474497,
    "ess_mean": 683.385497379626,
    "ess_per_coord": [
      1074.1092909307429,
      653.2599859373544,
      544.2466437707102,
      505.74442474497,
      639.567141514353
    ],
    "n_chunks": 3,
    "total_steps": 15000,
    "converged": true,
    "efficiency": 0.033716294982997996,
    "n_forward_evals": 15000
  },
  "certificate": {
    "L_hat": 22022.7019511952,
    "KL": 0.0,
    "eta_h": 0.0002,
    "delta_term": 0.011982929094215963,
    "B_lambda": 22022.71413412429,
    "components": {
      "empirical_term": 22022.7019511952,
      "kl_term": 0.0,
      "discretization_term": 0.0002,
      "confidence_term": 0.011982929094215963
    },
    "valid": true
  },
  "posterior_summary": {
    "mean": [
      1.8024443328015487,
      3.599490581339603,
      4.388940370594667,
      4.335415484738264,
      2.499910789635451
    ],
    "std": [
      0.021348720483074377,
      0.01833976577615502,
      0.016974999862284873,
      0.018185440263932193,
      0.024221919170825657
    ]
  },
  "performance": {
    "runtime": 170.76322412490845,
    "test_log_posterior": -69174.36725361158
  }
}