{
  "experiment_id": "s5_sigma0.05_nx100_T0.5_lam0.5_m5_seed101",
  "config": {
    "s": 5,
    "sensor_positions": [
      0.1,
      0.3,
      0.5,
      0.7,
      0.9
    ],
    "placement_type": "fixed",
    "sigma": 0.05,
    "n_x": 100,
    "T": 0.5,
    "lambda": 0.5,
    "c": 1.0,
    "m": 5,
    "n_t": 50,
    "seed": 101,
    "delta": 0.05,
    "alpha": 0.001,
    "M": 2000,
    "R": 100,
    "n": 250,
    "Delta_x": 0.01,
    "Delta_t": 0.01020408163265306,
    "mcmc_n_steps": 10000,
    "mcmc_n_burn": 2000,
    "is_baseline": false
  },
  "status": "success",
  "dataset": {
    "kappa_star": [
      2.3073951969585615,
      2.4973365540384895,
      0.5996597926733394,
      1.1003257967878608,
      2.898469435940594
    ],
    "n_observations": 250
  },
  "mcmc": {
    "acceptance_rate": 0.5078,
    "ess_min": 485.009568373152,
    "ess_mean": 522.3684903397614,
    "ess_per_coord": [
      553.1900976385288,
      516.235377476484,
      539.1632155353172,
      485.009568373152,
      518.2441926753249
    ],
    "n_chunks": 3,
    "total_steps": 15000,
    "converged": true,
    "efficiency": 0.0323339712248768,
    "n_forward_evals": 15000
  },
  "certificate": {
    "L_hat": 1604.3161812138528,
    "KL": 0.0,
    "eta_h": 5e-05,
    "delta_term": 0.023965858188431926,
    "B_lambda": 1604.3401970720413,
    "components": {
      "empirical_term": 1604.3161812138528,
      "kl_term": 0.0,
      "discretization_term": 5e-05,
      "confidence_term": 0.023965858188431926
    },
    "valid": true
  },
  "posterior_summary": {
    "mean": [
      3.2208391082274925,
      2.8683498983273017,
      2.3286119636891716,
      2.206428922150509,
      2.836412152777125
    ],
    "std": [
      0.06262597196537259,
      0.03693892043048077,
      0.02527210304347363,
      0.03523128859673238,
      0.07336711107390007
    ]
  },
  "performance": {
    "runtime": 89.42681002616882,
    "test_log_posterior": -13847.185145838665
  }
}