{
  "experiment_id": "s5_sigma0.05_nx100_T0.3_lam0.5_m5_seed101",
  "config": {
    "s": 5,
    "sensor_positions": [
      0.2,
      0.35,
      0.5,
      0.65,
      0.8
    ],
    "placement_type": "shifted",
    "sigma": 0.05,
    "n_x": 100,
    "T": 0.3,
    "lambda": 0.5,
    "c": 1.0,
    "m": 5,
    "n_t": 50,
    "seed": 101,
    "delta": 0.05,
    "alpha": 0.001,
    "M": 2000,
    "R": 100,
    "n": 250,
    "Delta_x": 0.01,
    "Delta_t": 0.006122448979591836,
    "mcmc_n_steps": 10000,
    "mcmc_n_burn": 2000,
    "is_baseline": false
  },
  "status": "success",
  "dataset": {
    "kappa_star": [
      2.3073951969585615,
      2.4973365540384895,
      0.5996597926733394,
      1.1003257967878608,
      2.898469435940594
    ],
    "n_observations": 250
  },
  "mcmc": {
    "acceptance_rate": 0.5076933333333333,
    "ess_min": 400.83463755976817,
    "ess_mean": 510.88254517605367,
    "ess_per_coord": [
      630.1299105551199,
      558.5540717105054,
      524.0445833461014,
      400.83463755976817,
      440.8495227087739
    ],
    "n_chunks": 5,
    "total_steps": 25000,
    "converged": true,
    "efficiency": 0.016033385502390727,
    "n_forward_evals": 25000
  },
  "certificate": {
    "L_hat": 692.7208347174831,
    "KL": 0.0,
    "eta_h": 5e-05,
    "delta_term": 0.023965858188431926,
    "B_lambda": 692.7448505756714,
    "components": {
      "empirical_term": 692.7208347174831,
      "kl_term": 0.0,
      "discretization_term": 5e-05,
      "confidence_term": 0.023965858188431926
    },
    "valid": true
  },
  "posterior_summary": {
    "mean": [
      1.6268149502639364,
      2.9880960110330705,
      2.345339607207995,
      2.240506203952206,
      1.4734871525730833
    ],
    "std": [
      0.03391198222807298,
      0.028901653443639617,
      0.023876700226828033,
      0.03571370709543607,
      0.046983941765727566
    ]
  },
  "performance": {
    "runtime": 232.5784409046173,
    "test_log_posterior": -21706.585360822002
  }
}