{
  "experiment_id": "s5_sigma0.2_nx50_T0.3_lam2.0_m5_seed202",
  "config": {
    "s": 5,
    "sensor_positions": [
      0.1,
      0.3,
      0.5,
      0.7,
      0.9
    ],
    "placement_type": "fixed",
    "sigma": 0.2,
    "n_x": 50,
    "T": 0.3,
    "lambda": 2.0,
    "c": 1.0,
    "m": 5,
    "n_t": 50,
    "seed": 202,
    "delta": 0.05,
    "alpha": 0.001,
    "M": 2000,
    "R": 100,
    "n": 250,
    "Delta_x": 0.02,
    "Delta_t": 0.006122448979591836,
    "mcmc_n_steps": 10000,
    "mcmc_n_burn": 2000,
    "is_baseline": false
  },
  "status": "success",
  "dataset": {
    "kappa_star": [
      1.2847216299636934,
      1.4241900884838463,
      3.920764034845088,
      3.9752807832159958,
      3.9824723567684557
    ],
    "n_observations": 250
  },
  "mcmc": {
    "acceptance_rate": 0.15675833333333333,
    "ess_min": 123.11345219388745,
    "ess_mean": 708.6153311008117,
    "ess_per_coord": [
      1211.3993080073453,
      1113.3608010276873,
      581.6975507854587,
      513.5055434896793,
      123.11345219388745
    ],
    "n_chunks": 8,
    "total_steps": 40000,
    "converged": false,
    "efficiency": 0.003077836304847186,
    "n_forward_evals": 40000
  },
  "certificate": {
    "L_hat": 1201.4838039413166,
    "KL": 0.0,
    "eta_h": 0.0002,
    "delta_term": 0.0059914645471079815,
    "B_lambda": 1201.4899954058637,
    "components": {
      "empirical_term": 1201.4838039413166,
      "kl_term": 0.0,
      "discretization_term": 0.0002,
      "confidence_term": 0.0059914645471079815
    },
    "valid": true
  },
  "posterior_summary": {
    "mean": [
      1.7932862405172139,
      4.1263449849829525,
      4.996940490989252,
      4.997092385079094,
      4.996220305539724
    ],
    "std": [
      0.07725093559112566,
      0.05372679938473841,
      0.0036000567315491055,
      0.002853136413494754,
      0.0031956702156754687
    ]
  },
  "performance": {
    "runtime": 404.835214138031,
    "test_log_posterior": -8701.583014855441
  }
}