{
  "experiment_id": "s3_sigma0.1_nx100_T0.5_lam2.0_m3_seed202",
  "config": {
    "s": 3,
    "sensor_positions": [
      0.2,
      0.5,
      0.8
    ],
    "placement_type": "shifted",
    "sigma": 0.1,
    "n_x": 100,
    "T": 0.5,
    "lambda": 2.0,
    "c": 1.0,
    "m": 3,
    "n_t": 50,
    "seed": 202,
    "delta": 0.05,
    "alpha": 0.001,
    "M": 2000,
    "R": 100,
    "n": 150,
    "Delta_x": 0.01,
    "Delta_t": 0.01020408163265306,
    "mcmc_n_steps": 10000,
    "mcmc_n_burn": 2000,
    "is_baseline": false
  },
  "status": "success",
  "dataset": {
    "kappa_star": [
      1.2847216299636934,
      1.4241900884838463,
      3.920764034845088
    ],
    "n_observations": 150
  },
  "mcmc": {
    "acceptance_rate": 0.5401499999999999,
    "ess_min": 555.5965863867262,
    "ess_mean": 657.9301532678618,
    "ess_per_coord": [
      555.5965863867262,
      639.6190715925525,
      778.5748018243067
    ],
    "n_chunks": 2,
    "total_steps": 10000,
    "converged": true,
    "efficiency": 0.05555965863867263,
    "n_forward_evals": 10000
  },
  "certificate": {
    "L_hat": 240.60112345171711,
    "KL": 0.0,
    "eta_h": 5e-05,
    "delta_term": 0.00998577424517997,
    "B_lambda": 240.61115922596227,
    "components": {
      "empirical_term": 240.60112345171711,
      "kl_term": 0.0,
      "discretization_term": 5e-05,
      "confidence_term": 0.00998577424517997
    },
    "valid": true
  },
  "posterior_summary": {
    "mean": [
      1.7943621951439237,
      2.9303034575213287,
      4.218361180070901
    ],
    "std": [
      0.03139237250658401,
      0.02559117034162822,
      0.04575609502912401
    ]
  },
  "performance": {
    "runtime": 25.404046058654785,
    "test_log_posterior": -3604.9409278550806
  }
}