{
  "experiment_id": "s5_sigma0.05_nx50_T0.5_lam2.0_m5_seed101",
  "config": {
    "s": 5,
    "sensor_positions": [
      0.1,
      0.3,
      0.5,
      0.7,
      0.9
    ],
    "placement_type": "fixed",
    "sigma": 0.05,
    "n_x": 50,
    "T": 0.5,
    "lambda": 2.0,
    "c": 1.0,
    "m": 5,
    "n_t": 50,
    "seed": 101,
    "delta": 0.05,
    "alpha": 0.001,
    "M": 2000,
    "R": 100,
    "n": 250,
    "Delta_x": 0.02,
    "Delta_t": 0.01020408163265306,
    "mcmc_n_steps": 10000,
    "mcmc_n_burn": 2000,
    "is_baseline": false
  },
  "status": "success",
  "dataset": {
    "kappa_star": [
      2.3073951969585615,
      2.4973365540384895,
      0.5996597926733394,
      1.1003257967878608,
      2.898469435940594
    ],
    "n_observations": 250
  },
  "mcmc": {
    "acceptance_rate": 0.5872,
    "ess_min": 435.8005636337246,
    "ess_mean": 509.63734986545194,
    "ess_per_coord": [
      675.0803221733987,
      491.9936267863123,
      507.95639079444663,
      437.3558459393775,
      435.8005636337246
    ],
    "n_chunks": 3,
    "total_steps": 15000,
    "converged": true,
    "efficiency": 0.029053370908914973,
    "n_forward_evals": 15000
  },
  "certificate": {
    "L_hat": 1600.5748402600775,
    "KL": 0.0,
    "eta_h": 0.0002,
    "delta_term": 0.0059914645471079815,
    "B_lambda": 1600.5810317246246,
    "components": {
      "empirical_term": 1600.5748402600775,
      "kl_term": 0.0,
      "discretization_term": 0.0002,
      "confidence_term": 0.0059914645471079815
    },
    "valid": true
  },
  "posterior_summary": {
    "mean": [
      3.210380595960964,
      2.8736878812990687,
      2.3288700429268268,
      2.2037062929839557,
      2.845479985363751
    ],
    "std": [
      0.03241620310712465,
      0.01765386561758707,
      0.012492734095786336,
      0.016072711711261952,
      0.033431951605345664
    ]
  },
  "performance": {
    "runtime": 95.70348024368286,
    "test_log_posterior": -55364.902055277904
  }
}