{
  "experiment_id": "s5_sigma0.2_nx100_T0.5_lam0.5_m5_seed101",
  "config": {
    "s": 5,
    "sensor_positions": [
      0.2,
      0.35,
      0.5,
      0.65,
      0.8
    ],
    "placement_type": "shifted",
    "sigma": 0.2,
    "n_x": 100,
    "T": 0.5,
    "lambda": 0.5,
    "c": 1.0,
    "m": 5,
    "n_t": 100,
    "seed": 101,
    "delta": 0.05,
    "alpha": 0.001,
    "M": 2000,
    "R": 100,
    "n": 500,
    "Delta_x": 0.01,
    "Delta_t": 0.005050505050505051,
    "mcmc_n_steps": 10000,
    "mcmc_n_burn": 2000,
    "is_baseline": false
  },
  "status": "success",
  "dataset": {
    "kappa_star": [
      2.3073951969585615,
      2.4973365540384895,
      0.5996597926733394,
      1.1003257967878608,
      2.898469435940594
    ],
    "n_observations": 500
  },
  "mcmc": {
    "acceptance_rate": 0.5367000000000001,
    "ess_min": 481.7414607029342,
    "ess_mean": 532.7417740483745,
    "ess_per_coord": [
      589.1085206563992,
      540.09602150562,
      541.351800668557,
      481.7414607029342,
      511.41106670836206
    ],
    "n_chunks": 4,
    "total_steps": 20000,
    "converged": true,
    "efficiency": 0.02408707303514671,
    "n_forward_evals": 20000
  },
  "certificate": {
    "L_hat": 410.8494225058472,
    "KL": 0.0,
    "eta_h": 5e-05,
    "delta_term": 0.011982929094215963,
    "B_lambda": 410.8614554349414,
    "components": {
      "empirical_term": 410.8494225058472,
      "kl_term": 0.0,
      "discretization_term": 5e-05,
      "confidence_term": 0.011982929094215963
    },
    "valid": true
  },
  "posterior_summary": {
    "mean": [
      1.8712187362840766,
      2.8278408008773535,
      2.3899200737735145,
      2.2569681710929057,
      1.4514691403512878
    ],
    "std": [
      0.11556116815493725,
      0.082861480678694,
      0.07417296032301636,
      0.09276083924647328,
      0.12181187552052179
    ]
  },
  "performance": {
    "runtime": 362.10366582870483,
    "test_log_posterior": -2071.742777238517
  }
}