{
  "experiment_id": "s5_sigma0.1_nx100_T0.3_lam2.0_m3_seed101",
  "config": {
    "s": 5,
    "sensor_positions": [
      0.2,
      0.35,
      0.5,
      0.65,
      0.8
    ],
    "placement_type": "shifted",
    "sigma": 0.1,
    "n_x": 100,
    "T": 0.3,
    "lambda": 2.0,
    "c": 1.0,
    "m": 3,
    "n_t": 100,
    "seed": 101,
    "delta": 0.05,
    "alpha": 0.001,
    "M": 2000,
    "R": 100,
    "n": 500,
    "Delta_x": 0.01,
    "Delta_t": 0.0030303030303030303,
    "mcmc_n_steps": 10000,
    "mcmc_n_burn": 2000,
    "is_baseline": false
  },
  "status": "success",
  "dataset": {
    "kappa_star": [
      2.3073951969585615,
      2.4973365540384895,
      0.5996597926733394
    ],
    "n_observations": 500
  },
  "mcmc": {
    "acceptance_rate": 0.5192666666666667,
    "ess_min": 611.9472854985383,
    "ess_mean": 882.9185853860585,
    "ess_per_coord": [
      1084.626203495605,
      611.9472854985383,
      952.1822671640319
    ],
    "n_chunks": 3,
    "total_steps": 15000,
    "converged": true,
    "efficiency": 0.04079648569990256,
    "n_forward_evals": 15000
  },
  "certificate": {
    "L_hat": 1896.0867389013415,
    "KL": 0.0,
    "eta_h": 5e-05,
    "delta_term": 0.0029957322735539907,
    "B_lambda": 1896.0897846336152,
    "components": {
      "empirical_term": 1896.0867389013415,
      "kl_term": 0.0,
      "discretization_term": 5e-05,
      "confidence_term": 0.0029957322735539907
    },
    "valid": true
  },
  "posterior_summary": {
    "mean": [
      3.0634188937588522,
      2.762764214243749,
      0.989008674696426
    ],
    "std": [
      0.024443642467410372,
      0.010248317593921473,
      0.015346613969284518
    ]
  },
  "performance": {
    "runtime": 71.17263984680176,
    "test_log_posterior": -6492.075250848452
  }
}