{
  "experiment_id": "s5_sigma0.2_nx50_T0.5_lam1.0_m5_seed202",
  "config": {
    "s": 5,
    "sensor_positions": [
      0.1,
      0.3,
      0.5,
      0.7,
      0.9
    ],
    "placement_type": "fixed",
    "sigma": 0.2,
    "n_x": 50,
    "T": 0.5,
    "lambda": 1.0,
    "c": 1.0,
    "m": 5,
    "n_t": 100,
    "seed": 202,
    "delta": 0.05,
    "alpha": 0.001,
    "M": 2000,
    "R": 100,
    "n": 500,
    "Delta_x": 0.02,
    "Delta_t": 0.005050505050505051,
    "mcmc_n_steps": 10000,
    "mcmc_n_burn": 2000,
    "is_baseline": false
  },
  "status": "success",
  "dataset": {
    "kappa_star": [
      1.2847216299636934,
      1.4241900884838463,
      3.920764034845088,
      3.9752807832159958,
      3.9824723567684557
    ],
    "n_observations": 500
  },
  "mcmc": {
    "acceptance_rate": 0.28257777777777776,
    "ess_min": 415.9677940240565,
    "ess_mean": 1109.302618669137,
    "ess_per_coord": [
      1298.112050366177,
      1220.4934003708781,
      1644.8934914341746,
      967.0463571503988,
      415.9677940240565
    ],
    "n_chunks": 6,
    "total_steps": 30000,
    "converged": true,
    "efficiency": 0.013865593134135218,
    "n_forward_evals": 30000
  },
  "certificate": {
    "L_hat": 2421.7299473971348,
    "KL": 0.0,
    "eta_h": 0.0002,
    "delta_term": 0.0059914645471079815,
    "B_lambda": 2421.736138861682,
    "components": {
      "empirical_term": 2421.7299473971348,
      "kl_term": 0.0,
      "discretization_term": 0.0002,
      "confidence_term": 0.0059914645471079815
    },
    "valid": true
  },
  "posterior_summary": {
    "mean": [
      2.2318709456361523,
      3.674780927842081,
      4.990036808712196,
      4.995357765072269,
      4.985330759266132
    ],
    "std": [
      0.09154910588734573,
      0.059155659574493216,
      0.010205778789031077,
      0.004082370672539352,
      0.013002423948475592
    ]
  },
  "performance": {
    "runtime": 348.53456115722656,
    "test_log_posterior": -5924.185775065539
  }
}