{
  "experiment_id": "s3_sigma0.1_nx100_T0.5_lam2.0_m3_seed202",
  "config": {
    "s": 3,
    "sensor_positions": [
      0.2,
      0.5,
      0.8
    ],
    "placement_type": "shifted",
    "sigma": 0.1,
    "n_x": 100,
    "T": 0.5,
    "lambda": 2.0,
    "c": 1.0,
    "m": 3,
    "n_t": 100,
    "seed": 202,
    "delta": 0.05,
    "alpha": 0.001,
    "M": 2000,
    "R": 100,
    "n": 300,
    "Delta_x": 0.01,
    "Delta_t": 0.005050505050505051,
    "mcmc_n_steps": 10000,
    "mcmc_n_burn": 2000,
    "is_baseline": false
  },
  "status": "success",
  "dataset": {
    "kappa_star": [
      1.2847216299636934,
      1.4241900884838463,
      3.920764034845088
    ],
    "n_observations": 300
  },
  "mcmc": {
    "acceptance_rate": 0.5660000000000001,
    "ess_min": 589.316403272811,
    "ess_mean": 632.3609879627969,
    "ess_per_coord": [
      603.2699012712266,
      589.316403272811,
      704.496659344353
    ],
    "n_chunks": 2,
    "total_steps": 10000,
    "converged": true,
    "efficiency": 0.058931640327281105,
    "n_forward_evals": 10000
  },
  "certificate": {
    "L_hat": 476.4023422863867,
    "KL": 0.0,
    "eta_h": 5e-05,
    "delta_term": 0.004992887122589985,
    "B_lambda": 476.4073851735093,
    "components": {
      "empirical_term": 476.4023422863867,
      "kl_term": 0.0,
      "discretization_term": 5e-05,
      "confidence_term": 0.004992887122589985
    },
    "valid": true
  },
  "posterior_summary": {
    "mean": [
      1.7848632380786151,
      2.9044643428636516,
      4.1570445009935675
    ],
    "std": [
      0.02175289278696192,
      0.01752799380632068,
      0.029808766848748215
    ]
  },
  "performance": {
    "runtime": 56.57633996009827,
    "test_log_posterior": -6912.45985026383
  }
}