{
  "experiment_id": "s3_sigma0.2_nx50_T0.3_lam0.5_m5_seed303",
  "config": {
    "s": 3,
    "sensor_positions": [
      0.25,
      0.5,
      0.75
    ],
    "placement_type": "fixed",
    "sigma": 0.2,
    "n_x": 50,
    "T": 0.3,
    "lambda": 0.5,
    "c": 1.0,
    "m": 5,
    "n_t": 50,
    "seed": 303,
    "delta": 0.05,
    "alpha": 0.001,
    "M": 2000,
    "R": 100,
    "n": 150,
    "Delta_x": 0.02,
    "Delta_t": 0.006122448979591836,
    "mcmc_n_steps": 10000,
    "mcmc_n_burn": 2000,
    "is_baseline": false
  },
  "status": "success",
  "dataset": {
    "kappa_star": [
      3.12551948199565,
      1.4836227496566199,
      2.427779995862962,
      3.3381215081208255,
      2.6741059937440994
    ],
    "n_observations": 150
  },
  "mcmc": {
    "acceptance_rate": 0.44989999999999997,
    "ess_min": 483.8842280927901,
    "ess_mean": 662.5186271198769,
    "ess_per_coord": [
      886.9680472455511,
      776.8236835239244,
      627.5161463828779,
      483.8842280927901,
      537.4010303542408
    ],
    "n_chunks": 4,
    "total_steps": 20000,
    "converged": true,
    "efficiency": 0.024194211404639506,
    "n_forward_evals": 20000
  },
  "certificate": {
    "L_hat": 439.4531785021699,
    "KL": 0.0,
    "eta_h": 0.0002,
    "delta_term": 0.03994309698071988,
    "B_lambda": 439.49332159915065,
    "components": {
      "empirical_term": 439.4531785021699,
      "kl_term": 0.0,
      "discretization_term": 0.0002,
      "confidence_term": 0.03994309698071988
    },
    "valid": true
  },
  "posterior_summary": {
    "mean": [
      2.806352000315445,
      3.6354463498775726,
      4.351912391792251,
      4.2648167972339674,
      3.962589920337486
    ],
    "std": [
      0.23460128445653092,
      0.16049639561671672,
      0.1113341571402739,
      0.15323515093107032,
      0.24087377214781394
    ]
  },
  "performance": {
    "runtime": 118.5124306678772,
    "test_log_posterior": -1459.5579641583056
  }
}