{
  "experiment_id": "s3_sigma0.1_nx50_T0.3_lam0.5_m5_seed202",
  "config": {
    "s": 3,
    "sensor_positions": [
      0.2,
      0.5,
      0.8
    ],
    "placement_type": "shifted",
    "sigma": 0.1,
    "n_x": 50,
    "T": 0.3,
    "lambda": 0.5,
    "c": 1.0,
    "m": 5,
    "n_t": 50,
    "seed": 202,
    "delta": 0.05,
    "alpha": 0.001,
    "M": 2000,
    "R": 100,
    "n": 150,
    "Delta_x": 0.02,
    "Delta_t": 0.006122448979591836,
    "mcmc_n_steps": 10000,
    "mcmc_n_burn": 2000,
    "is_baseline": false
  },
  "status": "success",
  "dataset": {
    "kappa_star": [
      1.2847216299636934,
      1.4241900884838463,
      3.920764034845088,
      3.9752807832159958,
      3.9824723567684557
    ],
    "n_observations": 150
  },
  "mcmc": {
    "acceptance_rate": 0.38053333333333333,
    "ess_min": 505.92546038668576,
    "ess_mean": 907.7775938712412,
    "ess_per_coord": [
      896.3484928243065,
      697.3707271258479,
      924.0019658136054,
      505.92546038668576,
      1515.24132320576
    ],
    "n_chunks": 3,
    "total_steps": 15000,
    "converged": true,
    "efficiency": 0.03372836402577905,
    "n_forward_evals": 15000
  },
  "certificate": {
    "L_hat": 2171.133659311853,
    "KL": 0.0,
    "eta_h": 0.0002,
    "delta_term": 0.03994309698071988,
    "B_lambda": 2171.1738024088336,
    "components": {
      "empirical_term": 2171.133659311853,
      "kl_term": 0.0,
      "discretization_term": 0.0002,
      "confidence_term": 0.03994309698071988
    },
    "valid": true
  },
  "posterior_summary": {
    "mean": [
      0.4372393265417325,
      4.493399938188777,
      4.995419554639849,
      4.989408220838405,
      3.738055412017439
    ],
    "std": [
      0.0410381844315732,
      0.06674086539565328,
      0.003936150244387078,
      0.010310394661152812,
      0.07326863235822223
    ]
  },
  "performance": {
    "runtime": 72.80676507949829,
    "test_log_posterior": -4157.575313648437
  }
}