{
  "experiment_id": "s3_sigma0.2_nx50_T0.5_lam0.5_m3_seed303",
  "config": {
    "s": 3,
    "sensor_positions": [
      0.25,
      0.5,
      0.75
    ],
    "placement_type": "fixed",
    "sigma": 0.2,
    "n_x": 50,
    "T": 0.5,
    "lambda": 0.5,
    "c": 1.0,
    "m": 3,
    "n_t": 50,
    "seed": 303,
    "delta": 0.05,
    "alpha": 0.001,
    "M": 2000,
    "R": 100,
    "n": 150,
    "Delta_x": 0.02,
    "Delta_t": 0.01020408163265306,
    "mcmc_n_steps": 10000,
    "mcmc_n_burn": 2000,
    "is_baseline": false
  },
  "status": "success",
  "dataset": {
    "kappa_star": [
      3.12551948199565,
      1.4836227496566199,
      2.427779995862962
    ],
    "n_observations": 150
  },
  "mcmc": {
    "acceptance_rate": 0.5103,
    "ess_min": 499.14531327920395,
    "ess_mean": 642.0570861668283,
    "ess_per_coord": [
      499.14531327920395,
      666.0289059569844,
      760.9970392642963
    ],
    "n_chunks": 2,
    "total_steps": 10000,
    "converged": true,
    "efficiency": 0.0499145313279204,
    "n_forward_evals": 10000
  },
  "certificate": {
    "L_hat": 129.81213783699764,
    "KL": 0.0,
    "eta_h": 0.0002,
    "delta_term": 0.03994309698071988,
    "B_lambda": 129.85228093397836,
    "components": {
      "empirical_term": 129.81213783699764,
      "kl_term": 0.0,
      "discretization_term": 0.0002,
      "confidence_term": 0.03994309698071988
    },
    "valid": true
  },
  "posterior_summary": {
    "mean": [
      3.225506522531428,
      3.1441713895341104,
      2.688368735498088
    ],
    "std": [
      0.13705468333133716,
      0.09658618747894154,
      0.1282439222233714
    ]
  },
  "performance": {
    "runtime": 26.996328830718994,
    "test_log_posterior": -292.2818076063779
  }
}