{
  "experiment_id": "s5_sigma0.1_nx100_T0.3_lam1.0_m5_seed202",
  "config": {
    "s": 5,
    "sensor_positions": [
      0.2,
      0.35,
      0.5,
      0.65,
      0.8
    ],
    "placement_type": "shifted",
    "sigma": 0.1,
    "n_x": 100,
    "T": 0.3,
    "lambda": 1.0,
    "c": 1.0,
    "m": 5,
    "n_t": 100,
    "seed": 202,
    "delta": 0.05,
    "alpha": 0.001,
    "M": 2000,
    "R": 100,
    "n": 500,
    "Delta_x": 0.01,
    "Delta_t": 0.0030303030303030303,
    "mcmc_n_steps": 10000,
    "mcmc_n_burn": 2000,
    "is_baseline": false
  },
  "status": "success",
  "dataset": {
    "kappa_star": [
      1.2847216299636934,
      1.4241900884838463,
      3.920764034845088,
      3.9752807832159958,
      3.9824723567684557
    ],
    "n_observations": 500
  },
  "mcmc": {
    "acceptance_rate": 0.08588333333333333,
    "ess_min": 188.74335645785655,
    "ess_mean": 716.1463299959039,
    "ess_per_coord": [
      723.0858538236613,
      316.9957741888255,
      188.74335645785655,
      224.32654844367715,
      2127.5801170654986
    ],
    "n_chunks": 8,
    "total_steps": 40000,
    "converged": false,
    "efficiency": 0.004718583911446414,
    "n_forward_evals": 40000
  },
  "certificate": {
    "L_hat": 10061.024289160752,
    "KL": 0.0,
    "eta_h": 5e-05,
    "delta_term": 0.0059914645471079815,
    "B_lambda": 10061.030330625299,
    "components": {
      "empirical_term": 10061.024289160752,
      "kl_term": 0.0,
      "discretization_term": 5e-05,
      "confidence_term": 0.0059914645471079815
    },
    "valid": true
  },
  "posterior_summary": {
    "mean": [
      0.7275516332184964,
      4.007327729134328,
      4.9993314262934385,
      4.99929373498878,
      4.380607894873133
    ],
    "std": [
      0.02441364827289625,
      0.024016654616735453,
      0.0007177643200217433,
      0.0007114237704536903,
      0.04240356058867488
    ]
  },
  "performance": {
    "runtime": 450.1633982658386,
    "test_log_posterior": -36994.99807844164
  }
}