{
  "experiment_id": "s3_sigma0.1_nx50_T0.5_lam2.0_m3_seed303",
  "config": {
    "s": 3,
    "sensor_positions": [
      0.2,
      0.5,
      0.8
    ],
    "placement_type": "shifted",
    "sigma": 0.1,
    "n_x": 50,
    "T": 0.5,
    "lambda": 2.0,
    "c": 1.0,
    "m": 3,
    "n_t": 100,
    "seed": 303,
    "delta": 0.05,
    "alpha": 0.001,
    "M": 2000,
    "R": 100,
    "n": 300,
    "Delta_x": 0.02,
    "Delta_t": 0.005050505050505051,
    "mcmc_n_steps": 10000,
    "mcmc_n_burn": 2000,
    "is_baseline": false
  },
  "status": "success",
  "dataset": {
    "kappa_star": [
      3.12551948199565,
      1.4836227496566199,
      2.427779995862962
    ],
    "n_observations": 300
  },
  "mcmc": {
    "acceptance_rate": 0.5253,
    "ess_min": 623.6508236436011,
    "ess_mean": 676.3627333012514,
    "ess_per_coord": [
      645.4734366776794,
      623.6508236436011,
      759.9639395824738
    ],
    "n_chunks": 2,
    "total_steps": 10000,
    "converged": true,
    "efficiency": 0.062365082364360114,
    "n_forward_evals": 10000
  },
  "certificate": {
    "L_hat": 742.0561507044667,
    "KL": 0.0,
    "eta_h": 0.0002,
    "delta_term": 0.004992887122589985,
    "B_lambda": 742.0613435915893,
    "components": {
      "empirical_term": 742.0561507044667,
      "kl_term": 0.0,
      "discretization_term": 0.0002,
      "confidence_term": 0.004992887122589985
    },
    "valid": true
  },
  "posterior_summary": {
    "mean": [
      3.5049862299148895,
      3.0969218920565993,
      2.8489204752313118
    ],
    "std": [
      0.0318623535308117,
      0.01701956147789853,
      0.027279387053401355
    ]
  },
  "performance": {
    "runtime": 47.71624493598938,
    "test_log_posterior": -8291.95640970215
  }
}