{
  "experiment_id": "s3_sigma0.2_nx100_T0.5_lam2.0_m5_seed101",
  "config": {
    "s": 3,
    "sensor_positions": [
      0.2,
      0.5,
      0.8
    ],
    "placement_type": "shifted",
    "sigma": 0.2,
    "n_x": 100,
    "T": 0.5,
    "lambda": 2.0,
    "c": 1.0,
    "m": 5,
    "n_t": 100,
    "seed": 101,
    "delta": 0.05,
    "alpha": 0.001,
    "M": 2000,
    "R": 100,
    "n": 300,
    "Delta_x": 0.01,
    "Delta_t": 0.005050505050505051,
    "mcmc_n_steps": 10000,
    "mcmc_n_burn": 2000,
    "is_baseline": false
  },
  "status": "success",
  "dataset": {
    "kappa_star": [
      2.3073951969585615,
      2.4973365540384895,
      0.5996597926733394,
      1.1003257967878608,
      2.898469435940594
    ],
    "n_observations": 300
  },
  "mcmc": {
    "acceptance_rate": 0.49891428571428564,
    "ess_min": 404.02608368008976,
    "ess_mean": 484.97627072997847,
    "ess_per_coord": [
      559.7718100444985,
      466.4757117421567,
      404.02608368008976,
      480.0647327330911,
      514.5430154500565
    ],
    "n_chunks": 7,
    "total_steps": 35000,
    "converged": true,
    "efficiency": 0.011543602390859707,
    "n_forward_evals": 35000
  },
  "certificate": {
    "L_hat": 196.61784695443978,
    "KL": 0.0,
    "eta_h": 5e-05,
    "delta_term": 0.004992887122589985,
    "B_lambda": 196.62288984156237,
    "components": {
      "empirical_term": 196.61784695443978,
      "kl_term": 0.0,
      "discretization_term": 5e-05,
      "confidence_term": 0.004992887122589985
    },
    "valid": true
  },
  "posterior_summary": {
    "mean": [
      2.0874955104970674,
      2.396518553942934,
      2.425003692363181,
      2.4724280134247287,
      1.2433784136212305
    ],
    "std": [
      0.11267846602012999,
      0.11013064121222367,
      0.0566504071795305,
      0.10756930211160189,
      0.08217426337606785
    ]
  },
  "performance": {
    "runtime": 407.8185110092163,
    "test_log_posterior": -4460.85919902072
  }
}