{
  "experiment_id": "s5_sigma0.2_nx100_T0.5_lam0.5_m5_seed303",
  "config": {
    "s": 5,
    "sensor_positions": [
      0.2,
      0.35,
      0.5,
      0.65,
      0.8
    ],
    "placement_type": "shifted",
    "sigma": 0.2,
    "n_x": 100,
    "T": 0.5,
    "lambda": 0.5,
    "c": 1.0,
    "m": 5,
    "n_t": 50,
    "seed": 303,
    "delta": 0.05,
    "alpha": 0.001,
    "M": 2000,
    "R": 100,
    "n": 250,
    "Delta_x": 0.01,
    "Delta_t": 0.01020408163265306,
    "mcmc_n_steps": 10000,
    "mcmc_n_burn": 2000,
    "is_baseline": false
  },
  "status": "success",
  "dataset": {
    "kappa_star": [
      3.12551948199565,
      1.4836227496566199,
      2.427779995862962,
      3.3381215081208255,
      2.6741059937440994
    ],
    "n_observations": 250
  },
  "mcmc": {
    "acceptance_rate": 0.5640444444444445,
    "ess_min": 506.75447327223014,
    "ess_mean": 611.4420738305531,
    "ess_per_coord": [
      802.7425549380515,
      618.7286700360428,
      597.597914368748,
      506.75447327223014,
      531.3867565376931
    ],
    "n_chunks": 3,
    "total_steps": 15000,
    "converged": true,
    "efficiency": 0.03378363155148201,
    "n_forward_evals": 15000
  },
  "certificate": {
    "L_hat": 996.8184767958413,
    "KL": 0.0,
    "eta_h": 5e-05,
    "delta_term": 0.023965858188431926,
    "B_lambda": 996.8424926540297,
    "components": {
      "empirical_term": 996.8184767958413,
      "kl_term": 0.0,
      "discretization_term": 5e-05,
      "confidence_term": 0.023965858188431926
    },
    "valid": true
  },
  "posterior_summary": {
    "mean": [
      2.0018823325669906,
      3.486330342174719,
      4.196955762975829,
      4.082058982418661,
      2.611606130190543
    ],
    "std": [
      0.16661124761849874,
      0.11951606267874917,
      0.10317820682598611,
      0.11998615093144926,
      0.16026830513681828
    ]
  },
  "performance": {
    "runtime": 138.9955861568451,
    "test_log_posterior": -1572.7735950813983
  }
}