{
  "experiment_id": "s3_sigma0.05_nx100_T0.3_lam1.0_m5_seed303",
  "config": {
    "s": 3,
    "sensor_positions": [
      0.25,
      0.5,
      0.75
    ],
    "placement_type": "fixed",
    "sigma": 0.05,
    "n_x": 100,
    "T": 0.3,
    "lambda": 1.0,
    "c": 1.0,
    "m": 5,
    "n_t": 50,
    "seed": 303,
    "delta": 0.05,
    "alpha": 0.001,
    "M": 2000,
    "R": 100,
    "n": 150,
    "Delta_x": 0.01,
    "Delta_t": 0.006122448979591836,
    "mcmc_n_steps": 10000,
    "mcmc_n_burn": 2000,
    "is_baseline": false
  },
  "status": "success",
  "dataset": {
    "kappa_star": [
      3.12551948199565,
      1.4836227496566199,
      2.427779995862962,
      3.3381215081208255,
      2.6741059937440994
    ],
    "n_observations": 150
  },
  "mcmc": {
    "acceptance_rate": 0.5263333333333334,
    "ess_min": 533.8964408837556,
    "ess_mean": 711.2820500013108,
    "ess_per_coord": [
      886.0940905397208,
      792.2099251580859,
      796.1224429751536,
      533.8964408837556,
      548.0873504498383
    ],
    "n_chunks": 4,
    "total_steps": 20000,
    "converged": true,
    "efficiency": 0.026694822044187782,
    "n_forward_evals": 20000
  },
  "certificate": {
    "L_hat": 6569.286977513129,
    "KL": 0.0,
    "eta_h": 5e-05,
    "delta_term": 0.01997154849035994,
    "B_lambda": 6569.3069990616195,
    "components": {
      "empirical_term": 6569.286977513129,
      "kl_term": 0.0,
      "discretization_term": 5e-05,
      "confidence_term": 0.01997154849035994
    },
    "valid": true
  },
  "posterior_summary": {
    "mean": [
      2.827571467007223,
      3.6621336045355206,
      4.329674721000603,
      4.213688678054001,
      4.041892214574591
    ],
    "std": [
      0.045166798436796544,
      0.027219778445796806,
      0.019145821072011352,
      0.0262459137682574,
      0.04697162571327244
    ]
  },
  "performance": {
    "runtime": 111.57388997077942,
    "test_log_posterior": -46152.07297877725
  }
}