{
  "experiment_id": "s3_sigma0.05_nx50_T0.3_lam1.0_m3_seed202",
  "config": {
    "s": 3,
    "sensor_positions": [
      0.2,
      0.5,
      0.8
    ],
    "placement_type": "shifted",
    "sigma": 0.05,
    "n_x": 50,
    "T": 0.3,
    "lambda": 1.0,
    "c": 1.0,
    "m": 3,
    "n_t": 50,
    "seed": 202,
    "delta": 0.05,
    "alpha": 0.001,
    "M": 2000,
    "R": 100,
    "n": 150,
    "Delta_x": 0.02,
    "Delta_t": 0.006122448979591836,
    "mcmc_n_steps": 10000,
    "mcmc_n_burn": 2000,
    "is_baseline": false
  },
  "status": "success",
  "dataset": {
    "kappa_star": [
      1.2847216299636934,
      1.4241900884838463,
      3.920764034845088
    ],
    "n_observations": 150
  },
  "mcmc": {
    "acceptance_rate": 0.5399,
    "ess_min": 656.1359016081933,
    "ess_mean": 703.7991420839891,
    "ess_per_coord": [
      714.3672711204847,
      656.1359016081933,
      740.8942535232893
    ],
    "n_chunks": 2,
    "total_steps": 10000,
    "converged": true,
    "efficiency": 0.06561359016081933,
    "n_forward_evals": 10000
  },
  "certificate": {
    "L_hat": 410.1416570441546,
    "KL": 0.0,
    "eta_h": 0.0002,
    "delta_term": 0.01997154849035994,
    "B_lambda": 410.16182859264495,
    "components": {
      "empirical_term": 410.1416570441546,
      "kl_term": 0.0,
      "discretization_term": 0.0002,
      "confidence_term": 0.01997154849035994
    },
    "valid": true
  },
  "posterior_summary": {
    "mean": [
      1.7268645556111293,
      2.9454509645695994,
      4.315761624863906
    ],
    "std": [
      0.017461145179306605,
      0.013231410976871357,
      0.028166099967999174
    ]
  },
  "performance": {
    "runtime": 24.86436104774475,
    "test_log_posterior": -9774.98831168752
  }
}