{
  "experiment_id": "s3_sigma0.1_nx50_T0.3_lam0.5_m3_seed202",
  "config": {
    "s": 3,
    "sensor_positions": [
      0.2,
      0.5,
      0.8
    ],
    "placement_type": "shifted",
    "sigma": 0.1,
    "n_x": 50,
    "T": 0.3,
    "lambda": 0.5,
    "c": 1.0,
    "m": 3,
    "n_t": 100,
    "seed": 202,
    "delta": 0.05,
    "alpha": 0.001,
    "M": 2000,
    "R": 100,
    "n": 300,
    "Delta_x": 0.02,
    "Delta_t": 0.0030303030303030303,
    "mcmc_n_steps": 10000,
    "mcmc_n_burn": 2000,
    "is_baseline": false
  },
  "status": "success",
  "dataset": {
    "kappa_star": [
      1.2847216299636934,
      1.4241900884838463,
      3.920764034845088
    ],
    "n_observations": 300
  },
  "mcmc": {
    "acceptance_rate": 0.5047,
    "ess_min": 541.0328784435542,
    "ess_mean": 662.4982391436512,
    "ess_per_coord": [
      546.010630033666,
      541.0328784435542,
      900.4512089537333
    ],
    "n_chunks": 2,
    "total_steps": 10000,
    "converged": true,
    "efficiency": 0.05410328784435542,
    "n_forward_evals": 10000
  },
  "certificate": {
    "L_hat": 304.4642462496737,
    "KL": 0.0,
    "eta_h": 0.0002,
    "delta_term": 0.01997154849035994,
    "B_lambda": 304.48441779816403,
    "components": {
      "empirical_term": 304.4642462496737,
      "kl_term": 0.0,
      "discretization_term": 0.0002,
      "confidence_term": 0.01997154849035994
    },
    "valid": true
  },
  "posterior_summary": {
    "mean": [
      1.7327486690899325,
      2.9338794038607876,
      4.271839255885214
    ],
    "std": [
      0.03554384228185583,
      0.025918350185795868,
      0.04992346200401227
    ]
  },
  "performance": {
    "runtime": 31.182034969329834,
    "test_log_posterior": -2444.9927526460474
  }
}