{
  "experiment_id": "s3_sigma0.1_nx50_T0.5_lam1.0_m3_seed303",
  "config": {
    "s": 3,
    "sensor_positions": [
      0.2,
      0.5,
      0.8
    ],
    "placement_type": "shifted",
    "sigma": 0.1,
    "n_x": 50,
    "T": 0.5,
    "lambda": 1.0,
    "c": 1.0,
    "m": 3,
    "n_t": 100,
    "seed": 303,
    "delta": 0.05,
    "alpha": 0.001,
    "M": 2000,
    "R": 100,
    "n": 300,
    "Delta_x": 0.02,
    "Delta_t": 0.005050505050505051,
    "mcmc_n_steps": 10000,
    "mcmc_n_burn": 2000,
    "is_baseline": false
  },
  "status": "success",
  "dataset": {
    "kappa_star": [
      3.12551948199565,
      1.4836227496566199,
      2.427779995862962
    ],
    "n_observations": 300
  },
  "mcmc": {
    "acceptance_rate": 0.5307,
    "ess_min": 645.6527368657926,
    "ess_mean": 677.8695787644639,
    "ess_per_coord": [
      645.6527368657926,
      674.7560299601237,
      713.1999694674754
    ],
    "n_chunks": 2,
    "total_steps": 10000,
    "converged": true,
    "efficiency": 0.06456527368657926,
    "n_forward_evals": 10000
  },
  "certificate": {
    "L_hat": 742.6782860632228,
    "KL": 0.0,
    "eta_h": 0.0002,
    "delta_term": 0.00998577424517997,
    "B_lambda": 742.6884718374679,
    "components": {
      "empirical_term": 742.6782860632228,
      "kl_term": 0.0,
      "discretization_term": 0.0002,
      "confidence_term": 0.00998577424517997
    },
    "valid": true
  },
  "posterior_summary": {
    "mean": [
      3.5124068596395004,
      3.096878638528094,
      2.856998644748564
    ],
    "std": [
      0.04363658761491901,
      0.021947809613579075,
      0.03862586198914832
    ]
  },
  "performance": {
    "runtime": 47.8459849357605,
    "test_log_posterior": -4148.36205765875
  }
}