{
  "experiment_id": "s5_sigma0.2_nx50_T0.3_lam1.0_m3_seed202",
  "config": {
    "s": 5,
    "sensor_positions": [
      0.2,
      0.35,
      0.5,
      0.65,
      0.8
    ],
    "placement_type": "shifted",
    "sigma": 0.2,
    "n_x": 50,
    "T": 0.3,
    "lambda": 1.0,
    "c": 1.0,
    "m": 3,
    "n_t": 100,
    "seed": 202,
    "delta": 0.05,
    "alpha": 0.001,
    "M": 2000,
    "R": 100,
    "n": 500,
    "Delta_x": 0.02,
    "Delta_t": 0.0030303030303030303,
    "mcmc_n_steps": 10000,
    "mcmc_n_burn": 2000,
    "is_baseline": false
  },
  "status": "success",
  "dataset": {
    "kappa_star": [
      1.2847216299636934,
      1.4241900884838463,
      3.920764034845088
    ],
    "n_observations": 500
  },
  "mcmc": {
    "acceptance_rate": 0.5189,
    "ess_min": 501.16225352858936,
    "ess_mean": 549.9921131610103,
    "ess_per_coord": [
      637.4221509187701,
      501.16225352858936,
      511.3919350356711
    ],
    "n_chunks": 2,
    "total_steps": 10000,
    "converged": true,
    "efficiency": 0.05011622535285894,
    "n_forward_evals": 10000
  },
  "certificate": {
    "L_hat": 532.5146340438764,
    "KL": 0.0,
    "eta_h": 0.0002,
    "delta_term": 0.0059914645471079815,
    "B_lambda": 532.5208255084235,
    "components": {
      "empirical_term": 532.5146340438764,
      "kl_term": 0.0,
      "discretization_term": 0.0002,
      "confidence_term": 0.0059914645471079815
    },
    "valid": true
  },
  "posterior_summary": {
    "mean": [
      1.3895887339907467,
      2.3598477576188808,
      4.35532665197564
    ],
    "std": [
      0.041225845880838316,
      0.024168561650460926,
      0.0742158402477129
    ]
  },
  "performance": {
    "runtime": 48.27106785774231,
    "test_log_posterior": -1788.3272406085493
  }
}