{
  "experiment_id": "s3_sigma0.2_nx50_T0.3_lam2.0_m5_seed303",
  "config": {
    "s": 3,
    "sensor_positions": [
      0.25,
      0.5,
      0.75
    ],
    "placement_type": "fixed",
    "sigma": 0.2,
    "n_x": 50,
    "T": 0.3,
    "lambda": 2.0,
    "c": 1.0,
    "m": 5,
    "n_t": 100,
    "seed": 303,
    "delta": 0.05,
    "alpha": 0.001,
    "M": 2000,
    "R": 100,
    "n": 300,
    "Delta_x": 0.02,
    "Delta_t": 0.0030303030303030303,
    "mcmc_n_steps": 10000,
    "mcmc_n_burn": 2000,
    "is_baseline": false
  },
  "status": "success",
  "dataset": {
    "kappa_star": [
      3.12551948199565,
      1.4836227496566199,
      2.427779995862962,
      3.3381215081208255,
      2.6741059937440994
    ],
    "n_observations": 300
  },
  "mcmc": {
    "acceptance_rate": 0.5353,
    "ess_min": 559.1116714159685,
    "ess_mean": 668.154137943403,
    "ess_per_coord": [
      856.6302859900348,
      616.6546206979563,
      719.7950211109072,
      559.1116714159685,
      588.5790905021482
    ],
    "n_chunks": 4,
    "total_steps": 20000,
    "converged": true,
    "efficiency": 0.02795558357079843,
    "n_forward_evals": 20000
  },
  "certificate": {
    "L_hat": 964.2197877299669,
    "KL": 0.0,
    "eta_h": 0.0002,
    "delta_term": 0.004992887122589985,
    "B_lambda": 964.2249806170895,
    "components": {
      "empirical_term": 964.2197877299669,
      "kl_term": 0.0,
      "discretization_term": 0.0002,
      "confidence_term": 0.004992887122589985
    },
    "valid": true
  },
  "posterior_summary": {
    "mean": [
      2.8144463950884484,
      3.656032125684111,
      4.31920801127416,
      4.201056983941402,
      4.001195596801026
    ],
    "std": [
      0.0931176763608667,
      0.0634180233914384,
      0.03732168981321714,
      0.05475738265089988,
      0.09236805196853881
    ]
  },
  "performance": {
    "runtime": 243.93590307235718,
    "test_log_posterior": -11604.207968724153
  }
}