{
  "experiment_id": "s3_sigma0.1_nx100_T0.3_lam2.0_m3_seed202",
  "config": {
    "s": 3,
    "sensor_positions": [
      0.25,
      0.5,
      0.75
    ],
    "placement_type": "fixed",
    "sigma": 0.1,
    "n_x": 100,
    "T": 0.3,
    "lambda": 2.0,
    "c": 1.0,
    "m": 3,
    "n_t": 100,
    "seed": 202,
    "delta": 0.05,
    "alpha": 0.001,
    "M": 2000,
    "R": 100,
    "n": 300,
    "Delta_x": 0.01,
    "Delta_t": 0.0030303030303030303,
    "mcmc_n_steps": 10000,
    "mcmc_n_burn": 2000,
    "is_baseline": false
  },
  "status": "success",
  "dataset": {
    "kappa_star": [
      1.2847216299636934,
      1.4241900884838463,
      3.920764034845088
    ],
    "n_observations": 300
  },
  "mcmc": {
    "acceptance_rate": 0.5156,
    "ess_min": 511.30637064718354,
    "ess_mean": 593.3376633786455,
    "ess_per_coord": [
      556.4118848317046,
      511.30637064718354,
      712.2947346570486
    ],
    "n_chunks": 2,
    "total_steps": 10000,
    "converged": true,
    "efficiency": 0.051130637064718355,
    "n_forward_evals": 10000
  },
  "certificate": {
    "L_hat": 281.9094827429261,
    "KL": 0.0,
    "eta_h": 5e-05,
    "delta_term": 0.004992887122589985,
    "B_lambda": 281.9145256300487,
    "components": {
      "empirical_term": 281.9094827429261,
      "kl_term": 0.0,
      "discretization_term": 5e-05,
      "confidence_term": 0.004992887122589985
    },
    "valid": true
  },
  "posterior_summary": {
    "mean": [
      1.593898494233426,
      2.9585692408539903,
      3.8991063242163784
    ],
    "std": [
      0.01838401386368486,
      0.015333632573426615,
      0.022772183523701514
    ]
  },
  "performance": {
    "runtime": 40.1008677482605,
    "test_log_posterior": -9939.845601350507
  }
}