{
  "experiment_id": "s5_sigma0.1_nx100_T0.3_lam2.0_m5_seed202",
  "config": {
    "s": 5,
    "sensor_positions": [
      0.2,
      0.35,
      0.5,
      0.65,
      0.8
    ],
    "placement_type": "shifted",
    "sigma": 0.1,
    "n_x": 100,
    "T": 0.3,
    "lambda": 2.0,
    "c": 1.0,
    "m": 5,
    "n_t": 50,
    "seed": 202,
    "delta": 0.05,
    "alpha": 0.001,
    "M": 2000,
    "R": 100,
    "n": 250,
    "Delta_x": 0.01,
    "Delta_t": 0.006122448979591836,
    "mcmc_n_steps": 10000,
    "mcmc_n_burn": 2000,
    "is_baseline": false
  },
  "status": "success",
  "dataset": {
    "kappa_star": [
      1.2847216299636934,
      1.4241900884838463,
      3.920764034845088,
      3.9752807832159958,
      3.9824723567684557
    ],
    "n_observations": 250
  },
  "mcmc": {
    "acceptance_rate": 0.08231666666666666,
    "ess_min": 237.7781330448054,
    "ess_mean": 735.5530413278041,
    "ess_per_coord": [
      599.3715645070599,
      547.6906110133518,
      237.7781330448054,
      326.7842347502304,
      1966.1406633235724
    ],
    "n_chunks": 8,
    "total_steps": 40000,
    "converged": false,
    "efficiency": 0.005944453326120135,
    "n_forward_evals": 40000
  },
  "certificate": {
    "L_hat": 4977.145519550645,
    "KL": 0.0,
    "eta_h": 5e-05,
    "delta_term": 0.0059914645471079815,
    "B_lambda": 4977.151561015192,
    "components": {
      "empirical_term": 4977.145519550645,
      "kl_term": 0.0,
      "discretization_term": 5e-05,
      "confidence_term": 0.0059914645471079815
    },
    "valid": true
  },
  "posterior_summary": {
    "mean": [
      0.7171512237995273,
      4.0288369096406935,
      4.9996125132162375,
      4.999497122971226,
      4.307670296555386
    ],
    "std": [
      0.02334580285255838,
      0.01921974625855625,
      0.0006189065840646544,
      0.000669879642092002,
      0.03746009790298931
    ]
  },
  "performance": {
    "runtime": 236.47531604766846,
    "test_log_posterior": -37261.7154254017
  }
}