{
  "experiment_id": "s3_sigma0.1_nx50_T0.3_lam2.0_m5_seed202",
  "config": {
    "s": 3,
    "sensor_positions": [
      0.25,
      0.5,
      0.75
    ],
    "placement_type": "fixed",
    "sigma": 0.1,
    "n_x": 50,
    "T": 0.3,
    "lambda": 2.0,
    "c": 1.0,
    "m": 5,
    "n_t": 50,
    "seed": 202,
    "delta": 0.05,
    "alpha": 0.001,
    "M": 2000,
    "R": 100,
    "n": 150,
    "Delta_x": 0.02,
    "Delta_t": 0.006122448979591836,
    "mcmc_n_steps": 10000,
    "mcmc_n_burn": 2000,
    "is_baseline": false
  },
  "status": "success",
  "dataset": {
    "kappa_star": [
      1.2847216299636934,
      1.4241900884838463,
      3.920764034845088,
      3.9752807832159958,
      3.9824723567684557
    ],
    "n_observations": 150
  },
  "mcmc": {
    "acceptance_rate": 0.029208333333333326,
    "ess_min": 49.35044217443297,
    "ess_mean": 348.8933910924277,
    "ess_per_coord": [
      782.0836725766674,
      642.1246457770497,
      159.32462131556306,
      111.58357361842542,
      49.35044217443297
    ],
    "n_chunks": 8,
    "total_steps": 40000,
    "converged": false,
    "efficiency": 0.0012337610543608243,
    "n_forward_evals": 40000
  },
  "certificate": {
    "L_hat": 3173.576292734544,
    "KL": 0.0,
    "eta_h": 0.0002,
    "delta_term": 0.00998577424517997,
    "B_lambda": 3173.5864785087892,
    "components": {
      "empirical_term": 3173.576292734544,
      "kl_term": 0.0,
      "discretization_term": 0.0002,
      "confidence_term": 0.00998577424517997
    },
    "valid": true
  },
  "posterior_summary": {
    "mean": [
      1.1352911222346278,
      4.266690437184651,
      4.999171381437687,
      4.999353916812404,
      4.9964805353290735
    ],
    "std": [
      0.04105653257697015,
      0.03808672139625054,
      0.0007463431515181587,
      0.0003844648615538029,
      0.0034114382786042488
    ]
  },
  "performance": {
    "runtime": 169.0272159576416,
    "test_log_posterior": -25319.466294910628
  }
}