{
  "config": {
    "s": 3,
    "sensor_positions": [
      0.25,
      0.5,
      0.75
    ],
    "placement_type": "fixed",
    "sigma": 0.1,
    "n_x": 100,
    "n_t": 50,
    "T": 0.5,
    "lambda": 1.0,
    "c": 1.0,
    "m": 5,
    "seed": 202,
    "delta": 0.05,
    "alpha": 0.001,
    "M": 200,
    "R": 10,
    "n": 150,
    "Delta_x": 0.01,
    "Delta_t": 0.01020408163265306,
    "mcmc_n_steps": 2000,
    "mcmc_n_burn": 500,
    "is_baseline": false
  },
  "reproducibility": {
    "seed": 202,
    "data_hash": "a8227edfb2c5613596bad84d03d4405c0b57e7f8ea74a9557b01f8ebcd4c4eb7",
    "experiment_id": "exp_20250916_161524",
    "rng_usage": {
      "data": 1,
      "prior": 1,
      "mcmc": 1
    }
  },
  "dataset": {
    "kappa_star": [
      0.8,
      1.2,
      1.6,
      2.0,
      2.4
    ],
    "sigma": 0.1,
    "n": 150
  },
  "mcmc": {
    "acceptance_rate": 0.0035,
    "ess": [
      400,
      400,
      400,
      400,
      400
    ],
    "converged": false,
    "n_forward_evals": 1500
  },
  "posterior_summary": {
    "mean": [
      1.138591249144211,
      1.1359094926202484,
      1.0358116580291103,
      1.0892470275975659,
      0.7359195366274639
    ],
    "std": [
      0.03537813512177063,
      0.02015478806577758,
      0.00023140325263666835,
      0.016624827432572833,
      0.018526373601572013
    ],
    "quantiles": {
      "2.5%": [
        1.1270181602276825,
        1.07429769470853,
        1.035104274235715,
        1.0384260760325643,
        0.7298590880409594
      ],
      "50%": [
        1.1270181602276825,
        1.1425026370462497,
        1.0358873559258492,
        1.0946854320085544,
        0.7298590880409594
      ],
      "97.5%": [
        1.2467397697093399,
        1.1425026370462497,
        1.0358873559258492,
        1.0946854320085544,
        0.7925533837635688
      ]
    }
  },
  "certificate": {
    "B_lambda": 0.5264576163344057,
    "L_hat": 0.2099708594652835,
    "KL": 47.45801353036834,
    "eta_h": 0.0001,
    "components": {
      "empirical_term": 0.2099708594652835,
      "kl_term": 0.31638675686912227,
      "discretization_term": 0.0001
    },
    "Z_hat": 1.2983205647885897e-07,
    "underline_Z": 1.1684885083097307e-07
  },
  "true_risk": {
    "L_mc": 1.3122310060478313,
    "L_mc_std": 0.0195011823316842,
    "R": 10
  },
  "performance": {
    "total_solver_calls": 0,
    "timings": {
      "data_generation": {
        "total": 0.0001201629638671875,
        "mean": 0.0001201629638671875,
        "std": 0.0,
        "count": 1
      },
      "mcmc": {
        "total": 0.014687061309814453,
        "mean": 0.014687061309814453,
        "std": 0.0,
        "count": 1
      },
      "certificate": {
        "total": 0.0008509159088134766,
        "mean": 0.0008509159088134766,
        "std": 0.0,
        "count": 1
      }
    },
    "memory_peak_mb": {}
  }
}