{
  "config": {
    "s": 5,
    "sensor_positions": [
      0.15,
      0.3,
      0.5,
      0.7,
      0.85
    ],
    "placement_type": "fixed",
    "sigma": 0.1,
    "n_x": 50,
    "n_t": 25,
    "T": 0.5,
    "lambda": 1.0,
    "c": 1.0,
    "m": 3,
    "seed": 101,
    "delta": 0.05,
    "alpha": 0.001,
    "M": 200,
    "R": 10,
    "n": 125,
    "Delta_x": 0.02,
    "Delta_t": 0.020833333333333332,
    "mcmc_n_steps": 2000,
    "mcmc_n_burn": 500,
    "is_baseline": false
  },
  "reproducibility": {
    "seed": 101,
    "data_hash": "e07155bc7a86e9a537daf9a133e1b486e29630f456ab81bfb0c752c7bdaaf906",
    "experiment_id": "exp_20250916_161525",
    "rng_usage": {
      "data": 1,
      "prior": 1,
      "mcmc": 1
    }
  },
  "dataset": {
    "kappa_star": [
      1.0,
      1.5,
      2.0
    ],
    "sigma": 0.1,
    "n": 125
  },
  "mcmc": {
    "acceptance_rate": 0.0115,
    "ess": [
      400,
      400,
      400
    ],
    "converged": false,
    "n_forward_evals": 1500
  },
  "posterior_summary": {
    "mean": [
      0.8342467332047961,
      0.4743682683063,
      1.4523081260956892
    ],
    "std": [
      0.052233736394706354,
      0.26396684985279995,
      0.020375031006312407
    ],
    "quantiles": {
      "2.5%": [
        0.701221239367148,
        0.29542559752429054,
        1.4184808670654803
      ],
      "50%": [
        0.8548498162888893,
        0.29542559752429054,
        1.4648439855027489
      ],
      "97.5%": [
        0.8652898864516537,
        0.998643298739694,
        1.4648439855027489
      ]
    }
  },
  "certificate": {
    "B_lambda": 0.5624511268478,
    "L_hat": 0.23363537859280578,
    "KL": 41.05196853187428,
    "eta_h": 0.0004,
    "components": {
      "empirical_term": 0.23363537859280578,
      "kl_term": 0.32841574825499426,
      "discretization_term": 0.0004
    },
    "Z_hat": 7.951215943578415e-06,
    "underline_Z": 7.156094349220574e-06
  },
  "true_risk": {
    "L_mc": 0.704385536884769,
    "L_mc_std": 0.007636324640378532,
    "R": 10
  },
  "performance": {
    "total_solver_calls": 0,
    "timings": {
      "data_generation": {
        "total": 9.012222290039062e-05,
        "mean": 9.012222290039062e-05,
        "std": 0.0,
        "count": 1
      },
      "mcmc": {
        "total": 0.014522790908813477,
        "mean": 0.014522790908813477,
        "std": 0.0,
        "count": 1
      },
      "certificate": {
        "total": 0.0009260177612304688,
        "mean": 0.0009260177612304688,
        "std": 0.0,
        "count": 1
      }
    },
    "memory_peak_mb": {}
  }
}