{
  "config": {
    "s": 5,
    "sensor_positions": [
      0.15,
      0.3,
      0.5,
      0.7,
      0.85
    ],
    "placement_type": "fixed",
    "sigma": 0.1,
    "n_x": 50,
    "n_t": 25,
    "T": 0.5,
    "lambda": 0.5,
    "c": 1.0,
    "m": 3,
    "seed": 101,
    "delta": 0.05,
    "alpha": 0.001,
    "M": 200,
    "R": 10,
    "n": 125,
    "Delta_x": 0.02,
    "Delta_t": 0.020833333333333332,
    "mcmc_n_steps": 2000,
    "mcmc_n_burn": 500,
    "is_baseline": false
  },
  "reproducibility": {
    "seed": 101,
    "data_hash": "e07155bc7a86e9a537daf9a133e1b486e29630f456ab81bfb0c752c7bdaaf906",
    "experiment_id": "exp_20250916_161524",
    "rng_usage": {
      "data": 1,
      "prior": 1,
      "mcmc": 1
    }
  },
  "dataset": {
    "kappa_star": [
      1.0,
      1.5,
      2.0
    ],
    "sigma": 0.1,
    "n": 125
  },
  "mcmc": {
    "acceptance_rate": 0.029,
    "ess": [
      400,
      400,
      400
    ],
    "converged": false,
    "n_forward_evals": 1500
  },
  "posterior_summary": {
    "mean": [
      0.5788565475006395,
      0.35086247469015197,
      1.2456744748420974
    ],
    "std": [
      0.16894485302356432,
      0.35067763557135856,
      0.11194178046688127
    ],
    "quantiles": {
      "2.5%": [
        0.38243485174940406,
        0.11353383693746474,
        1.1464210594300148
      ],
      "50%": [
        0.5360634286711454,
        0.2171236077591025,
        1.1927841778672834
      ],
      "97.5%": [
        1.0999018451447848,
        1.2424444555931824,
        1.5079875020319118
      ]
    }
  },
  "certificate": {
    "B_lambda": 0.6673663492382769,
    "L_hat": 0.25444568092968584,
    "KL": 25.782541769286944,
    "eta_h": 0.0004,
    "components": {
      "empirical_term": 0.25444568092968584,
      "kl_term": 0.4125206683085911,
      "discretization_term": 0.0004
    },
    "Z_hat": 5.689368566282361e-05,
    "underline_Z": 5.120431709654125e-05
  },
  "true_risk": {
    "L_mc": 0.34425651012371583,
    "L_mc_std": 0.005270709904535181,
    "R": 10
  },
  "performance": {
    "total_solver_calls": 0,
    "timings": {
      "data_generation": {
        "total": 9.298324584960938e-05,
        "mean": 9.298324584960938e-05,
        "std": 0.0,
        "count": 1
      },
      "mcmc": {
        "total": 0.014651060104370117,
        "mean": 0.014651060104370117,
        "std": 0.0,
        "count": 1
      },
      "certificate": {
        "total": 0.0009069442749023438,
        "mean": 0.0009069442749023438,
        "std": 0.0,
        "count": 1
      }
    },
    "memory_peak_mb": {}
  }
}