{
  "config": {
    "s": 5,
    "sensor_positions": [
      0.15,
      0.3,
      0.5,
      0.7,
      0.85
    ],
    "placement_type": "fixed",
    "sigma": 0.1,
    "n_x": 50,
    "n_t": 25,
    "T": 0.5,
    "lambda": 0.5,
    "c": 1.0,
    "m": 3,
    "seed": 202,
    "delta": 0.05,
    "alpha": 0.001,
    "M": 200,
    "R": 10,
    "n": 125,
    "Delta_x": 0.02,
    "Delta_t": 0.020833333333333332,
    "mcmc_n_steps": 2000,
    "mcmc_n_burn": 500,
    "is_baseline": false
  },
  "reproducibility": {
    "seed": 202,
    "data_hash": "9e3136dae0ee85cfa67f8cde9521b3e55bb48c86828c63d8ce3bb3d279bf7f38",
    "experiment_id": "exp_20250916_161524",
    "rng_usage": {
      "data": 1,
      "prior": 1,
      "mcmc": 1
    }
  },
  "dataset": {
    "kappa_star": [
      1.0,
      1.5,
      2.0
    ],
    "sigma": 0.1,
    "n": 125
  },
  "mcmc": {
    "acceptance_rate": 0.0055,
    "ess": [
      400,
      400,
      400
    ],
    "converged": false,
    "n_forward_evals": 1500
  },
  "posterior_summary": {
    "mean": [
      0.6791414433214691,
      1.2529126260848902,
      0.9476223338612036
    ],
    "std": [
      0.08016236160334946,
      0.14675863711684692,
      0.03168113863630561
    ],
    "quantiles": {
      "2.5%": [
        0.45265146761506203,
        1.105042134575122,
        0.891283117002192
      ],
      "50%": [
        0.7038711042545223,
        1.1782929949133834,
        0.9583584626736822
      ],
      "97.5%": [
        0.7877035172849902,
        1.4130562998311036,
        0.9897417239842725
      ]
    }
  },
  "certificate": {
    "B_lambda": 0.5772433074735737,
    "L_hat": 0.19043563727977925,
    "KL": 24.15047938711215,
    "eta_h": 0.0004,
    "components": {
      "empirical_term": 0.19043563727977925,
      "kl_term": 0.3864076701937944,
      "discretization_term": 0.0004
    },
    "Z_hat": 5.326098686924403e-06,
    "underline_Z": 4.793488818231962e-06
  },
  "true_risk": {
    "L_mc": 0.47348088183329323,
    "L_mc_std": 0.012277093975138724,
    "R": 10
  },
  "performance": {
    "total_solver_calls": 0,
    "timings": {
      "data_generation": {
        "total": 8.893013000488281e-05,
        "mean": 8.893013000488281e-05,
        "std": 0.0,
        "count": 1
      },
      "mcmc": {
        "total": 0.014784097671508789,
        "mean": 0.014784097671508789,
        "std": 0.0,
        "count": 1
      },
      "certificate": {
        "total": 0.0009720325469970703,
        "mean": 0.0009720325469970703,
        "std": 0.0,
        "count": 1
      }
    },
    "memory_peak_mb": {}
  }
}