{
  "config": {
    "s": 3,
    "sensor_positions": [
      0.25,
      0.5,
      0.75
    ],
    "placement_type": "fixed",
    "sigma": 0.1,
    "n_x": 50,
    "n_t": 25,
    "T": 0.5,
    "lambda": 0.5,
    "c": 1.0,
    "m": 5,
    "seed": 101,
    "delta": 0.05,
    "alpha": 0.001,
    "M": 200,
    "R": 10,
    "n": 75,
    "Delta_x": 0.02,
    "Delta_t": 0.020833333333333332,
    "mcmc_n_steps": 2000,
    "mcmc_n_burn": 500,
    "is_baseline": false
  },
  "reproducibility": {
    "seed": 101,
    "data_hash": "4a78975ce7306b0c8b7dae90101b4d00ffb7120d5cc462cf9e2fa684541b671f",
    "experiment_id": "exp_20250916_161523",
    "rng_usage": {
      "data": 1,
      "prior": 1,
      "mcmc": 1
    }
  },
  "dataset": {
    "kappa_star": [
      0.8,
      1.2,
      1.6,
      2.0,
      2.4
    ],
    "sigma": 0.1,
    "n": 75
  },
  "mcmc": {
    "acceptance_rate": 0.0215,
    "ess": [
      400,
      400,
      400,
      400,
      400
    ],
    "converged": false,
    "n_forward_evals": 1500
  },
  "posterior_summary": {
    "mean": [
      0.7717798166885538,
      0.9299825316731348,
      1.3624361637827023,
      1.171527409143816,
      0.6982748103224882
    ],
    "std": [
      0.1591839397895324,
      0.08828529909816576,
      0.11040151924661966,
      0.08075968605957001,
      0.17165803706579727
    ],
    "quantiles": {
      "2.5%": [
        0.44642762298735716,
        0.8183715636339114,
        1.235371507313467,
        1.067810523191346,
        0.49609708185104173
      ],
      "50%": [
        0.7355626175465538,
        0.9450551024313639,
        1.3684666396660816,
        1.1979960704187396,
        0.6243202686866763
      ],
      "97.5%": [
        1.1404114632412765,
        1.124550934564141,
        1.6497138368196367,
        1.3186097782383308,
        1.0314737696626364
      ]
    }
  },
  "certificate": {
    "B_lambda": 1.0128753414882317,
    "L_hat": 0.2967111412956203,
    "KL": 26.841157507222924,
    "eta_h": 0.0004,
    "components": {
      "empirical_term": 0.2967111412956203,
      "kl_term": 0.7157642001926113,
      "discretization_term": 0.0004
    },
    "Z_hat": 1.66357093565195e-07,
    "underline_Z": 1.497213842086755e-07
  },
  "true_risk": {
    "L_mc": 0.6078066119198071,
    "L_mc_std": 0.01431549838626122,
    "R": 10
  },
  "performance": {
    "total_solver_calls": 0,
    "timings": {
      "data_generation": {
        "total": 8.702278137207031e-05,
        "mean": 8.702278137207031e-05,
        "std": 0.0,
        "count": 1
      },
      "mcmc": {
        "total": 0.014629125595092773,
        "mean": 0.014629125595092773,
        "std": 0.0,
        "count": 1
      },
      "certificate": {
        "total": 0.0008640289306640625,
        "mean": 0.0008640289306640625,
        "std": 0.0,
        "count": 1
      }
    },
    "memory_peak_mb": {}
  }
}