{
  "config": {
    "s": 3,
    "sensor_positions": [
      0.25,
      0.5,
      0.75
    ],
    "placement_type": "fixed",
    "sigma": 0.1,
    "n_x": 50,
    "n_t": 25,
    "T": 0.5,
    "lambda": 1.0,
    "c": 1.0,
    "m": 5,
    "seed": 303,
    "delta": 0.05,
    "alpha": 0.001,
    "M": 200,
    "R": 10,
    "n": 75,
    "Delta_x": 0.02,
    "Delta_t": 0.020833333333333332,
    "mcmc_n_steps": 2000,
    "mcmc_n_burn": 500,
    "is_baseline": false
  },
  "reproducibility": {
    "seed": 303,
    "data_hash": "4632bdcdd9ebf79d33c253457acaaf33718581e691641e74c034aa0bdc3d9faa",
    "experiment_id": "exp_20250916_161523",
    "rng_usage": {
      "data": 1,
      "prior": 1,
      "mcmc": 1
    }
  },
  "dataset": {
    "kappa_star": [
      0.8,
      1.2,
      1.6,
      2.0,
      2.4
    ],
    "sigma": 0.1,
    "n": 75
  },
  "mcmc": {
    "acceptance_rate": 0.0075,
    "ess": [
      400,
      400,
      400,
      400,
      400
    ],
    "converged": false,
    "n_forward_evals": 1500
  },
  "posterior_summary": {
    "mean": [
      0.8777393530963348,
      0.8740066607772378,
      1.4490497801935471,
      1.0134510009159865,
      1.3091969588354666
    ],
    "std": [
      0.07081276080766655,
      0.013360062783695304,
      0.029179490558890034,
      0.10194521378986741,
      0.03055564192396743
    ],
    "quantiles": {
      "2.5%": [
        0.6765458275303775,
        0.826201759902454,
        1.3423858390991619,
        0.9647987112382134,
        1.1935961036179044
      ],
      "50%": [
        0.916546593553449,
        0.8792156732964752,
        1.4615338628756671,
        0.9647987112382134,
        1.3241267850813148
      ],
      "97.5%": [
        0.916546593553449,
        0.8998770186137296,
        1.4850449523417242,
        1.354877601156054,
        1.3241267850813148
      ]
    }
  },
  "certificate": {
    "B_lambda": 0.6397639349389133,
    "L_hat": 0.16617629460318692,
    "KL": 35.48907302517948,
    "eta_h": 0.0004,
    "components": {
      "empirical_term": 0.16617629460318692,
      "kl_term": 0.4731876403357264,
      "discretization_term": 0.0004
    },
    "Z_hat": 6.879824826995543e-11,
    "underline_Z": 1e-10
  },
  "true_risk": {
    "L_mc": 0.7754379974631054,
    "L_mc_std": 0.02621874445704404,
    "R": 10
  },
  "performance": {
    "total_solver_calls": 0,
    "timings": {
      "data_generation": {
        "total": 9.489059448242188e-05,
        "mean": 9.489059448242188e-05,
        "std": 0.0,
        "count": 1
      },
      "mcmc": {
        "total": 0.01634502410888672,
        "mean": 0.01634502410888672,
        "std": 0.0,
        "count": 1
      },
      "certificate": {
        "total": 0.0009386539459228516,
        "mean": 0.0009386539459228516,
        "std": 0.0,
        "count": 1
      }
    },
    "memory_peak_mb": {}
  }
}