{
  "config": {
    "s": 3,
    "sensor_positions": [
      0.25,
      0.5,
      0.75
    ],
    "placement_type": "fixed",
    "sigma": 0.1,
    "n_x": 50,
    "n_t": 25,
    "T": 0.5,
    "lambda": 0.5,
    "c": 1.0,
    "m": 5,
    "seed": 202,
    "delta": 0.05,
    "alpha": 0.001,
    "M": 200,
    "R": 10,
    "n": 75,
    "Delta_x": 0.02,
    "Delta_t": 0.020833333333333332,
    "mcmc_n_steps": 2000,
    "mcmc_n_burn": 500,
    "is_baseline": false
  },
  "reproducibility": {
    "seed": 202,
    "data_hash": "3970d6f61a4d26900082a41737e5ac786730d5ef2e125882d622178f537cdfe3",
    "experiment_id": "exp_20250916_161523",
    "rng_usage": {
      "data": 1,
      "prior": 1,
      "mcmc": 1
    }
  },
  "dataset": {
    "kappa_star": [
      0.8,
      1.2,
      1.6,
      2.0,
      2.4
    ],
    "sigma": 0.1,
    "n": 75
  },
  "mcmc": {
    "acceptance_rate": 0.022,
    "ess": [
      400,
      400,
      400,
      400,
      400
    ],
    "converged": false,
    "n_forward_evals": 1500
  },
  "posterior_summary": {
    "mean": [
      1.9759289230094454,
      0.5713973102265295,
      1.6550318443152985,
      1.1630032328561146,
      1.2290401346578659
    ],
    "std": [
      0.13336095738848683,
      0.11304438511322186,
      0.14221124527915782,
      0.05565592145245651,
      0.10962504445674674
    ],
    "quantiles": {
      "2.5%": [
        1.6408341542105025,
        0.41232670285815515,
        1.1169908219098919,
        1.0058508184393742,
        0.8440428617876281
      ],
      "50%": [
        2.043027990401597,
        0.5559175057656617,
        1.709356503111824,
        1.1695641844066607,
        1.2605276234341123
      ],
      "97.5%": [
        2.070751894117266,
        0.8857072403842863,
        1.7924996250345022,
        1.2609786363745445,
        1.335571585153442
      ]
    }
  },
  "certificate": {
    "B_lambda": 0.6239553493880693,
    "L_hat": 0.23569198638504743,
    "KL": 14.544876112613323,
    "eta_h": 0.0004,
    "components": {
      "empirical_term": 0.23569198638504743,
      "kl_term": 0.38786336300302193,
      "discretization_term": 0.0004
    },
    "Z_hat": 0.0036939234969028943,
    "underline_Z": 0.003324531147212605
  },
  "true_risk": {
    "L_mc": 3.9339078580290616,
    "L_mc_std": 0.04612093655160213,
    "R": 10
  },
  "performance": {
    "total_solver_calls": 0,
    "timings": {
      "data_generation": {
        "total": 0.00010180473327636719,
        "mean": 0.00010180473327636719,
        "std": 0.0,
        "count": 1
      },
      "mcmc": {
        "total": 0.015336990356445312,
        "mean": 0.015336990356445312,
        "std": 0.0,
        "count": 1
      },
      "certificate": {
        "total": 0.0009169578552246094,
        "mean": 0.0009169578552246094,
        "std": 0.0,
        "count": 1
      }
    },
    "memory_peak_mb": {}
  }
}