{
  "config": {
    "s": 5,
    "sensor_positions": [
      0.15,
      0.3,
      0.5,
      0.7,
      0.85
    ],
    "placement_type": "fixed",
    "sigma": 0.1,
    "n_x": 100,
    "n_t": 50,
    "T": 0.5,
    "lambda": 1.0,
    "c": 1.0,
    "m": 3,
    "seed": 101,
    "delta": 0.05,
    "alpha": 0.001,
    "M": 200,
    "R": 10,
    "n": 250,
    "Delta_x": 0.01,
    "Delta_t": 0.01020408163265306,
    "mcmc_n_steps": 2000,
    "mcmc_n_burn": 500,
    "is_baseline": false
  },
  "reproducibility": {
    "seed": 101,
    "data_hash": "6cc493502b49a1e0da54e1e37dd8e2e4566f06c9594f1906a200ec16094b6ef1",
    "experiment_id": "exp_20250916_161526",
    "rng_usage": {
      "data": 1,
      "prior": 1,
      "mcmc": 1
    }
  },
  "dataset": {
    "kappa_star": [
      1.0,
      1.5,
      2.0
    ],
    "sigma": 0.1,
    "n": 250
  },
  "mcmc": {
    "acceptance_rate": 0.0055,
    "ess": [
      400,
      400,
      400
    ],
    "converged": false,
    "n_forward_evals": 1500
  },
  "posterior_summary": {
    "mean": [
      0.9427482184218071,
      0.7579424475918417,
      1.0767116414269735
    ],
    "std": [
      0.07056997556438308,
      0.14536893647630503,
      0.020709136068471926
    ],
    "quantiles": {
      "2.5%": [
        0.8327909996130232,
        0.6465121351851585,
        1.0445713834125332
      ],
      "50%": [
        0.9864195765347645,
        0.6465121351851585,
        1.0909345018498018
      ],
      "97.5%": [
        0.9968596466975289,
        0.9723416616296189,
        1.0909345018498018
      ]
    }
  },
  "certificate": {
    "B_lambda": 0.4965396763263801,
    "L_hat": 0.22885290849041656,
    "KL": 66.89669195899089,
    "eta_h": 0.0001,
    "components": {
      "empirical_term": 0.22885290849041656,
      "kl_term": 0.2675867678359635,
      "discretization_term": 0.0001
    },
    "Z_hat": 6.922805760966864e-05,
    "underline_Z": 6.230525184870179e-05
  },
  "true_risk": {
    "L_mc": 0.8909938031759278,
    "L_mc_std": 0.00784674809235811,
    "R": 10
  },
  "performance": {
    "total_solver_calls": 0,
    "timings": {
      "data_generation": {
        "total": 8.606910705566406e-05,
        "mean": 8.606910705566406e-05,
        "std": 0.0,
        "count": 1
      },
      "mcmc": {
        "total": 0.014760971069335938,
        "mean": 0.014760971069335938,
        "std": 0.0,
        "count": 1
      },
      "certificate": {
        "total": 0.0008740425109863281,
        "mean": 0.0008740425109863281,
        "std": 0.0,
        "count": 1
      }
    },
    "memory_peak_mb": {}
  }
}