{
  "config": {
    "s": 3,
    "sensor_positions": [
      0.25,
      0.5,
      0.75
    ],
    "placement_type": "fixed",
    "sigma": 0.1,
    "n_x": 50,
    "n_t": 25,
    "T": 0.5,
    "lambda": 1.0,
    "c": 1.0,
    "m": 5,
    "seed": 101,
    "delta": 0.05,
    "alpha": 0.001,
    "M": 200,
    "R": 10,
    "n": 75,
    "Delta_x": 0.02,
    "Delta_t": 0.020833333333333332,
    "mcmc_n_steps": 2000,
    "mcmc_n_burn": 500,
    "is_baseline": false
  },
  "reproducibility": {
    "seed": 101,
    "data_hash": "4a78975ce7306b0c8b7dae90101b4d00ffb7120d5cc462cf9e2fa684541b671f",
    "experiment_id": "exp_20250916_161523",
    "rng_usage": {
      "data": 1,
      "prior": 1,
      "mcmc": 1
    }
  },
  "dataset": {
    "kappa_star": [
      0.8,
      1.2,
      1.6,
      2.0,
      2.4
    ],
    "sigma": 0.1,
    "n": 75
  },
  "mcmc": {
    "acceptance_rate": 0.0055,
    "ess": [
      400,
      400,
      400,
      400,
      400
    ],
    "converged": false,
    "n_forward_evals": 1500
  },
  "posterior_summary": {
    "mean": [
      0.9534009435455226,
      0.8911083924253778,
      1.3733447411507362,
      1.3917695476102379,
      0.8200982640207708
    ],
    "std": [
      2.142730437526552e-14,
      1.6986412276764895e-14,
      2.0872192862952943e-14,
      1.3322676295501878e-15,
      5.10702591327572e-15
    ],
    "quantiles": {
      "2.5%": [
        0.9534009435455012,
        0.8911083924253608,
        1.373344741150757,
        1.3917695476102365,
        0.8200982640207657
      ],
      "50%": [
        0.9534009435455012,
        0.8911083924253608,
        1.373344741150757,
        1.3917695476102365,
        0.8200982640207657
      ],
      "97.5%": [
        0.9534009435455012,
        0.8911083924253608,
        1.373344741150757,
        1.3917695476102365,
        0.8200982640207657
      ]
    }
  },
  "certificate": {
    "B_lambda": 0.6277325577077537,
    "L_hat": 0.20178622887892989,
    "KL": 31.915974662161794,
    "eta_h": 0.0004,
    "components": {
      "empirical_term": 0.20178622887892989,
      "kl_term": 0.4255463288288239,
      "discretization_term": 0.0004
    },
    "Z_hat": 5.720371571693336e-08,
    "underline_Z": 5.148334414524002e-08
  },
  "true_risk": {
    "L_mc": 0.9214089472944533,
    "L_mc_std": 0.01743481169040469,
    "R": 10
  },
  "performance": {
    "total_solver_calls": 0,
    "timings": {
      "data_generation": {
        "total": 9.226799011230469e-05,
        "mean": 9.226799011230469e-05,
        "std": 0.0,
        "count": 1
      },
      "mcmc": {
        "total": 0.01557016372680664,
        "mean": 0.01557016372680664,
        "std": 0.0,
        "count": 1
      },
      "certificate": {
        "total": 0.0009131431579589844,
        "mean": 0.0009131431579589844,
        "std": 0.0,
        "count": 1
      }
    },
    "memory_peak_mb": {}
  }
}