{
  "config": {
    "s": 5,
    "sensor_positions": [
      0.15,
      0.3,
      0.5,
      0.7,
      0.85
    ],
    "placement_type": "fixed",
    "sigma": 0.1,
    "n_x": 50,
    "n_t": 25,
    "T": 0.5,
    "lambda": 2.0,
    "c": 1.0,
    "m": 5,
    "seed": 101,
    "delta": 0.05,
    "alpha": 0.001,
    "M": 200,
    "R": 10,
    "n": 125,
    "Delta_x": 0.02,
    "Delta_t": 0.020833333333333332,
    "mcmc_n_steps": 2000,
    "mcmc_n_burn": 500,
    "is_baseline": false
  },
  "reproducibility": {
    "seed": 101,
    "data_hash": "e07155bc7a86e9a537daf9a133e1b486e29630f456ab81bfb0c752c7bdaaf906",
    "experiment_id": "exp_20250916_161525",
    "rng_usage": {
      "data": 1,
      "prior": 1,
      "mcmc": 1
    }
  },
  "dataset": {
    "kappa_star": [
      0.8,
      1.2,
      1.6,
      2.0,
      2.4
    ],
    "sigma": 0.1,
    "n": 125
  },
  "mcmc": {
    "acceptance_rate": 0.0035,
    "ess": [
      400,
      400,
      400,
      400,
      400
    ],
    "converged": false,
    "n_forward_evals": 1500
  },
  "posterior_summary": {
    "mean": [
      0.9538159240954319,
      0.7899894905751866,
      1.369036301987534,
      1.2253453289583673,
      0.9795462061313127
    ],
    "std": [
      2.0761170560490427e-14,
      1.8207657603852567e-14,
      4.440892098500626e-16,
      3.8413716652030416e-14,
      1.865174681370263e-14
    ],
    "quantiles": {
      "2.5%": [
        0.9538159240954527,
        0.7899894905752048,
        1.3690363019875345,
        1.225345328958329,
        0.9795462061312941
      ],
      "50%": [
        0.9538159240954527,
        0.7899894905752048,
        1.3690363019875345,
        1.225345328958329,
        0.9795462061312941
      ],
      "97.5%": [
        0.9538159240954527,
        0.7899894905752048,
        1.3690363019875345,
        1.225345328958329,
        0.9795462061312941
      ]
    }
  },
  "certificate": {
    "B_lambda": 0.49260663680536604,
    "L_hat": 0.2000516165428021,
    "KL": 73.03875506564098,
    "eta_h": 0.0004,
    "components": {
      "empirical_term": 0.2000516165428021,
      "kl_term": 0.29215502026256396,
      "discretization_term": 0.0004
    },
    "Z_hat": 5.870537932669489e-26,
    "underline_Z": 1e-10
  },
  "true_risk": {
    "L_mc": 0.9178251993636287,
    "L_mc_std": 0.008747603014744778,
    "R": 10
  },
  "performance": {
    "total_solver_calls": 0,
    "timings": {
      "data_generation": {
        "total": 0.00011229515075683594,
        "mean": 0.00011229515075683594,
        "std": 0.0,
        "count": 1
      },
      "mcmc": {
        "total": 0.014825105667114258,
        "mean": 0.014825105667114258,
        "std": 0.0,
        "count": 1
      },
      "certificate": {
        "total": 0.0009198188781738281,
        "mean": 0.0009198188781738281,
        "std": 0.0,
        "count": 1
      }
    },
    "memory_peak_mb": {}
  }
}