{
  "config": {
    "s": 5,
    "sensor_positions": [
      0.15,
      0.3,
      0.5,
      0.7,
      0.85
    ],
    "placement_type": "fixed",
    "sigma": 0.1,
    "n_x": 50,
    "n_t": 25,
    "T": 0.5,
    "lambda": 1.0,
    "c": 1.0,
    "m": 3,
    "seed": 303,
    "delta": 0.05,
    "alpha": 0.001,
    "M": 200,
    "R": 10,
    "n": 125,
    "Delta_x": 0.02,
    "Delta_t": 0.020833333333333332,
    "mcmc_n_steps": 2000,
    "mcmc_n_burn": 500,
    "is_baseline": false
  },
  "reproducibility": {
    "seed": 303,
    "data_hash": "ff85352d71b798680b2c0dfd46e0b9883a738b367cf0d17b0a72ef2a28cbb773",
    "experiment_id": "exp_20250916_161525",
    "rng_usage": {
      "data": 1,
      "prior": 1,
      "mcmc": 1
    }
  },
  "dataset": {
    "kappa_star": [
      1.0,
      1.5,
      2.0
    ],
    "sigma": 0.1,
    "n": 125
  },
  "mcmc": {
    "acceptance_rate": 0.004,
    "ess": [
      400,
      400,
      400
    ],
    "converged": false,
    "n_forward_evals": 1500
  },
  "posterior_summary": {
    "mean": [
      1.053775300308425,
      0.8203635821873404,
      0.9607348380610766
    ],
    "std": [
      0.030308988180445966,
      0.08690770713123973,
      0.0327694564160739
    ],
    "quantiles": {
      "2.5%": [
        1.0108174763917082,
        0.7287010416461452,
        0.9185563811480395
      ],
      "50%": [
        1.067469381085462,
        0.8975095933600492,
        0.9545702923492235
      ],
      "97.5%": [
        1.077890069165126,
        0.9108191450584608,
        0.9926544627158824
      ]
    }
  },
  "certificate": {
    "B_lambda": 0.6006625362587155,
    "L_hat": 0.2155650030678536,
    "KL": 48.08719164885774,
    "eta_h": 0.0004,
    "components": {
      "empirical_term": 0.2155650030678536,
      "kl_term": 0.3846975331908619,
      "discretization_term": 0.0004
    },
    "Z_hat": 7.312938526693546e-10,
    "underline_Z": 6.581644674024192e-10
  },
  "true_risk": {
    "L_mc": 1.1165984286127122,
    "L_mc_std": 0.023612349520100714,
    "R": 10
  },
  "performance": {
    "total_solver_calls": 0,
    "timings": {
      "data_generation": {
        "total": 9.870529174804688e-05,
        "mean": 9.870529174804688e-05,
        "std": 0.0,
        "count": 1
      },
      "mcmc": {
        "total": 0.01506805419921875,
        "mean": 0.01506805419921875,
        "std": 0.0,
        "count": 1
      },
      "certificate": {
        "total": 0.0009529590606689453,
        "mean": 0.0009529590606689453,
        "std": 0.0,
        "count": 1
      }
    },
    "memory_peak_mb": {}
  }
}