{
  "config": {
    "s": 5,
    "sensor_positions": [
      0.15,
      0.3,
      0.5,
      0.7,
      0.85
    ],
    "placement_type": "fixed",
    "sigma": 0.1,
    "n_x": 50,
    "n_t": 25,
    "T": 0.5,
    "lambda": 2.0,
    "c": 1.0,
    "m": 3,
    "seed": 202,
    "delta": 0.05,
    "alpha": 0.001,
    "M": 200,
    "R": 10,
    "n": 125,
    "Delta_x": 0.02,
    "Delta_t": 0.020833333333333332,
    "mcmc_n_steps": 2000,
    "mcmc_n_burn": 500,
    "is_baseline": false
  },
  "reproducibility": {
    "seed": 202,
    "data_hash": "9e3136dae0ee85cfa67f8cde9521b3e55bb48c86828c63d8ce3bb3d279bf7f38",
    "experiment_id": "exp_20250916_161525",
    "rng_usage": {
      "data": 1,
      "prior": 1,
      "mcmc": 1
    }
  },
  "dataset": {
    "kappa_star": [
      1.0,
      1.5,
      2.0
    ],
    "sigma": 0.1,
    "n": 125
  },
  "mcmc": {
    "acceptance_rate": 0.003,
    "ess": [
      400,
      400,
      400
    ],
    "converged": false,
    "n_forward_evals": 1500
  },
  "posterior_summary": {
    "mean": [
      0.8706615378716311,
      1.047411384476913,
      0.9455877978869208
    ],
    "std": [
      0.09418765886582173,
      0.003703906125310753,
      0.036293672764797655
    ],
    "quantiles": {
      "2.5%": [
        0.7460343248653231,
        1.0420555333140817,
        0.9264338721274776
      ],
      "50%": [
        0.8266355219060442,
        1.0458455969758702,
        0.92813683454215
      ],
      "97.5%": [
        0.9836933885365929,
        1.0515165527500092,
        1.017411837130477
      ]
    }
  },
  "certificate": {
    "B_lambda": 0.44234729227528846,
    "L_hat": 0.1749219442777633,
    "KL": 66.75633699938129,
    "eta_h": 0.0004,
    "components": {
      "empirical_term": 0.1749219442777633,
      "kl_term": 0.26702534799752514,
      "discretization_term": 0.0004
    },
    "Z_hat": 3.8353722275631775e-27,
    "underline_Z": 1e-10
  },
  "true_risk": {
    "L_mc": 0.7710132491337959,
    "L_mc_std": 0.01582982415558412,
    "R": 10
  },
  "performance": {
    "total_solver_calls": 0,
    "timings": {
      "data_generation": {
        "total": 9.489059448242188e-05,
        "mean": 9.489059448242188e-05,
        "std": 0.0,
        "count": 1
      },
      "mcmc": {
        "total": 0.014581918716430664,
        "mean": 0.014581918716430664,
        "std": 0.0,
        "count": 1
      },
      "certificate": {
        "total": 0.0008902549743652344,
        "mean": 0.0008902549743652344,
        "std": 0.0,
        "count": 1
      }
    },
    "memory_peak_mb": {}
  }
}