{
  "config": {
    "s": 3,
    "sensor_positions": [
      0.25,
      0.5,
      0.75
    ],
    "placement_type": "fixed",
    "sigma": 0.1,
    "n_x": 50,
    "n_t": 25,
    "T": 0.5,
    "lambda": 0.5,
    "c": 1.0,
    "m": 5,
    "seed": 303,
    "delta": 0.05,
    "alpha": 0.001,
    "M": 200,
    "R": 10,
    "n": 75,
    "Delta_x": 0.02,
    "Delta_t": 0.020833333333333332,
    "mcmc_n_steps": 2000,
    "mcmc_n_burn": 500,
    "is_baseline": false
  },
  "reproducibility": {
    "seed": 303,
    "data_hash": "4632bdcdd9ebf79d33c253457acaaf33718581e691641e74c034aa0bdc3d9faa",
    "experiment_id": "exp_20250916_161523",
    "rng_usage": {
      "data": 1,
      "prior": 1,
      "mcmc": 1
    }
  },
  "dataset": {
    "kappa_star": [
      0.8,
      1.2,
      1.6,
      2.0,
      2.4
    ],
    "sigma": 0.1,
    "n": 75
  },
  "mcmc": {
    "acceptance_rate": 0.022,
    "ess": [
      400,
      400,
      400,
      400,
      400
    ],
    "converged": false,
    "n_forward_evals": 1500
  },
  "posterior_summary": {
    "mean": [
      0.5954674337781245,
      1.0522016549713542,
      1.5633521333061429,
      2.0052301110926494,
      1.6648651976671762
    ],
    "std": [
      0.08507603632360011,
      0.032630505834617976,
      0.06926184565278701,
      0.08714522132190437,
      0.04328745105487765
    ],
    "quantiles": {
      "2.5%": [
        0.3736556298590594,
        0.9109842737495869,
        1.3349794847401995,
        1.9630688768256717,
        1.5389602606788615
      ],
      "50%": [
        0.6136563958821308,
        1.0604706191272304,
        1.5936270725131996,
        1.9630688768256717,
        1.669490942142272
      ],
      "97.5%": [
        0.8271780578451434,
        1.1024482923202341,
        1.5936270725131996,
        2.2952163091846747,
        1.780966197271026
      ]
    }
  },
  "certificate": {
    "B_lambda": 0.6625670366189443,
    "L_hat": 0.15260805837871672,
    "KL": 19.10846168400854,
    "eta_h": 0.0004,
    "components": {
      "empirical_term": 0.15260805837871672,
      "kl_term": 0.5095589782402277,
      "discretization_term": 0.0004
    },
    "Z_hat": 1.7078095403508953e-06,
    "underline_Z": 1.5370285863158059e-06
  },
  "true_risk": {
    "L_mc": 0.3612056913705971,
    "L_mc_std": 0.01779361518567278,
    "R": 10
  },
  "performance": {
    "total_solver_calls": 0,
    "timings": {
      "data_generation": {
        "total": 9.584426879882812e-05,
        "mean": 9.584426879882812e-05,
        "std": 0.0,
        "count": 1
      },
      "mcmc": {
        "total": 0.015290021896362305,
        "mean": 0.015290021896362305,
        "std": 0.0,
        "count": 1
      },
      "certificate": {
        "total": 0.0009837150573730469,
        "mean": 0.0009837150573730469,
        "std": 0.0,
        "count": 1
      }
    },
    "memory_peak_mb": {}
  }
}