{
  "config": {
    "s": 5,
    "sensor_positions": [
      0.15,
      0.3,
      0.5,
      0.7,
      0.85
    ],
    "placement_type": "fixed",
    "sigma": 0.1,
    "n_x": 50,
    "n_t": 25,
    "T": 0.5,
    "lambda": 2.0,
    "c": 1.0,
    "m": 3,
    "seed": 101,
    "delta": 0.05,
    "alpha": 0.001,
    "M": 200,
    "R": 10,
    "n": 125,
    "Delta_x": 0.02,
    "Delta_t": 0.020833333333333332,
    "mcmc_n_steps": 2000,
    "mcmc_n_burn": 500,
    "is_baseline": false
  },
  "reproducibility": {
    "seed": 101,
    "data_hash": "e07155bc7a86e9a537daf9a133e1b486e29630f456ab81bfb0c752c7bdaaf906",
    "experiment_id": "exp_20250916_161525",
    "rng_usage": {
      "data": 1,
      "prior": 1,
      "mcmc": 1
    }
  },
  "dataset": {
    "kappa_star": [
      1.0,
      1.5,
      2.0
    ],
    "sigma": 0.1,
    "n": 125
  },
  "mcmc": {
    "acceptance_rate": 0.0055,
    "ess": [
      400,
      400,
      400
    ],
    "converged": false,
    "n_forward_evals": 1500
  },
  "posterior_summary": {
    "mean": [
      0.9427482184218071,
      0.7579424475918417,
      1.0767116414269735
    ],
    "std": [
      0.07056997556438308,
      0.14536893647630503,
      0.020709136068471926
    ],
    "quantiles": {
      "2.5%": [
        0.8327909996130232,
        0.6465121351851585,
        1.0445713834125332
      ],
      "50%": [
        0.9864195765347645,
        0.6465121351851585,
        1.0909345018498018
      ],
      "97.5%": [
        0.9968596466975289,
        0.9723416616296189,
        1.0909345018498018
      ]
    }
  },
  "certificate": {
    "B_lambda": 0.5502092207005949,
    "L_hat": 0.22885290849041656,
    "KL": 80.2390780525446,
    "eta_h": 0.0004,
    "components": {
      "empirical_term": 0.22885290849041656,
      "kl_term": 0.3209563122101784,
      "discretization_term": 0.0004
    },
    "Z_hat": 7.996447183196724e-21,
    "underline_Z": 1e-10
  },
  "true_risk": {
    "L_mc": 0.896867680937296,
    "L_mc_std": 0.00864467852627962,
    "R": 10
  },
  "performance": {
    "total_solver_calls": 0,
    "timings": {
      "data_generation": {
        "total": 8.678436279296875e-05,
        "mean": 8.678436279296875e-05,
        "std": 0.0,
        "count": 1
      },
      "mcmc": {
        "total": 0.014777183532714844,
        "mean": 0.014777183532714844,
        "std": 0.0,
        "count": 1
      },
      "certificate": {
        "total": 0.0009150505065917969,
        "mean": 0.0009150505065917969,
        "std": 0.0,
        "count": 1
      }
    },
    "memory_peak_mb": {}
  }
}