{
  "config": {
    "s": 3,
    "sensor_positions": [
      0.25,
      0.5,
      0.75
    ],
    "placement_type": "fixed",
    "sigma": 0.1,
    "n_x": 50,
    "n_t": 25,
    "T": 0.5,
    "lambda": 2.0,
    "c": 1.0,
    "m": 3,
    "seed": 101,
    "delta": 0.05,
    "alpha": 0.001,
    "M": 200,
    "R": 10,
    "n": 75,
    "Delta_x": 0.02,
    "Delta_t": 0.020833333333333332,
    "mcmc_n_steps": 2000,
    "mcmc_n_burn": 500,
    "is_baseline": false
  },
  "reproducibility": {
    "seed": 101,
    "data_hash": "4a78975ce7306b0c8b7dae90101b4d00ffb7120d5cc462cf9e2fa684541b671f",
    "experiment_id": "exp_20250916_161523",
    "rng_usage": {
      "data": 1,
      "prior": 1,
      "mcmc": 1
    }
  },
  "dataset": {
    "kappa_star": [
      1.0,
      1.5,
      2.0
    ],
    "sigma": 0.1,
    "n": 75
  },
  "mcmc": {
    "acceptance_rate": 0.0055,
    "ess": [
      400,
      400,
      400
    ],
    "converged": false,
    "n_forward_evals": 1500
  },
  "posterior_summary": {
    "mean": [
      0.9427482184218071,
      0.7579424475918417,
      1.0767116414269735
    ],
    "std": [
      0.07056997556438308,
      0.14536893647630503,
      0.020709136068471926
    ],
    "quantiles": {
      "2.5%": [
        0.8327909996130232,
        0.6465121351851585,
        1.0445713834125332
      ],
      "50%": [
        0.9864195765347645,
        0.6465121351851585,
        1.0909345018498018
      ],
      "97.5%": [
        0.9968596466975289,
        0.9723416616296189,
        1.0909345018498018
      ]
    }
  },
  "certificate": {
    "B_lambda": 0.5566187626888873,
    "L_hat": 0.22885290849041656,
    "KL": 49.10487812977062,
    "eta_h": 0.0004,
    "components": {
      "empirical_term": 0.22885290849041656,
      "kl_term": 0.3273658541984708,
      "discretization_term": 0.0004
    },
    "Z_hat": 4.2482804896974286e-07,
    "underline_Z": 3.823452440727686e-07
  },
  "true_risk": {
    "L_mc": 0.9011937754402751,
    "L_mc_std": 0.017251792056461848,
    "R": 10
  },
  "performance": {
    "total_solver_calls": 0,
    "timings": {
      "data_generation": {
        "total": 9.512901306152344e-05,
        "mean": 9.512901306152344e-05,
        "std": 0.0,
        "count": 1
      },
      "mcmc": {
        "total": 0.014923810958862305,
        "mean": 0.014923810958862305,
        "std": 0.0,
        "count": 1
      },
      "certificate": {
        "total": 0.0008780956268310547,
        "mean": 0.0008780956268310547,
        "std": 0.0,
        "count": 1
      }
    },
    "memory_peak_mb": {}
  }
}