{
  "config": {
    "s": 3,
    "sensor_positions": [
      0.25,
      0.5,
      0.75
    ],
    "placement_type": "fixed",
    "sigma": 0.1,
    "n_x": 50,
    "n_t": 25,
    "T": 0.5,
    "lambda": 1.0,
    "c": 1.0,
    "m": 3,
    "seed": 101,
    "delta": 0.05,
    "alpha": 0.001,
    "M": 200,
    "R": 10,
    "n": 75,
    "Delta_x": 0.02,
    "Delta_t": 0.020833333333333332,
    "mcmc_n_steps": 2000,
    "mcmc_n_burn": 500,
    "is_baseline": false
  },
  "reproducibility": {
    "seed": 101,
    "data_hash": "4a78975ce7306b0c8b7dae90101b4d00ffb7120d5cc462cf9e2fa684541b671f",
    "experiment_id": "exp_20250916_161523",
    "rng_usage": {
      "data": 1,
      "prior": 1,
      "mcmc": 1
    }
  },
  "dataset": {
    "kappa_star": [
      1.0,
      1.5,
      2.0
    ],
    "sigma": 0.1,
    "n": 75
  },
  "mcmc": {
    "acceptance_rate": 0.0185,
    "ess": [
      400,
      400,
      400
    ],
    "converged": false,
    "n_forward_evals": 1500
  },
  "posterior_summary": {
    "mean": [
      0.41984955128317264,
      0.04955076931597225,
      1.5493869719545321
    ],
    "std": [
      0.09362730950494032,
      0.31809178813100975,
      0.04729957798764441
    ],
    "quantiles": {
      "2.5%": [
        0.2614704627260316,
        -0.15321734800569445,
        1.5041114644250395
      ],
      "50%": [
        0.41509903964777295,
        -0.15321734800569445,
        1.550474582862308
      ],
      "97.5%": [
        0.6908031098766233,
        0.8836127480827463,
        1.705219395511905
      ]
    }
  },
  "certificate": {
    "B_lambda": 0.6316055191590397,
    "L_hat": 0.2510410027678136,
    "KL": 28.512338729341963,
    "eta_h": 0.0004,
    "components": {
      "empirical_term": 0.2510410027678136,
      "kl_term": 0.38016451639122617,
      "discretization_term": 0.0004
    },
    "Z_hat": 6.917278824727193e-05,
    "underline_Z": 6.225550942254474e-05
  },
  "true_risk": {
    "L_mc": 0.18790705606643066,
    "L_mc_std": 0.008284220450392272,
    "R": 10
  },
  "performance": {
    "total_solver_calls": 0,
    "timings": {
      "data_generation": {
        "total": 0.000102996826171875,
        "mean": 0.000102996826171875,
        "std": 0.0,
        "count": 1
      },
      "mcmc": {
        "total": 0.014694929122924805,
        "mean": 0.014694929122924805,
        "std": 0.0,
        "count": 1
      },
      "certificate": {
        "total": 0.0008697509765625,
        "mean": 0.0008697509765625,
        "std": 0.0,
        "count": 1
      }
    },
    "memory_peak_mb": {}
  }
}