{
  "experiment_id": "s3_sigma0.05_nx100_T0.3_lam0.5_m3_seed303",
  "config": {
    "s": 3,
    "sensor_positions": [
      0.25,
      0.5,
      0.75
    ],
    "placement_type": "fixed",
    "sigma": 0.05,
    "n_x": 100,
    "T": 0.3,
    "lambda": 0.5,
    "c": 1.0,
    "m": 3,
    "n_t": 100,
    "seed": 303,
    "delta": 0.05,
    "alpha": 0.001,
    "M": 2000,
    "R": 100,
    "n": 300,
    "Delta_x": 0.01,
    "Delta_t": 0.0030303030303030303,
    "mcmc_n_steps": 10000,
    "mcmc_n_burn": 2000,
    "is_baseline": false
  },
  "status": "success",
  "dataset": {
    "kappa_star": [
      3.12551948199565,
      1.4836227496566199,
      2.427779995862962
    ],
    "n_observations": 300
  },
  "mcmc": {
    "acceptance_rate": 0.51395,
    "ess_min": 577.7151873114377,
    "ess_mean": 641.170806614127,
    "ess_per_coord": [
      702.6157183121035,
      577.7151873114377,
      643.1815142188399
    ],
    "n_chunks": 2,
    "total_steps": 10000,
    "converged": true,
    "efficiency": 0.05777151873114377,
    "n_forward_evals": 10000
  },
  "certificate": {
    "L_hat": 1407.6668651002249,
    "KL": 0.0,
    "eta_h": 5e-05,
    "delta_term": 0.01997154849035994,
    "B_lambda": 1407.6868866487152,
    "components": {
      "empirical_term": 1407.6668651002249,
      "kl_term": 0.0,
      "discretization_term": 5e-05,
      "confidence_term": 0.01997154849035994
    },
    "valid": true
  },
  "posterior_summary": {
    "mean": [
      3.2608874851923586,
      3.1892952345598875,
      2.651410953533733
    ],
    "std": [
      0.019901792050414684,
      0.014093170198912621,
      0.019277920039025575
    ]
  },
  "performance": {
    "runtime": 61.5149610042572,
    "test_log_posterior": -11693.646774340663
  }
}