{
  "experiment_id": "s3_sigma0.05_nx100_T0.3_lam0.5_m3_seed202",
  "config": {
    "s": 3,
    "sensor_positions": [
      0.25,
      0.5,
      0.75
    ],
    "placement_type": "fixed",
    "sigma": 0.05,
    "n_x": 100,
    "T": 0.3,
    "lambda": 0.5,
    "c": 1.0,
    "m": 3,
    "n_t": 100,
    "seed": 202,
    "delta": 0.05,
    "alpha": 0.001,
    "M": 2000,
    "R": 100,
    "n": 300,
    "Delta_x": 0.01,
    "Delta_t": 0.0030303030303030303,
    "mcmc_n_steps": 10000,
    "mcmc_n_burn": 2000,
    "is_baseline": false
  },
  "status": "success",
  "dataset": {
    "kappa_star": [
      1.2847216299636934,
      1.4241900884838463,
      3.920764034845088
    ],
    "n_observations": 300
  },
  "mcmc": {
    "acceptance_rate": 0.5298499999999999,
    "ess_min": 565.8493485273359,
    "ess_mean": 648.0921364964787,
    "ess_per_coord": [
      637.2947963704441,
      565.8493485273359,
      741.1322645916562
    ],
    "n_chunks": 2,
    "total_steps": 10000,
    "converged": true,
    "efficiency": 0.05658493485273359,
    "n_forward_evals": 10000
  },
  "certificate": {
    "L_hat": 744.6467409559665,
    "KL": 0.0,
    "eta_h": 5e-05,
    "delta_term": 0.01997154849035994,
    "B_lambda": 744.6667625044569,
    "components": {
      "empirical_term": 744.6467409559665,
      "kl_term": 0.0,
      "discretization_term": 5e-05,
      "confidence_term": 0.01997154849035994
    },
    "valid": true
  },
  "posterior_summary": {
    "mean": [
      1.591054201406815,
      2.9619071541291775,
      3.918894890267772
    ],
    "std": [
      0.015237787005803175,
      0.013122023482635936,
      0.023163894553133148
    ]
  },
  "performance": {
    "runtime": 57.929526805877686,
    "test_log_posterior": -9792.968434375805
  }
}